post_uri,text,created_at,indexed_at,collected_at,author_handle,author_did,like_count,repost_count,reply_count,quote_count,permalink,query_term
at://did:plc:65ed5c73pwt2adi42gikcufc/app.bsky.feed.post/5uu4gb2n5ohtw,Apple iPhone 17 de 256GB8GB Ram,2026-09-21T19:47:10-03:00,2026-09-21T22:47:11.558Z,2026-09-22T16:43:30Z,promobit-promo.bsky.social,did:plc:65ed5c73pwt2adi42gikcufc,0,0,0,0,https://bsky.app/profile/promobit-promo.bsky.social/post/5uu4gb2n5ohtw,Apple iPhone
at://did:plc:u5z5pkxbqlvzxwtgggrxv3uw/app.bsky.feed.post/3mw2nqm6uf327,Bought an iPhone 2 years ago? Don’t forget to claim your piece of Apple’s settlement,2026-09-21T21:28:08.283Z,2026-09-21T21:28:08.560Z,2026-09-22T16:43:30Z,androidauthority.com,did:plc:u5z5pkxbqlvzxwtgggrxv3uw,1,0,0,0,https://bsky.app/profile/androidauthority.com/post/3mw2nqm6uf327,Apple iPhone
at://did:plc:2zrav4rcsqjxswz6yxo45uiw/app.bsky.feed.post/3mw2nu4axbo2a,"Apple’s $1,999 iPhone Duo is its most expensive iPhone yet, but the company is betting customers will pay for a genuinely new form factor. Foldable smartphone revenue rose 16% globally last year, outpacing nonfoldable phones. 

Read more insights: https://thein.fo/4rolOql",2026-09-21T21:30:05.815908708Z,2026-09-21T21:30:06.659Z,2026-09-22T16:43:30Z,theinformation.com,did:plc:2zrav4rcsqjxswz6yxo45uiw,0,0,0,0,https://bsky.app/profile/theinformation.com/post/3mw2nu4axbo2a,Apple iPhone
at://did:plc:gjkyztsuy662gtns7yk3lbc3/app.bsky.feed.post/3mw2o3wdwpu2w,"Upgrade 638: I Stared Directly into the M6 

The new products are here! Jason reviews the M6 Mac mini, and then Jason and Myke both talk about their hands-on experiences with the iPhone 18 Pro and Apple Watch series 12. This is apparently just the beginning of a busy... http://relay.fm/upgrade/638",2026-09-21T21:34:25.692374Z,2026-09-21T21:34:28.563Z,2026-09-22T16:43:30Z,relay.fm,did:plc:gjkyztsuy662gtns7yk3lbc3,0,0,0,0,https://bsky.app/profile/relay.fm/post/3mw2o3wdwpu2w,Apple iPhone
at://did:plc:xdfjmzwdrewelkxj43foispw/app.bsky.feed.post/3mw2o6wal7z2q,iPhone 18 Pro Max battery is capped below 20Wh until activation. We explain why and how Prepare to Ship works.,2026-09-21T21:36:07Z,2026-09-21T21:36:08.865Z,2026-09-22T16:43:30Z,tech-ish.com,did:plc:xdfjmzwdrewelkxj43foispw,0,0,0,0,https://bsky.app/profile/tech-ish.com/post/3mw2o6wal7z2q,Apple iPhone
at://did:plc:hgord3dqwzta3khfmbqcln22/app.bsky.feed.post/3mw2ooydjua2z,"A new episode of Upgrade is out: The new products are here! Jason reviews the M6 Mac mini, and then Jason and Myke both talk about their hands-on experiences with the iPhone 18 Pro and Apple Watch series 12. This is just the beginning of a busy season!

",2026-09-21T21:45:07.584Z,2026-09-21T21:45:07.871Z,2026-09-22T16:43:30Z,snell.zone,did:plc:hgord3dqwzta3khfmbqcln22,5,1,0,0,https://bsky.app/profile/snell.zone/post/3mw2ooydjua2z,Apple iPhone
at://did:plc:uwdvpzbalngqhfmbfjf5eev3/app.bsky.feed.post/3mw2oxv7zkk2n,"＼＼\\\ 新着記事 ///／／

Apple、iPhone Duo専用「Pencil」を発表予定だった　量産前の技術問題で計画変更
www.danshihack.com/2026/09/22/j...",2026-09-21T21:50:06.443Z,2026-09-21T21:50:12.158Z,2026-09-22T16:43:30Z,danshihack.bsky.social,did:plc:uwdvpzbalngqhfmbfjf5eev3,0,0,0,0,https://bsky.app/profile/danshihack.bsky.social/post/3mw2oxv7zkk2n,Apple iPhone
at://did:plc:vv6ueloqxhb334zertn6rnfs/app.bsky.feed.post/3mw2oxxjs5e2y,"Apple iPhone 17e 256 GB Soft Pink, 6.1"", 5G, 256 GB, NFC, IP68
R$ 4.229,10 no PIX
Frete Grátis (consulte o CEP)
Avaliação: ⭐⭐⭐⭐
Loja: Amazon

Menor preço em 90 dias: R$ 4.229,10
Mediana dos preços de 90 dias: R$ 4.299,00",2026-09-21T21:50:08.8087199Z,2026-09-21T21:50:08.961Z,2026-09-22T16:43:30Z,visioneiro.com.br,did:plc:vv6ueloqxhb334zertn6rnfs,0,0,0,0,https://bsky.app/profile/visioneiro.com.br/post/3mw2oxxjs5e2y,Apple iPhone
at://did:plc:h6disr7eqpr3ws2eqsd7rnft/app.bsky.feed.post/3mw2oyoo62k23,"Apple Iphone 16 (256 Gb) - Ultramarino - Distribuidor Autorizado -- Mercado Livre
 
R$ 5.000,26
Compre aqui ⬇️⬇️",2026-09-21T21:50:31.556211+00:00,2026-09-21T21:50:33.462Z,2026-09-22T16:43:30Z,ofertas.bsky.social,did:plc:h6disr7eqpr3ws2eqsd7rnft,0,0,0,0,https://bsky.app/profile/ofertas.bsky.social/post/3mw2oyoo62k23,Apple iPhone
at://did:plc:dwecjm5n7fyljcjk3vi7x5oa/app.bsky.feed.post/3mw2p2ca56a2n,"9to5Google より

Apple didn’t give up on stylus support for iPhone Duo; Samsung’s Galaxy Z Fold should take notes
AppleはiPhone Duoのスタイラスサポートを放棄しませんでした; サムスンのGalaxy Z Foldはメモを取るべきです
",2026-09-21T21:51:26.632755+00:00,2026-09-21T21:51:27.663Z,2026-09-22T16:43:30Z,gigowat.bsky.social,did:plc:dwecjm5n7fyljcjk3vi7x5oa,0,0,0,0,https://bsky.app/profile/gigowat.bsky.social/post/3mw2p2ca56a2n,Apple iPhone
at://did:plc:iwcbeqbnyctohhzcndzie3rc/app.bsky.feed.post/3mw2p62bxls26,"Find My App Glitches on a New iPhone Can Trigger Serious Family Panic

techaeris.com/2026/09/21/f...

Find My location sharing issues on a brand new iPhone can cause unexpected stress, and my recent Apple Support chat revealed how invisible backend migration syncs break family tracking. #technews",2026-09-21T21:53:33.076Z,2026-09-21T21:53:33.657Z,2026-09-22T16:43:30Z,techaeris.com,did:plc:iwcbeqbnyctohhzcndzie3rc,0,0,0,0,https://bsky.app/profile/techaeris.com/post/3mw2p62bxls26,Apple iPhone
at://did:plc:d5p2j2zrhu5j7vw5wpormayc/app.bsky.feed.post/3mw2pbefzgc2a,"Apple'ın yeni Donanım Mühendisliği Başkan Yardımcısı Marieb, ekran koruyucu takılmış bir iPhone gördüğünde rahatsız olduğunu dile getirdi.

TechRadar'a konuşan Apple yöneticisi,""Şahsen birinin iPhone'una ekran koruyucu taktığını gördüğümde tüylerim ürperiyor. Çünkü güzel ön ekranlar geliştirmek için",2026-09-21T21:55:24.356Z,2026-09-21T21:55:30.069Z,2026-09-22T16:43:30Z,gazimustafa-kemal.bsky.social,did:plc:d5p2j2zrhu5j7vw5wpormayc,0,0,0,0,https://bsky.app/profile/gazimustafa-kemal.bsky.social/post/3mw2pbefzgc2a,Apple iPhone
at://did:plc:gcxz3qj7atud5f5jjwmg3tcc/app.bsky.feed.post/3mw2pf2a3gc2i,"Apple isn’t giving up support for the iPhone Duo stylus; Samsung is

Apple's iPhone Duo may not revolutionize Android foldable phones, but it does improve on it in many ways. Included in that list is stylus support on the iPhone Duo, which is more complicated behind the scenes than it initially…",2026-09-21T21:57:26Z,2026-09-21T21:57:28.568Z,2026-09-22T16:43:30Z,nanobytes24.bsky.social,did:plc:gcxz3qj7atud5f5jjwmg3tcc,0,0,0,0,https://bsky.app/profile/nanobytes24.bsky.social/post/3mw2pf2a3gc2i,Apple iPhone
at://did:plc:snpwqhfe7ii5c75tudnzpddc/app.bsky.feed.post/3mw2pfanqgy2x,"Apple isn’t giving up support for the iPhone Duo stylus; Samsung is

Apple's iPhone Duo may not revolutionize Android foldable phones, but it does improve on it in many ways. Included in that list is stylus support on the iPhone Duo, which is more complicated behind the scenes than it initially…",2026-09-21T21:57:32Z,2026-09-21T21:57:35.557Z,2026-09-22T16:43:30Z,techbreak.bsky.social,did:plc:snpwqhfe7ii5c75tudnzpddc,0,0,0,0,https://bsky.app/profile/techbreak.bsky.social/post/3mw2pfanqgy2x,Apple iPhone
at://did:plc:4w7jzkpdswrg7tf4azxu3gsc/app.bsky.feed.post/3mw2pgirt4a2n,"Signal or noise? > Apple didn’t give up on stylus support for iPhone Duo;
Samsung’s Galaxy Z Fold should take notes >> Comment below! #AI #mhealth #industry40 #IoT #healthtech",2026-09-21T21:58:16Z,2026-09-21T21:58:17.664Z,2026-09-22T16:43:30Z,drtimos.bsky.social,did:plc:4w7jzkpdswrg7tf4azxu3gsc,0,0,0,0,https://bsky.app/profile/drtimos.bsky.social/post/3mw2pgirt4a2n,Apple iPhone
at://did:plc:n3xg3j7lqslngdzjb2trmcpz/app.bsky.feed.post/3mw2plcn7uv2z,"https://developer.apple.com/design/human-interface-guidelines/designing-for-iphone-duo

I can’t link direct, but see “Adapt your layout when the device folds.”  

I’m guessing it is basically impossible to touch near the crease easy when folding, hence this design structure?",2026-09-21T22:00:57Z,2026-09-21T22:00:58.860Z,2026-09-22T16:43:30Z,cameronbanga.com,did:plc:n3xg3j7lqslngdzjb2trmcpz,1,0,1,0,https://bsky.app/profile/cameronbanga.com/post/3mw2plcn7uv2z,Apple iPhone
at://did:plc:bgakgsp7rz6ioyaqbvd7p7ew/app.bsky.feed.post/3mw2pszkqn22l,iOS 27.2 beta 2 reveals new details about unnanounced iPhone anti-snatching feature,2026-09-21T22:05:16Z,2026-09-21T22:05:17.159Z,2026-09-22T16:43:30Z,9to5mac.com,did:plc:bgakgsp7rz6ioyaqbvd7p7ew,6,1,0,0,https://bsky.app/profile/9to5mac.com/post/3mw2pszkqn22l,Apple iPhone
at://did:plc:dls2f7yfz2dfh34syo6cintb/app.bsky.feed.post/3mw2q4wfxgs2g,"📱 Apple тестує iPhone 20 Pro з екраном 6,41"" та iPhone 20 Pro Max з 6,96"" — більше, ніж у iPhone 18 Pro (6,27""/6,86""). Прототипи мають вигнутий по краях дисплей і менший виріз під Dynamic Island. #Apple #iPhone20Pro #технології 

👉 t.me/dplse/1129",2026-09-21T22:10:49.194Z,2026-09-21T22:10:51.564Z,2026-09-22T16:43:30Z,digitalpullse.bsky.social,did:plc:dls2f7yfz2dfh34syo6cintb,1,0,0,0,https://bsky.app/profile/digitalpullse.bsky.social/post/3mw2q4wfxgs2g,Apple iPhone
at://did:plc:xppt5x3qkxiikhbunendgcj5/app.bsky.feed.post/3mw2qbz6vodo2,"I was impressed with iPhone 17 Pro to 18 Pro as it successfully updated springboard correctly with all my apps but then I realized it used to have gaps for lol the internal Apple apps that obviously don’t come from App Store so were skipped.

That said it was pretty fast (using Wi-Fi - was […]",2026-09-21T22:13:31.000Z,2026-09-21T22:13:44.566Z,2026-09-22T16:43:30Z,mattcraig.mastodon.social.ap.brid.gy,did:plc:xppt5x3qkxiikhbunendgcj5,0,0,0,0,https://bsky.app/profile/mattcraig.mastodon.social.ap.brid.gy/post/3mw2qbz6vodo2,Apple iPhone
at://did:plc:qewh2yezt7wj5yoztbraopzw/app.bsky.feed.post/3mw2qeth36q22,"Bought an iPhone 2 years ago? Don’t forget to claim your piece of Apple’s settlement
Article",2026-09-21T22:15:14.519482+00:00,2026-09-21T22:15:15.858Z,2026-09-22T16:43:30Z,starfallrealm.com,did:plc:qewh2yezt7wj5yoztbraopzw,0,0,0,0,https://bsky.app/profile/starfallrealm.com/post/3mw2qeth36q22,Apple iPhone
at://did:plc:nxmjxl2wiyat43p3gikkt37w/app.bsky.feed.post/3mw2r2zqizw26,Apple is testing an iPhone security feature designed to recognize snatch-and-grab theft and lock the device before the thief can exploit it.,2026-09-21T22:27:38+00:00,2026-09-21T22:27:39.863Z,2026-09-22T16:43:30Z,appleinsider.com,did:plc:nxmjxl2wiyat43p3gikkt37w,15,0,0,1,https://bsky.app/profile/appleinsider.com/post/3mw2r2zqizw26,Apple iPhone
at://did:plc:dwecjm5n7fyljcjk3vi7x5oa/app.bsky.feed.post/3mw2rbfap2w2j,"9to5Mac より

iPhone 18 Pro Max’s battery is so big Apple had to add this new feature to iOS 27
iPhone 18 Pro Maxのバッテリーは、AppleがiOS 27にこの新しい機能を追加する必要がありました
",2026-09-21T22:31:12.222687+00:00,2026-09-21T22:31:12.863Z,2026-09-22T16:43:30Z,gigowat.bsky.social,did:plc:dwecjm5n7fyljcjk3vi7x5oa,0,0,0,0,https://bsky.app/profile/gigowat.bsky.social/post/3mw2rbfap2w2j,Apple iPhone
at://did:plc:agcqudpf7hamxornkiw7ij4s/app.bsky.feed.post/3mw2ruqvfps2z,Apple $250M iPhone settlement claims now open — eligible users could get $25 per device,2026-09-21T22:42:01.414Z,2026-09-21T22:42:03.258Z,2026-09-22T16:43:30Z,chicagoconnected.bsky.social,did:plc:agcqudpf7hamxornkiw7ij4s,0,0,0,0,https://bsky.app/profile/chicagoconnected.bsky.social/post/3mw2ruqvfps2z,Apple iPhone
at://did:plc:klelekgf6ka2eljdifg3r6rm/app.bsky.feed.post/3mw2rwlhcok2d,"my iPhone can’t launch Apple Music Hits via Siri since updating to iOS 27. invariably launches Purchase Music within Apple Music instead, whether invoked in the car or via AirPods  

shall erase and restore and hope this is a one-off fluke",2026-09-21T22:43:03.864Z,2026-09-21T22:43:04.659Z,2026-09-22T16:43:30Z,shikataganai.bsky.social,did:plc:klelekgf6ka2eljdifg3r6rm,1,0,1,0,https://bsky.app/profile/shikataganai.bsky.social/post/3mw2rwlhcok2d,Apple iPhone
at://did:plc:wu5loguf7uszgxnowhmcq532/app.bsky.feed.post/3mw2s27iprs2l,Just walked passed an Apple Store with a long ass line it for the new iPhone. I didn’t know that was still a thing?,2026-09-21T22:45:05.544Z,2026-09-21T22:45:05.871Z,2026-09-22T16:43:30Z,halloimgreg.bsky.social,did:plc:wu5loguf7uszgxnowhmcq532,11,0,0,1,https://bsky.app/profile/halloimgreg.bsky.social/post/3mw2s27iprs2l,Apple iPhone
at://did:plc:lt5rhwyfaxxx5rwquq7zawbr/app.bsky.feed.post/3mw2so3h7pn2i,"Dig deeper:
iPhone 18 Pro – Apple
iPhone 18 Pro Specs – Apple",2026-09-21T22:56:12.2801605Z,2026-09-21T22:56:12.557Z,2026-09-22T16:43:30Z,ltt-tracker-bot.bsky.social,did:plc:lt5rhwyfaxxx5rwquq7zawbr,0,0,0,0,https://bsky.app/profile/ltt-tracker-bot.bsky.social/post/3mw2so3h7pn2i,Apple iPhone
at://did:plc:cqjrpijdov3kpnnbvhuijuu7/app.bsky.feed.post/3mw2sqiqzpk2j,is Apple going to email this to everyone with an iPhone,2026-09-21T22:57:33.450Z,2026-09-21T22:57:33.861Z,2026-09-22T16:43:30Z,fivepoundbag.bsky.social,did:plc:cqjrpijdov3kpnnbvhuijuu7,3,0,0,0,https://bsky.app/profile/fivepoundbag.bsky.social/post/3mw2sqiqzpk2j,Apple iPhone
at://did:plc:hmtbe2a5xzwqxhqtfgyfmcwa/app.bsky.feed.post/3mw2t3262yb2o,"Apple iPhone 11, 64GB, Black - Unlocked (Renewed) → now $169.50, 5% off
https://www.amazon.com/dp/B07ZPKN6YR?tag=birdxdeal-20 #apple #iphone",2026-09-21T23:03:26Z,2026-09-21T23:03:27.469Z,2026-09-22T16:43:30Z,birdxdealss.bsky.social,did:plc:hmtbe2a5xzwqxhqtfgyfmcwa,0,0,0,0,https://bsky.app/profile/birdxdealss.bsky.social/post/3mw2t3262yb2o,Apple iPhone
at://did:plc:i4dsxssilbnhadkiatskjmgy/app.bsky.feed.post/3mw2taugtpk2l,"It's September 21st, and First of Autumn Special Event has begun. The leaves fall on the lower slopes, and every Pebble you earn pays double through Wednesday, Sep 23. One More Push, out now on iPhone.

apps.apple.com/app/apple-st...

#indiegame #FirstOfAutumn",2026-09-21T23:06:42.575Z,2026-09-21T23:06:44.170Z,2026-09-22T16:43:30Z,orefishllc.bsky.social,did:plc:i4dsxssilbnhadkiatskjmgy,5,4,0,0,https://bsky.app/profile/orefishllc.bsky.social/post/3mw2taugtpk2l,Apple iPhone
at://did:plc:3rcx5d6v3fumeyhqnqlqtxet/app.bsky.feed.post/3mw2tawlwnk2p,"Next month, Apple will open pre-orders for iPhone Duo, the first folding iPhone since the iPhone 6! 
en.wikipedia.org/wiki/IPhone_...",2026-09-21T23:06:44.839Z,2026-09-21T23:06:45.860Z,2026-09-22T16:43:30Z,maxleibman.bsky.social,did:plc:3rcx5d6v3fumeyhqnqlqtxet,0,0,0,0,https://bsky.app/profile/maxleibman.bsky.social/post/3mw2tawlwnk2p,Apple iPhone
at://did:plc:ritv6l6udmzeuwbit4omuq4x/app.bsky.feed.post/3mw2tltizjr2h,"Apple CEO John Ternus Talks iPhone Duo Design, Siri AI, and Becoming CEO",2026-09-21T23:12:50Z,2026-09-21T23:12:51.162Z,2026-09-22T16:43:30Z,macrumors.bsky.social,did:plc:ritv6l6udmzeuwbit4omuq4x,12,0,0,0,https://bsky.app/profile/macrumors.bsky.social/post/3mw2tltizjr2h,Apple iPhone
at://did:plc:6ufy2dvibkifj7sootpk3pmf/app.bsky.feed.post/3mw2u7mnjs22p,"❄️ The iPhone 18 Pro Max in Glacier is HERE! 📱 Quick unboxing + a look at what's in the box.

But if you're buying a case, WATCH 5:48 FIRST! 🚨 There's something you need to know before spending your money.

Full video on YouTube! youtu.be/xZJSXbA3klA?...

#iPhone18ProMax #Apple #BobbyGsCorner",2026-09-21T23:23:54.592Z,2026-09-21T23:23:56.763Z,2026-09-22T16:43:30Z,bobbygscorner.bsky.social,did:plc:6ufy2dvibkifj7sootpk3pmf,0,0,0,0,https://bsky.app/profile/bobbygscorner.bsky.social/post/3mw2u7mnjs22p,Apple iPhone
at://did:plc:xufkpss2nqyftgyfwehq6o3s/app.bsky.feed.post/3mw2ublm7v42k,"🚨 BREAKING: Apple shares have gained approximately 23.6% in 2026. Using next year's projected EPS of $9.59, Apple trades at 35.06 times earnings.

https://www.thestreet.com/investing/stocks/apple-stock-jim-cramer-iphone-duo",2026-09-21T23:25:00.546Z,2026-09-21T23:25:00.770Z,2026-09-22T16:43:30Z,mgmarkets.bsky.social,did:plc:xufkpss2nqyftgyfwehq6o3s,0,0,0,0,https://bsky.app/profile/mgmarkets.bsky.social/post/3mw2ublm7v42k,Apple iPhone
at://did:plc:enzomtwe6v5mm6ntypsd5vbg/app.bsky.feed.post/3mw2uceutik2s,"「iPhone 20 Pro」「iPhone 20 Pro Max」のディスプレイサイズがリーク - こぼねみ 
www.kobonemi.com/entry/2026/0...
 #iPhone20 #iPhone20Pro #iPhone20ProMax #iPhone2027 #Apple #新型iPhone20 #新型iPhone",2026-09-21T23:25:27.106Z,2026-09-21T23:25:30.160Z,2026-09-22T16:43:30Z,kobonemi.bsky.social,did:plc:enzomtwe6v5mm6ntypsd5vbg,0,0,0,0,https://bsky.app/profile/kobonemi.bsky.social/post/3mw2uceutik2s,Apple iPhone
at://did:plc:vvgmswdud2nbxob3r64vdtcn/app.bsky.feed.post/3mw2ughhr3c2k,"iOS27.2 beta2アップデート来ました。

#iphone #Apple",2026-09-21T23:27:44.039Z,2026-09-21T23:27:47.456Z,2026-09-22T16:43:30Z,menhealer-namapo.bsky.social,did:plc:vvgmswdud2nbxob3r64vdtcn,0,0,0,0,https://bsky.app/profile/menhealer-namapo.bsky.social/post/3mw2ughhr3c2k,Apple iPhone
at://did:plc:neh7y5s6j3jccwox7qbf4qwd/app.bsky.feed.post/3mw2umtj2gz2y,"Apple's new CEO says nothing needs to replace the iPhone. AI pins keep landing in drawers, so maybe he's right. BlackBerry thought the same about keyboards though. Is Apple's phone-first AI bet smart or too safe?

#Apple #Iphone",2026-09-21T23:31:17.561Z,2026-09-21T23:31:18.764Z,2026-09-22T16:43:30Z,countervox.bsky.social,did:plc:neh7y5s6j3jccwox7qbf4qwd,0,0,1,0,https://bsky.app/profile/countervox.bsky.social/post/3mw2umtj2gz2y,Apple iPhone
at://did:plc:sk44rhbmaca3ltsa4c6v6da2/app.bsky.feed.post/3mw2vfhk6ua2v,Apple settlement could mean a payout for some iPhone owners,2026-09-21T23:45:02.590Z,2026-09-21T23:45:05.366Z,2026-09-22T16:43:30Z,worldnewsguru.bsky.social,did:plc:sk44rhbmaca3ltsa4c6v6da2,0,0,0,0,https://bsky.app/profile/worldnewsguru.bsky.social/post/3mw2vfhk6ua2v,Apple iPhone
at://did:plc:dwecjm5n7fyljcjk3vi7x5oa/app.bsky.feed.post/3mw2vp2uqru2t,"SlashGear より

Why Apple CarPlay Is Draining Your iPhone's Battery
Apple CarPlayがあなたのiPhoneのバッテリーを引く理由
",2026-09-21T23:50:26.089570+00:00,2026-09-21T23:50:27.159Z,2026-09-22T16:43:30Z,gigowat.bsky.social,did:plc:dwecjm5n7fyljcjk3vi7x5oa,0,0,0,0,https://bsky.app/profile/gigowat.bsky.social/post/3mw2vp2uqru2t,Apple iPhone
at://did:plc:hmtbe2a5xzwqxhqtfgyfmcwa/app.bsky.feed.post/3mw2vx7535z2t,"Apple iPhone 16e, 256GB, White, Unlocked → now $459.00, 5% off
https://www.amazon.com/dp/B0F8NSN2LZ?tag=birdxdeal-20 #apple #iphone",2026-09-21T23:54:58Z,2026-09-21T23:54:59.666Z,2026-09-22T16:43:30Z,birdxdealss.bsky.social,did:plc:hmtbe2a5xzwqxhqtfgyfmcwa,0,0,0,0,https://bsky.app/profile/birdxdealss.bsky.social/post/3mw2vx7535z2t,Apple iPhone
at://did:plc:bgakgsp7rz6ioyaqbvd7p7ew/app.bsky.feed.post/3mw2w7hhrh62e,iPhone users running iOS 27 can no longer downgrade to iOS 26,2026-09-21T23:59:36Z,2026-09-21T23:59:36.866Z,2026-09-22T16:43:30Z,9to5mac.com,did:plc:bgakgsp7rz6ioyaqbvd7p7ew,7,1,0,0,https://bsky.app/profile/9to5mac.com/post/3mw2w7hhrh62e,Apple iPhone
at://did:plc:pxqyzwu6oyexgxsagpy4kdfm/app.bsky.feed.post/3mw2w7ngb5k2q,"【Apple製品 × ハードウェア検証】
iPhone 18 Pro Max、長時間の重負荷書き込み時にストレージ速度がHDD未満（1.1 MB/s）に低下する挙動が判明

Tom's Hardwareの最新ベンチマーク調査によると、発売されたばかりの「iPhone 18 Pro Max」において、大容量データや4K ProRes動画の長時間連続転送など激しい書き込みを続けた際、SLCキャッシュの枯渇と発熱抑制（サーマルスロットリング）により、ストレージ書き込み速度がハードディスク（HDD）以下の「1.1 MB/s」まで極端に落ち込む現象が確認されました。",2026-09-21T23:59:42.887Z,2026-09-21T23:59:43.266Z,2026-09-22T16:43:30Z,techbeginnerguide.bsky.social,did:plc:pxqyzwu6oyexgxsagpy4kdfm,0,0,0,0,https://bsky.app/profile/techbeginnerguide.bsky.social/post/3mw2w7ngb5k2q,Apple iPhone
at://did:plc:hmtbe2a5xzwqxhqtfgyfmcwa/app.bsky.feed.post/3mw2wbwh2cr24,"Apple iPhone 13, 128GB, Midnight - Unlocked (Renewed) → now $265.00, 5% off
https://www.amazon.com/dp/B09LNW3CY2?tag=birdxdeal-20 #apple #iphone",2026-09-22T00:00:58Z,2026-09-22T00:00:59.565Z,2026-09-22T16:43:30Z,birdxdealss.bsky.social,did:plc:hmtbe2a5xzwqxhqtfgyfmcwa,0,0,0,0,https://bsky.app/profile/birdxdealss.bsky.social/post/3mw2wbwh2cr24,Apple iPhone
at://did:plc:wzlw5nsbpcebsiccs6iu7ipj/app.bsky.feed.post/3mw2wmnmlal22,"JUST IN: Apple opens claims for its $250 million Siri settlement, with eligible iPhone owners potentially receiving up to $95.",2026-09-22T00:06:59.198611+00:00,2026-09-22T00:06:59.458Z,2026-09-22T16:43:30Z,polymarket.extwitter.link,did:plc:wzlw5nsbpcebsiccs6iu7ipj,0,0,0,0,https://bsky.app/profile/polymarket.extwitter.link/post/3mw2wmnmlal22,Apple iPhone
at://did:plc:eoprkmorvbv6bw4p3hzj3jns/app.bsky.feed.post/3mw2wsajjw22r,"Apple iPhone 16e de 128 GB — Preto

Por apenas R$3.509,10 no Pix
ou R$3.899 em 12x sem juros

Amazon - link.amazon/B0d3q8N6H
Mercado Livre - meli.la/1gCxFrK",2026-09-22T00:10:06.897Z,2026-09-22T00:10:09.462Z,2026-09-22T16:43:30Z,caramelopromo.bsky.social,did:plc:eoprkmorvbv6bw4p3hzj3jns,2,1,0,0,https://bsky.app/profile/caramelopromo.bsky.social/post/3mw2wsajjw22r,Apple iPhone
at://did:plc:jdt6clbwgpn6soov5fqsxtbj/app.bsky.feed.post/3mw2x45boec23,iPhone 18 ProのテレビCM「iPhone 18 Pro、登場」公開。『月に到達したら、次はどこへ向かうのか』 arigato-ipod.com/2026/09/ipho...,2026-09-22T00:15:39.035Z,2026-09-22T00:15:46.382Z,2026-09-22T16:43:30Z,iarigato.bsky.social,did:plc:jdt6clbwgpn6soov5fqsxtbj,0,0,0,0,https://bsky.app/profile/iarigato.bsky.social/post/3mw2x45boec23,Apple iPhone
at://did:plc:7x3skqr64ypmqca7oaiytqmx/app.bsky.feed.post/3mw2xc6oh7w24,"Apple stopped signing iOS 26.6.2. If you are on iOS 27, you cannot downgrade to iOS 26 anymore. The server check for that version now fails.

https://wesearch.press/s/iphone-users-running-ios-27-can-no-longer-downgrade-to-ios-2-d0c99b5d?utm_source=social&utm_medium=auto&utm_campaign=bluesky",2026-09-22T00:19:00.686Z,2026-09-22T00:19:03.972Z,2026-09-22T16:43:30Z,wesearch.press,did:plc:7x3skqr64ypmqca7oaiytqmx,0,0,0,0,https://bsky.app/profile/wesearch.press/post/3mw2xc6oh7w24,Apple iPhone
at://did:plc:hmtbe2a5xzwqxhqtfgyfmcwa/app.bsky.feed.post/3mw2y7wlp7o26,"Apple iPhone SE 2nd Generation, 64GB, White - Unlocked (Renewed) → now $97.97, 5% off
https://www.amazon.com/dp/B088NQSLGN?tag=birdxdeal-20 #apple #iphone",2026-09-22T00:35:39Z,2026-09-22T00:35:40.264Z,2026-09-22T16:43:30Z,birdxdealss.bsky.social,did:plc:hmtbe2a5xzwqxhqtfgyfmcwa,0,0,0,0,https://bsky.app/profile/birdxdealss.bsky.social/post/3mw2y7wlp7o26,Apple iPhone
at://did:plc:hmtbe2a5xzwqxhqtfgyfmcwa/app.bsky.feed.post/3mw2ykkpjet2m,"Apple iPhone 12, 64GB, Purple - Unlocked (Renewed) → now $189.88, 5% off
https://www.amazon.com/dp/B09HP4H4VG?tag=birdxdeal-20 #apple #iphone",2026-09-22T00:41:36Z,2026-09-22T00:41:36.762Z,2026-09-22T16:43:30Z,birdxdealss.bsky.social,did:plc:hmtbe2a5xzwqxhqtfgyfmcwa,0,0,0,0,https://bsky.app/profile/birdxdealss.bsky.social/post/3mw2ykkpjet2m,Apple iPhone
at://did:plc:cgvawmxwjkqhom35yq6lm3hv/app.bsky.feed.post/3mw2yqpvjfj2u,"Did you know? Apple's native iOS #PasswordsApp combines password management & #2FA codes built-in!

Remember to keep iOS and apps updated daily for your iPhone.

🔒 Tech Insights @ rebrand.ly/lookinsyde-S...

Stay safe!

#TechInsight #Apple #CyberSecurity #SSISG",2026-09-22T00:45:03.214Z,2026-09-22T00:45:03.662Z,2026-09-22T16:43:30Z,ssisg.bsky.social,did:plc:cgvawmxwjkqhom35yq6lm3hv,0,0,0,0,https://bsky.app/profile/ssisg.bsky.social/post/3mw2yqpvjfj2u,Apple iPhone
at://did:plc:hmtbe2a5xzwqxhqtfgyfmcwa/app.bsky.feed.post/3mw2yv7spxj2t,"Apple iPhone 13 Mini, 128GB, Pink - Unlocked (Renewed) → now $224.99, 5% off
https://www.amazon.com/dp/B09LKF2RPP?tag=birdxdeal-20 #apple #iphone",2026-09-22T00:47:33Z,2026-09-22T00:47:34.460Z,2026-09-22T16:43:30Z,birdxdealss.bsky.social,did:plc:hmtbe2a5xzwqxhqtfgyfmcwa,0,0,0,0,https://bsky.app/profile/birdxdealss.bsky.social/post/3mw2yv7spxj2t,Apple iPhone
at://did:plc:hmtbe2a5xzwqxhqtfgyfmcwa/app.bsky.feed.post/3mw2z77ovld2t,"Apple iPhone 14 Pro, 512GB, Deep Purple - Unlocked (Renewed) → now $509.46, 5% off
https://www.amazon.com/dp/B0BN9P8PQD?tag=birdxdeal-20 #apple #iphone",2026-09-22T00:53:08Z,2026-09-22T00:53:09.962Z,2026-09-22T16:43:30Z,birdxdealss.bsky.social,did:plc:hmtbe2a5xzwqxhqtfgyfmcwa,0,0,0,0,https://bsky.app/profile/birdxdealss.bsky.social/post/3mw2z77ovld2t,Apple iPhone
at://did:plc:hmtbe2a5xzwqxhqtfgyfmcwa/app.bsky.feed.post/3mw2zhlcoeb2z,"Apple iPhone 17 Pro, US Version, 1TB, eSIM, Deep Blue for T-Mobile… → now $1,369.97, 5% off
https://www.amazon.com/dp/B0G452TPF3?tag=birdxdeal-20 #apple #iphone",2026-09-22T00:57:49Z,2026-09-22T00:57:50.858Z,2026-09-22T16:43:30Z,birdxdealss.bsky.social,did:plc:hmtbe2a5xzwqxhqtfgyfmcwa,0,0,0,0,https://bsky.app/profile/birdxdealss.bsky.social/post/3mw2zhlcoeb2z,Apple iPhone
at://did:plc:sap3rllabzsr3feookvxlobw/app.bsky.feed.post/3mw2zmrzsgu2r,"‏📱 جان ترنس، مدیرعامل اپل، در مصاحبه‌ای از چالش‌های مهندسی iPhone Duo گفت. او تأکید کرد که طراحی تاشوی اپل با هدف ارائه تجربه‌ای مشابه iPad انجام شده و Siri AI قرار نیست جایگزین روابط انسانی شود.
‏
‏‎ #Apple #iPhoneDuo",2026-09-22T01:00:44.818Z,2026-09-22T01:00:45.264Z,2026-09-22T16:43:30Z,saeediphone.bsky.social,did:plc:sap3rllabzsr3feookvxlobw,0,0,0,0,https://bsky.app/profile/saeediphone.bsky.social/post/3mw2zmrzsgu2r,Apple iPhone
at://did:plc:hmtbe2a5xzwqxhqtfgyfmcwa/app.bsky.feed.post/3mw2zoe2edw24,"Apple iPhone 16 Plus, US Version, 512GB, Pink for Cricket (Renewed… → now $819.97, 5% off
https://www.amazon.com/dp/B0DWDGX5TB?tag=birdxdeal-20 #apple #iphone",2026-09-22T01:01:36Z,2026-09-22T01:01:37.858Z,2026-09-22T16:43:30Z,birdxdealss.bsky.social,did:plc:hmtbe2a5xzwqxhqtfgyfmcwa,0,0,0,0,https://bsky.app/profile/birdxdealss.bsky.social/post/3mw2zoe2edw24,Apple iPhone
at://did:plc:dwecjm5n7fyljcjk3vi7x5oa/app.bsky.feed.post/3mw2zucwkcj2u,"MacRumors より

Apple CEO John Ternus Talks iPhone Duo Design, Siri AI, and Becoming CEO
Apple CEO ジョン・テルヌスがiPhone Duo Design、Siri AI、そしてCEOになるについて語る
",2026-09-22T01:04:57.240572+00:00,2026-09-22T01:04:58.260Z,2026-09-22T16:43:30Z,gigowat.bsky.social,did:plc:dwecjm5n7fyljcjk3vi7x5oa,0,0,0,0,https://bsky.app/profile/gigowat.bsky.social/post/3mw2zucwkcj2u,Apple iPhone
at://did:plc:oqeomi7e4wwflntgpswgcjzs/app.bsky.feed.post/3mw3277h43c2n,"Apple iPhone 17 Pro 256 GB – 1139,00 €
https://www.amazon.de/dp/B0FQG8MFKP/?tag=buypilot21-21
#apple #iphone #shopping",2026-09-22T01:11:03.112Z,2026-09-22T01:11:03.477Z,2026-09-22T16:43:30Z,buypilot.bsky.social,did:plc:oqeomi7e4wwflntgpswgcjzs,0,0,0,0,https://bsky.app/profile/buypilot.bsky.social/post/3mw3277h43c2n,Apple iPhone
at://did:plc:x4ogjsrxf75khpne4zt7fsuf/app.bsky.feed.post/3mw32gex57s2t,Are iPhone 17 Pro Cases Compatible With iPhone 18 Pro? Here’s What Apple Says,2026-09-22T01:15:02.593Z,2026-09-22T01:15:04.265Z,2026-09-22T16:43:30Z,betteridgeslaw.bsky.social,did:plc:x4ogjsrxf75khpne4zt7fsuf,0,0,0,0,https://bsky.app/profile/betteridgeslaw.bsky.social/post/3mw32gex57s2t,Apple iPhone
at://did:plc:ps45ygfiqgebi2mz5me3oz36/app.bsky.feed.post/3mw32jdgf2r2t,"Apple CEO John Ternus just broke down the foldable iPhone Duo 📱 and its 7.6-inch inner screen. He also confirmed Siri AI isn't built to be your friend.

Keeping AI strictly as a utility instead of an emotional companion is a calculated way to dodge PR disasters.",2026-09-22T01:16:42.077Z,2026-09-22T01:16:43.759Z,2026-09-22T16:43:30Z,zubiqo.bsky.social,did:plc:ps45ygfiqgebi2mz5me3oz36,0,0,0,0,https://bsky.app/profile/zubiqo.bsky.social/post/3mw32jdgf2r2t,Apple iPhone
at://did:plc:45xwgi2ikaqmqgarsrqmcrbq/app.bsky.feed.post/3mw32o7lov62r,Bought An iPhone 15 Pro Or 16? Apple Could Be Sending You Up To $95 Per Device,2026-09-22T01:19:26Z,2026-09-22T01:19:27.464Z,2026-09-22T16:43:30Z,balleralert.com,did:plc:45xwgi2ikaqmqgarsrqmcrbq,2,0,0,0,https://bsky.app/profile/balleralert.com/post/3mw32o7lov62r,Apple iPhone
at://did:plc:2oeda5t4c33umy262xnjvrie/app.bsky.feed.post/3mw33cgfkcs2m,"🍰 エリタージュ
☕️ ホットチョコレート
🏬 エリタージュ（大阪市）
📷 Apple iPhone SE3
　
至福のひと時
　
#photography #fotografía 
#monochrome #blackandwhite 
@bskyphotos.bsky.social",2026-09-22T01:30:44.883Z,2026-09-22T01:30:49.158Z,2026-09-22T16:43:30Z,n-teru.bsky.social,did:plc:2oeda5t4c33umy262xnjvrie,14,3,0,0,https://bsky.app/profile/n-teru.bsky.social/post/3mw33cgfkcs2m,Apple iPhone
at://did:plc:4gd5thywh4hjtwlesyft3bwe/app.bsky.feed.post/3mw33u3xf6c2y,"🟣 Que les Parece el Color Borgoña? 💜

💟 #iPhone18Pro Apple #Apple #iPhone 📱",2026-09-22T01:40:37.925Z,2026-09-22T01:40:44.759Z,2026-09-22T16:43:30Z,edgarben10.bsky.social,did:plc:4gd5thywh4hjtwlesyft3bwe,1,0,0,0,https://bsky.app/profile/edgarben10.bsky.social/post/3mw33u3xf6c2y,Apple iPhone
at://did:plc:nsrm47ykrs3kpy5ji7umev6c/app.bsky.feed.post/3mw34l54grs2u,Apple Starts $250 Million Siri Settlement Claims for US iPhone Users www.waredata.com/apple-starts...,2026-09-22T01:53:30.891Z,2026-09-22T01:52:12.561Z,2026-09-22T16:43:30Z,waredata.bsky.social,did:plc:nsrm47ykrs3kpy5ji7umev6c,1,0,0,0,https://bsky.app/profile/waredata.bsky.social/post/3mw34l54grs2u,Apple iPhone
at://did:plc:be4e2mnx7ol537y4hszsaxaw/app.bsky.feed.post/3mw34qshmw762,"こちらも昨日から話題になってるけど、我が家では不具合らしきものには今のところ遭遇してはいない様子。とはいえ、気になる。アップデートで解消されるといいのだけど。

Apple Watch Series 12とUltra 4、勝手に再起動する不具合が報告 | ゴリミー https://gori.me/apple-watch/watch-news/170475

Apple Watch Series 12/Ultra 4で突然再起動の不具合報告 - iPhone Mania https://iphone-mania.jp/iwatch-606411/

｢Apple Watch Ultra […]",2026-09-22T01:56:38.000Z,2026-09-22T01:56:46.958Z,2026-09-22T16:43:30Z,ririyeye.bookwor.ms.ap.brid.gy,did:plc:be4e2mnx7ol537y4hszsaxaw,0,1,0,0,https://bsky.app/profile/ririyeye.bookwor.ms.ap.brid.gy/post/3mw34qshmw762,Apple iPhone
at://did:plc:dwecjm5n7fyljcjk3vi7x5oa/app.bsky.feed.post/3mw353newzo2u,"9to5Mac より

Apple is taking a little bit of a gamble with iPhone Duo software: Will it pay off?
Apple は、iPhone Duo ソフトウェアでちょっとのギャンブルを取っています: それは報じますか?
",2026-09-22T02:02:44.239014+00:00,2026-09-22T02:02:44.865Z,2026-09-22T16:43:30Z,gigowat.bsky.social,did:plc:dwecjm5n7fyljcjk3vi7x5oa,0,0,0,0,https://bsky.app/profile/gigowat.bsky.social/post/3mw353newzo2u,Apple iPhone
at://did:plc:yobcexnscwcuz6jqnvnvl24i/app.bsky.feed.post/3mw355cosv62y,The app that I've been using to make timelapse photos of me and my kids for 15 years no longer exists and can't be installed on my new iPhone 😕 It still works perfectly fine on my old phone. Everyone wants a subscription for their similar apps. #appstore #iphone #ios #apple,2026-09-22T02:03:40.022Z,2026-09-22T02:03:41.457Z,2026-09-22T16:43:30Z,mschaffer.bsky.social,did:plc:yobcexnscwcuz6jqnvnvl24i,0,0,0,0,https://bsky.app/profile/mschaffer.bsky.social/post/3mw355cosv62y,Apple iPhone
at://did:plc:qt34fdb5di4hsny5wncomxtt/app.bsky.feed.post/3mw356qrnsr2d,"iPhone Duo: Apple missed its chance to do what Samsung couldn’t: A Practical Look

#Reintroduction #iPhone #Smartphones

https://justpaste.in/tech/iphone-duo-apple-missed-its-chance-to-do-what-samsung-couldnt-a-practical-look/",2026-09-22T02:04:28Z,2026-09-22T02:04:29.765Z,2026-09-22T16:43:30Z,techworlddaily.bsky.social,did:plc:qt34fdb5di4hsny5wncomxtt,0,0,0,0,https://bsky.app/profile/techworlddaily.bsky.social/post/3mw356qrnsr2d,Apple iPhone
at://did:plc:meqmwbhzho65fuef7notuzr5/app.bsky.feed.post/3mw362vytbm27,🇨🇮 Quel est le prix du nouvel iPhone 18 pro? [Linfodrome] #Afropages,2026-09-22T02:20:03.000Z,2026-09-22T02:20:14.262Z,2026-09-22T16:43:30Z,afropages.bsky.social,did:plc:meqmwbhzho65fuef7notuzr5,0,0,0,0,https://bsky.app/profile/afropages.bsky.social/post/3mw362vytbm27,Apple iPhone
at://did:plc:ie6cpb6ae6ko4rbao7yreirz/app.bsky.feed.post/3mw362oowgb2z,"The window is now open for people who purchased certain recent iPhone models to begin filing claims to receive their share of the quarter-billion-dollar settlement fund established in the wake of the class-action lawsuit filed against Apple, accusing the tech giant of false advertising.",2026-09-22T02:20:06Z,2026-09-22T02:20:07.556Z,2026-09-22T16:43:30Z,foxla.bsky.social,did:plc:ie6cpb6ae6ko4rbao7yreirz,0,0,0,0,https://bsky.app/profile/foxla.bsky.social/post/3mw362oowgb2z,Apple iPhone
at://did:plc:dwecjm5n7fyljcjk3vi7x5oa/app.bsky.feed.post/3mw36g6fc3n2e,"9to5Mac より

iPhone 18 Pro and Apple Watch Series 12 hands-on review, iOS 27 released
iPhone 18 ProとApple Watch Series 12のハンドオンレビュー、iOS 27がリリースされました
",2026-09-22T02:26:31.375568+00:00,2026-09-22T02:26:32.158Z,2026-09-22T16:43:30Z,gigowat.bsky.social,did:plc:dwecjm5n7fyljcjk3vi7x5oa,0,0,0,0,https://bsky.app/profile/gigowat.bsky.social/post/3mw36g6fc3n2e,Apple iPhone
at://did:plc:dwecjm5n7fyljcjk3vi7x5oa/app.bsky.feed.post/3mw36tvkeaa23,"9to5Mac より

Apple showcases iPhone 18 Pro camera with new ‘What Holds Us’ photography exhibition
Appleは、新しい「私たちを保持する」写真展とiPhone 18 Proカメラを展示
",2026-09-22T02:34:11.821557+00:00,2026-09-22T02:34:12.656Z,2026-09-22T16:43:30Z,gigowat.bsky.social,did:plc:dwecjm5n7fyljcjk3vi7x5oa,0,0,0,0,https://bsky.app/profile/gigowat.bsky.social/post/3mw36tvkeaa23,Apple iPhone
at://did:plc:mhvdm6ujoanyg5lnfvlc24fu/app.bsky.feed.post/3mw376hzron25,iPhone owners included in Apple’s $250 million settlement can begin filing claims,2026-09-22T02:40:06Z,2026-09-22T02:40:08.264Z,2026-09-22T16:43:30Z,fox32chicago.bsky.social,did:plc:mhvdm6ujoanyg5lnfvlc24fu,0,0,0,0,https://bsky.app/profile/fox32chicago.bsky.social/post/3mw376hzron25,Apple iPhone
at://did:plc:gfnye2a24mb7ekvdpy2qx3ye/app.bsky.feed.post/3mw377yz7tk2l,"I wonder how much more money Apple is making from Americans increasing their Mac, iPad and iPhone storage plans for all the great memes we save!!!!",2026-09-22T02:40:58.719Z,2026-09-22T02:40:59.465Z,2026-09-22T16:43:30Z,seasidechic.bsky.social,did:plc:gfnye2a24mb7ekvdpy2qx3ye,1,0,0,0,https://bsky.app/profile/seasidechic.bsky.social/post/3mw377yz7tk2l,Apple iPhone
at://did:plc:fsftz5ue2bvlvkb6zx2bqdnh/app.bsky.feed.post/3mw37djm3ob2b,Remember: We're pretty sure Apple is skipping iPhone 19.,2026-09-22T02:42:56.670137+00:00,2026-09-22T02:42:57.567Z,2026-09-22T16:43:30Z,technology-news.bsky.social,did:plc:fsftz5ue2bvlvkb6zx2bqdnh,1,0,0,0,https://bsky.app/profile/technology-news.bsky.social/post/3mw37djm3ob2b,Apple iPhone
at://did:plc:kz2rkvdoe3pksjl3vidvs4bg/app.bsky.feed.post/3mw37hhlkez2n,"The window is now open for people who purchased certain recent iPhone models to begin filing claims to receive their share of the quarter-billion-dollar settlement fund established in the wake of the class-action lawsuit filed against Apple, accusing the tech giant of false advertising.",2026-09-22T02:45:08Z,2026-09-22T02:45:09.360Z,2026-09-22T16:43:30Z,fox5dc.bsky.social,did:plc:kz2rkvdoe3pksjl3vidvs4bg,1,0,0,0,https://bsky.app/profile/fox5dc.bsky.social/post/3mw37hhlkez2n,Apple iPhone
at://did:plc:7kfk23fqey55vt6cuyahraxn/app.bsky.feed.post/3mw3acbthdc2h,"The window is now open for people who purchased certain recent iPhone models to begin filing claims to receive their share of the quarter-billion-dollar settlement fund established in the wake of the class-action lawsuit filed against Apple, accusing the tech giant of false advertising.",2026-09-22T03:00:08Z,2026-09-22T03:00:09.461Z,2026-09-22T16:43:30Z,fox13seattle.bsky.social,did:plc:7kfk23fqey55vt6cuyahraxn,0,0,0,0,https://bsky.app/profile/fox13seattle.bsky.social/post/3mw3acbthdc2h,Apple iPhone
at://did:plc:vrcsr5hdv3bsi47jqbtjmsxi/app.bsky.feed.post/3mw3ayuaczd2e,"Acer Prime 3 in 1 Charging Station for Apple - Magnetic iPhone Wireless Charging Station, Magsafe Charger Stand for iPhone (Charger & USB-C Included) only $39.98 (Reg $59.99)
https://www.amazon.com/gp/product/B0F1CRLQPN?smid=&th=1&linkCode=ll2&tag=bluesky0d2-20",2026-09-22T03:12:44.981872Z,2026-09-22T03:12:46.857Z,2026-09-22T16:43:30Z,glitchdeals.bsky.social,did:plc:vrcsr5hdv3bsi47jqbtjmsxi,0,0,0,0,https://bsky.app/profile/glitchdeals.bsky.social/post/3mw3ayuaczd2e,Apple iPhone
at://did:plc:jsvjaiqrrit3ozkvyqas6uds/app.bsky.feed.post/3mw3csp3tlp2r,"The window is now open for people who purchased certain recent iPhone models to begin filing claims to receive their share of the quarter-billion-dollar settlement fund established in the wake of the class-action lawsuit filed against Apple, accusing the tech giant of false advertising.",2026-09-22T03:45:07Z,2026-09-22T03:45:08.059Z,2026-09-22T16:43:30Z,fox2detroit.bsky.social,did:plc:jsvjaiqrrit3ozkvyqas6uds,0,0,0,0,https://bsky.app/profile/fox2detroit.bsky.social/post/3mw3csp3tlp2r,Apple iPhone
at://did:plc:7soxm6ggjw5rwiybovutp5tr/app.bsky.feed.post/3mw3d4cj6uz2o,Apple iPhone 18 Pro: Probleme mit Face ID häufen sich,2026-09-22T03:50:28Z,2026-09-22T03:50:29.961Z,2026-09-22T16:43:30Z,mobiflip.de,did:plc:7soxm6ggjw5rwiybovutp5tr,0,0,0,0,https://bsky.app/profile/mobiflip.de/post/3mw3d4cj6uz2o,Apple iPhone
at://did:plc:thgj2ylmicdol6loa6ui7nar/app.bsky.feed.post/3mw3dom6jux2o,【新商品】iPhone 18 Pro対応の強化ガラス保護フィルムや充電アクセサリーなどBelkinより発売: ベルキン株式会社は、iPhone 18 Proシリーズに対応するアクセサリーコレクションを発表しています。保護ケース、強化ガラス保護フィルム、GaN充電器、マグネット式モバイルバッテリー、3-in-1ワイヤレス充電ドック […] #新商品 #AirPods #Amazon #Apple #AppleWatch,2026-09-22T04:00:43Z,2026-09-22T04:00:44.257Z,2026-09-22T16:43:30Z,kcehccom.bsky.social,did:plc:thgj2ylmicdol6loa6ui7nar,0,0,0,0,https://bsky.app/profile/kcehccom.bsky.social/post/3mw3dom6jux2o,Apple iPhone
at://did:plc:4d726pbkwqdkmojkwhyhzsoy/app.bsky.feed.post/3mw3dowu5ph2h,"Die Fotos-App von iPhone, iPad und Mac kann neuerdings Bilder erweitern (Outpainting) und die Perspektive verändern. Das ist ein echtes Dilemma: Einerseits ist das im Alltag enorm praktisch. Andererseits bergen diese KI-Bearbeitungen ein riesiges Betrugs- und Blamage-Potenzial. #clickomaniach",2026-09-22T04:00:52Z,2026-09-22T04:00:55.457Z,2026-09-22T16:43:30Z,handle.invalid,did:plc:4d726pbkwqdkmojkwhyhzsoy,0,0,0,0,https://bsky.app/profile/handle.invalid/post/3mw3dowu5ph2h,Apple iPhone
at://did:plc:kwjrzmhejkkmh7nzh6vyvumn/app.bsky.feed.post/3mw3dqy7ihg2d,"2/ See What Eats Space

Before deleting anything, check the per-app list. Apple puts its own optimization recommendations on the same screen.

Go to: Settings → General → iPhone Storage",2026-09-22T04:02:03.148Z,2026-09-22T04:02:03.360Z,2026-09-22T16:43:30Z,ai-prompts.bsky.social,did:plc:kwjrzmhejkkmh7nzh6vyvumn,0,0,1,0,https://bsky.app/profile/ai-prompts.bsky.social/post/3mw3dqy7ihg2d,Apple iPhone
at://did:plc:474viri76zzrnt26u3kzpocr/app.bsky.feed.post/3mw3eeqcf7r2i,"Apple has started using QLC NAND extensively in the 1TB and 2TB versions of the iPhone 18 Pro series. The problem is simple: compared with TLC, QLC is a storage technology that prioritizes higher density and lower cost. (2/11)",2026-09-22T04:06:57.000Z,2026-09-22T04:13:06.157Z,2026-09-22T16:43:30Z,iceuniverse-x.bsky.social,did:plc:474viri76zzrnt26u3kzpocr,0,0,1,0,https://bsky.app/profile/iceuniverse-x.bsky.social/post/3mw3eeqcf7r2i,Apple iPhone
at://did:plc:dwecjm5n7fyljcjk3vi7x5oa/app.bsky.feed.post/3mw3e6xmnlx2e,"9to5Mac より

Apple Music in iOS 27: Five new features just added for iPhone
Apple Music in iOS 27: iPhoneに新たに追加された5つの新機能
",2026-09-22T04:09:51.909803+00:00,2026-09-22T04:09:52.461Z,2026-09-22T16:43:30Z,gigowat.bsky.social,did:plc:dwecjm5n7fyljcjk3vi7x5oa,0,0,0,0,https://bsky.app/profile/gigowat.bsky.social/post/3mw3e6xmnlx2e,Apple iPhone
at://did:plc:e7uqplbts44gccjyhn4fdvzk/app.bsky.feed.post/3mw3emyoacb2a,Update! IPhone 18 Pro https://kimagurenote.net/kn/IPhone_18_Pro - /* Face ID */ 画面内に埋め込まれたFaceIDカメラに干渉する保護フィルムがあり、メーカーが回収する事態になっている。Face ID が嫌という理由で iPhone SE を使い続けている人も散見されるが、iPhoneも指紋認証を選べるようにしたらいいのにと思う,2026-09-22T04:17:40.000000Z,2026-09-22T04:17:43.961Z,2026-09-22T16:43:30Z,kimagurenote.net,did:plc:e7uqplbts44gccjyhn4fdvzk,0,0,0,0,https://bsky.app/profile/kimagurenote.net/post/3mw3emyoacb2a,Apple iPhone
at://did:plc:dwecjm5n7fyljcjk3vi7x5oa/app.bsky.feed.post/3mw3f5aoulz2t,"9to5Mac より

Here are all of Apple’s official accessories for iPhone 18 Pro, Apple Watch Series 12, more
ここでは、iPhone 18 Pro、Apple Watch Series 12、その他のAppleの公式アクセサリーのすべてです。
",2026-09-22T04:26:47.993968+00:00,2026-09-22T04:26:48.768Z,2026-09-22T16:43:30Z,gigowat.bsky.social,did:plc:dwecjm5n7fyljcjk3vi7x5oa,0,0,0,0,https://bsky.app/profile/gigowat.bsky.social/post/3mw3f5aoulz2t,Apple iPhone
at://did:plc:dwecjm5n7fyljcjk3vi7x5oa/app.bsky.feed.post/3mw3ffpoytj2k,"9to5Mac より

Apple Intelligence now requires almost double the iPhone storage on latest models
アップルインテリジェンスは、最新モデルのiPhoneストレージのほぼ2倍を必要としています
",2026-09-22T04:31:32.231499+00:00,2026-09-22T04:31:32.863Z,2026-09-22T16:43:30Z,gigowat.bsky.social,did:plc:dwecjm5n7fyljcjk3vi7x5oa,0,0,0,0,https://bsky.app/profile/gigowat.bsky.social/post/3mw3ffpoytj2k,Apple iPhone
at://did:plc:hmtbe2a5xzwqxhqtfgyfmcwa/app.bsky.feed.post/3mw3fvy6auj2t,"25W[Apple MFi Certified] Magnetic Wireless Charger iPhone Charger… → now $9.99, 74% off
https://www.amazon.com/dp/B0G46L1NZC?tag=birdxdeal-20 #25wapple #mfi",2026-09-22T04:40:37Z,2026-09-22T04:40:38.561Z,2026-09-22T16:43:30Z,birdxdealss.bsky.social,did:plc:hmtbe2a5xzwqxhqtfgyfmcwa,0,0,0,0,https://bsky.app/profile/birdxdealss.bsky.social/post/3mw3fvy6auj2t,Apple iPhone
at://did:plc:cxeoay4fze3plflx7hf52rst/app.bsky.feed.post/3mw3g3yeyxw22,"🧠 iPhone owners can now submit claims to receive compensation from Apple's $250 million settlement related to Siri privacy practices. The claims process allows eligible users to…

💬 Hacker News
🔗 https://www.theverge.com/tech/998191/apple-siri-ai-iphone-16-class-action-lawsuit-settlement

#AI #tech",2026-09-22T04:43:59.982151+00:00,2026-09-22T04:44:20.883Z,2026-09-22T16:43:30Z,beyondthecode.bsky.social,did:plc:cxeoay4fze3plflx7hf52rst,0,0,0,0,https://bsky.app/profile/beyondthecode.bsky.social/post/3mw3g3yeyxw22,Apple iPhone
at://did:plc:5atysk2a6gnwzsuio6y3hmlv/app.bsky.feed.post/3mw3g52ofjk2c,are apple watches worth it? basically all i want to do is track my step count and have it tell my iphone,2026-09-22T04:44:35.989Z,2026-09-22T04:44:36.658Z,2026-09-22T16:43:30Z,holoswift.swifties.social,did:plc:5atysk2a6gnwzsuio6y3hmlv,0,0,3,0,https://bsky.app/profile/holoswift.swifties.social/post/3mw3g52ofjk2c,Apple iPhone
at://did:plc:dwecjm5n7fyljcjk3vi7x5oa/app.bsky.feed.post/3mw3gh4qtw42c,"9to5Mac より

iPhone 18 Pro, Apple Watch Series 12 and Ultra 4, AirPods 5 now available in stores
iPhone 18 Pro, Apple Watch Series 12 and Ultra 4, AirPods 5が店舗で販売開始
",2026-09-22T04:50:13.169585+00:00,2026-09-22T04:50:13.958Z,2026-09-22T16:43:30Z,gigowat.bsky.social,did:plc:dwecjm5n7fyljcjk3vi7x5oa,0,0,0,0,https://bsky.app/profile/gigowat.bsky.social/post/3mw3gh4qtw42c,Apple iPhone
at://did:plc:dwecjm5n7fyljcjk3vi7x5oa/app.bsky.feed.post/3mw3gohbw4k2m,"9to5Mac より

Here’s why Apple scrapped its shorter Apple Pencil designed for iPhone Duo: report
AppleがiPhone Duo向けに設計した短いAppleペンシルを廃止した理由:レポート
",2026-09-22T04:54:19.024558+00:00,2026-09-22T04:54:19.865Z,2026-09-22T16:43:30Z,gigowat.bsky.social,did:plc:dwecjm5n7fyljcjk3vi7x5oa,0,0,0,0,https://bsky.app/profile/gigowat.bsky.social/post/3mw3gohbw4k2m,Apple iPhone
at://did:plc:4w5gvggjpwm624gjwlwwd2kt/app.bsky.feed.post/3mw3h2cb32322,Apple is developing an iPhone feature that could automatically lock it when snatched www.theapplepost.com/2026/09/22/7...,2026-09-22T05:00:56.203Z,2026-09-22T05:00:57.259Z,2026-09-22T16:43:30Z,theapplepost.com,did:plc:4w5gvggjpwm624gjwlwwd2kt,0,0,0,0,https://bsky.app/profile/theapplepost.com/post/3mw3h2cb32322,Apple iPhone
at://did:plc:v7nvkhezqq33xrcgasafhbw4/app.bsky.feed.post/3mw3hf7ze3m2i,"iOS 27.2 Beta 2 Yayımlandı: iPhone’lara Gelecek Yeni Özellikler

Apple, yeni iOS sürümü iOS 27’yi geçtiğimiz hafta yayımladıktan sonra bu sürümün ilerleyen haftalarda gelecek güncellemesi iOS 27.2’nin ilk betasını da yayımlamıştı. Şimdi ise şirket, geliştiriciler için iOS 27.2’nin ikinci betasını…",2026-09-22T05:07:02Z,2026-09-22T05:07:05.170Z,2026-09-22T16:43:30Z,ercanceviz.bsky.social,did:plc:v7nvkhezqq33xrcgasafhbw4,0,0,0,0,https://bsky.app/profile/ercanceviz.bsky.social/post/3mw3hf7ze3m2i,Apple iPhone
at://did:plc:r2fq2x5fgndqcegzcgs7mt2w/app.bsky.feed.post/3mw3hicikt22q,"到着予想は9/26位だったけど、先ほど発送された！明日には届く！！
明日明後日でセットアップかな
#Apple #iPhone18ProMax #iPhone",2026-09-22T05:08:47.020Z,2026-09-22T05:08:49.663Z,2026-09-22T16:43:30Z,bonggrit.bsky.social,did:plc:r2fq2x5fgndqcegzcgs7mt2w,0,0,0,0,https://bsky.app/profile/bonggrit.bsky.social/post/3mw3hicikt22q,Apple iPhone
at://did:plc:dwecjm5n7fyljcjk3vi7x5oa/app.bsky.feed.post/3mw3honcxwv2c,"9to5Mac より

Five ways that the new Siri AI is frustrating iPhone and Apple Watch users
新しいSiri AIがiPhoneとApple Watchユーザーに不満を与える5つの方法
",2026-09-22T05:12:19.185343+00:00,2026-09-22T05:12:19.958Z,2026-09-22T16:43:30Z,gigowat.bsky.social,did:plc:dwecjm5n7fyljcjk3vi7x5oa,0,0,0,0,https://bsky.app/profile/gigowat.bsky.social/post/3mw3honcxwv2c,Apple iPhone
at://did:plc:cdp7jsmylt6uoc72pt24lc4e/app.bsky.feed.post/3mw3hvoecuh23,"Apple sender iOS 27.2 beta 2 ud til udviklere med build 24B5089g

Apple har sendt iOS 27.2 beta 2 til udviklere med build 24B5089g. Den største praktiske pointe for iPhone-brugere er, at Apple endnu…

Læs mere: https://fw.ms/weloveapple-news-bluesky-530935-apple-sender-ios-27-2-beta-2-ud-u2heh4",2026-09-22T05:16:15.554Z,2026-09-22T05:16:16.657Z,2026-09-22T16:43:30Z,weloveappledk.bsky.social,did:plc:cdp7jsmylt6uoc72pt24lc4e,0,0,0,0,https://bsky.app/profile/weloveappledk.bsky.social/post/3mw3hvoecuh23,Apple iPhone
at://did:plc:nho2vsjylpqxuynxuskohvxp/app.bsky.feed.post/3mw3hw322ws2d,"📱 iPhone 11 Pro Max: rendimiento real, pros, contras y consejos de compra. ¿Merece la pena hoy? 👇
aplicacionmovil.net/iphone-11-pr...
#iPhone #Apple #Tech",2026-09-22T05:16:28.976Z,2026-09-22T05:16:30.063Z,2026-09-22T16:43:30Z,xtechai.bsky.social,did:plc:nho2vsjylpqxuynxuskohvxp,0,0,0,0,https://bsky.app/profile/xtechai.bsky.social/post/3mw3hw322ws2d,Apple iPhone
at://did:plc:7soxm6ggjw5rwiybovutp5tr/app.bsky.feed.post/3mw3hwlr7vx2y,iOS 27: Apple streicht neue Kamera-Funktion für ältere iPhones,2026-09-22T05:16:45Z,2026-09-22T05:16:47.265Z,2026-09-22T16:43:30Z,mobiflip.de,did:plc:7soxm6ggjw5rwiybovutp5tr,0,0,0,0,https://bsky.app/profile/mobiflip.de/post/3mw3hwlr7vx2y,Apple iPhone
at://did:plc:njrh5n5btdob77u6tbjiyf6m/app.bsky.feed.post/3mw3i76pocz2p,iPhone Air（eSIMしか使えないゴミ）、29万4800円に… 円安にしてくれてありがとう🦎,2026-09-22T05:21:34.743556+00:00,2026-09-22T05:21:35.463Z,2026-09-22T16:43:30Z,mng5ch.bsky.social,did:plc:njrh5n5btdob77u6tbjiyf6m,7,0,0,0,https://bsky.app/profile/mng5ch.bsky.social/post/3mw3i76pocz2p,Apple iPhone
at://did:plc:v7nvkhezqq33xrcgasafhbw4/app.bsky.feed.post/3mw3iwr2oi52l,"iOS 27 Geçenler Dikkat: Sürüm Düşürmek Artık Mümkün Değil

Apple, iOS 26.6.2 imzalama desteğini sonlandırdı. Artık iPhone kullanıcıları iOS 27'den eski sürümlere dönüş yapamıyor. Detaylar haberimizde.",2026-09-22T05:34:44Z,2026-09-22T05:34:45.965Z,2026-09-22T16:43:30Z,ercanceviz.bsky.social,did:plc:v7nvkhezqq33xrcgasafhbw4,0,0,0,0,https://bsky.app/profile/ercanceviz.bsky.social/post/3mw3iwr2oi52l,Apple iPhone
at://did:plc:vq4ilt5a37mnj46lscqltftp/app.bsky.feed.post/3mw3ixkd3xl2h,"Apple settling Siri AI delay lawsuit for $250M! 🍎 US iPhone users eligible for $25-$95 compensation. File claims Sept 21 - Dec 21, 2026. iPhone purchased in US between June 10, 2024 - March 29, 2025, not for resale.",2026-09-22T05:35:12.188219+00:00,2026-09-22T05:35:12.459Z,2026-09-22T16:43:30Z,techimo.bsky.social,did:plc:vq4ilt5a37mnj46lscqltftp,1,0,0,0,https://bsky.app/profile/techimo.bsky.social/post/3mw3ixkd3xl2h,Apple iPhone
at://did:plc:4sfblfe56ajtkh65pzh3ct4y/app.bsky.feed.post/3mw3jldetrz2x,"Un iPhone tout en écran, sans la moindre bordure ni bouton apparent : Apple pousserait le concept jusqu'au bout pour son 20e anniversaire 📱 On vous détaille à quoi ressemblerait ce design. #iPhone20Pro https://www.1001web.fr/iphone-20-pro-ecran-incurve-189512.html",2026-09-22T05:46:15.686368Z,2026-09-22T05:46:16.259Z,2026-09-22T16:43:30Z,1001web.bsky.social,did:plc:4sfblfe56ajtkh65pzh3ct4y,0,0,0,0,https://bsky.app/profile/1001web.bsky.social/post/3mw3jldetrz2x,Apple iPhone
at://did:plc:rc5fi4rab7a4w5vydsdrrohj/app.bsky.feed.post/3mw3ke4nssi2y,"A smaller Dynamic Island-style cutout is also reportedly being tested.

If these leaks hold up, Apple’s 20th-anniversary iPhone could be one of its biggest design changes since the iPhone X.

But there’s still a long road to 2027 — and these are early leaks, not confirmed specs.

#iPhone20 #Apple",2026-09-22T06:00:07.881Z,2026-09-22T06:00:07.989Z,2026-09-22T16:43:30Z,crumbd.com,did:plc:rc5fi4rab7a4w5vydsdrrohj,0,0,0,0,https://bsky.app/profile/crumbd.com/post/3mw3ke4nssi2y,Apple iPhone
at://did:plc:vnnu5hidkikugiiyszwkxzyq/app.bsky.feed.post/3mw3kgfxdjv2d,iPhone owners included in Apple’s $250 million settlement can begin filing claims,2026-09-22T06:00:15Z,2026-09-22T06:01:25.559Z,2026-09-22T16:43:30Z,fox35orlando.bsky.social,did:plc:vnnu5hidkikugiiyszwkxzyq,0,0,0,0,https://bsky.app/profile/fox35orlando.bsky.social/post/3mw3kgfxdjv2d,Apple iPhone
at://did:plc:pxwnibflohvprne5qrjthokl/app.bsky.feed.post/3mw3kmfkr3n23,"iPhone 18 Pro Max tackles battery transport issues! Apple limits battery capacity to <20 Wh during shipping due to international regs. Once activated, full capacity unlocks. For repairs, ""Prepare for Transportation"" feature re-limits it. (Via Sina News)",2026-09-22T06:04:45.543044+00:00,2026-09-22T06:04:45.857Z,2026-09-22T16:43:30Z,apple-adepts.bsky.social,did:plc:pxwnibflohvprne5qrjthokl,1,0,0,0,https://bsky.app/profile/apple-adepts.bsky.social/post/3mw3kmfkr3n23,Apple iPhone
at://did:plc:uoshhpyjd42oki3lcmjnwems/app.bsky.feed.post/3mw3kpatk3f2v,"Apple macht ernst: Der Rückweg von #iOS27 auf ältere Versionen ist dicht. Wer das Update auf seinem #iPhone installiert hat, kann ab sofort kein Downgrade auf iOS 26 mehr durchführen.",2026-09-22T06:06:21.253Z,2026-09-22T06:06:21.758Z,2026-09-22T16:43:30Z,winfuture.de,did:plc:uoshhpyjd42oki3lcmjnwems,0,0,0,0,https://bsky.app/profile/winfuture.de/post/3mw3kpatk3f2v,Apple iPhone
at://did:plc:lroelm2gtwcr3rgjztmibruo/app.bsky.feed.post/3mw3kruwt5c2y,"Not the first time Apple limited features to newer iPhones

iPhone 2G and iPhone 3G got iPhone OS 3 (before renamed to iOS) didn't get the option to show the battery percentage in status bar, only exclusive to the iPhone 3GS

Until iPod Touch 7th gen, there's no option to show the battery percentage",2026-09-22T06:07:49.585Z,2026-09-22T06:07:51.163Z,2026-09-22T16:43:30Z,bobpony.com,did:plc:lroelm2gtwcr3rgjztmibruo,20,2,0,0,https://bsky.app/profile/bobpony.com/post/3mw3kruwt5c2y,Apple iPhone
at://did:plc:nho2vsjylpqxuynxuskohvxp/app.bsky.feed.post/3mw3kwt65j22g,"📲 iOS 26.1: cómo actualizar sin problemas y optimizar tu iPhone. Guía práctica 👇
aplicacionmovil.net/ios-26-1-gui...
#iOS #Apple",2026-09-22T06:10:35.501Z,2026-09-22T06:10:35.864Z,2026-09-22T16:43:30Z,xtechai.bsky.social,did:plc:nho2vsjylpqxuynxuskohvxp,0,0,0,0,https://bsky.app/profile/xtechai.bsky.social/post/3mw3kwt65j22g,Apple iPhone
at://did:plc:mqyjzq64pdtyeyqsaazj3vep/app.bsky.feed.post/3mw3kxiib4p2w,"The iPhone 18 Pro’s fancy variable aperture camera is incredibly hard to repair

Apple&#8217;s variable aperture might capture better photos, but is near impossible to fix if it...

🔗 https://www.madshrimps.be/news/the-iphone-18-pros-fancy-variable-aperture-camera-is-incredibly-hard-to-repair/",2026-09-22T06:10:57.692460+00:00,2026-09-22T06:10:58.157Z,2026-09-22T16:43:30Z,madshrimps.be,did:plc:mqyjzq64pdtyeyqsaazj3vep,0,0,0,0,https://bsky.app/profile/madshrimps.be/post/3mw3kxiib4p2w,Apple iPhone
at://did:plc:2e4bpotb3wcniy643vo6xg57/app.bsky.feed.post/3mw3kzssj5k2m,"Por qué Apple lanzó el iPhone Duo a pesar de que los teléfonos plegables tiene poco éxito
Actualmente los celulares plegables representan menos del 2% del mercado global
www.infobae.com/tecno/2026/0...",2026-09-22T06:12:15.783Z,2026-09-22T06:12:17.558Z,2026-09-22T16:43:30Z,mazdigitaldiario.bsky.social,did:plc:2e4bpotb3wcniy643vo6xg57,0,0,0,0,https://bsky.app/profile/mazdigitaldiario.bsky.social/post/3mw3kzssj5k2m,Apple iPhone
at://did:plc:4lwh2iz3jjex36udrlb4ocsi/app.bsky.feed.post/3mw3l6w37yo2d,"The window is now open for people who purchased certain recent iPhone models to begin filing claims to receive their share of the quarter-billion-dollar settlement fund established in the wake of the class-action lawsuit filed against Apple, accusing the tech giant of false advertising.",2026-09-22T06:15:06Z,2026-09-22T06:15:07.464Z,2026-09-22T16:43:30Z,fox9mn.bsky.social,did:plc:4lwh2iz3jjex36udrlb4ocsi,2,0,1,0,https://bsky.app/profile/fox9mn.bsky.social/post/3mw3l6w37yo2d,Apple iPhone
at://did:plc:qt34fdb5di4hsny5wncomxtt/app.bsky.feed.post/3mw3lbtm3en26,"Someone made an iPhone Duo animation for the Galaxy Z Fold 8, with a huge caveat

#Apple #GalaxyZFold8 #iPhoneDuo #Phone

https://justpaste.in/tech/someone-made-an-iphone-duo-animation-for-the-galaxy-z-fold-8-with-a-huge-caveat/",2026-09-22T06:16:43Z,2026-09-22T06:16:45.160Z,2026-09-22T16:43:30Z,techworlddaily.bsky.social,did:plc:qt34fdb5di4hsny5wncomxtt,0,0,0,0,https://bsky.app/profile/techworlddaily.bsky.social/post/3mw3lbtm3en26,Apple iPhone
at://did:plc:76bvotsz4jmfjcpnnuqileth/app.bsky.feed.post/3mw3lfxqlt62z,ICYMI: iPhone 18 Pro’s clever new camera comes with one big repair catch,2026-09-22T06:19:03Z,2026-09-22T06:19:11.461Z,2026-09-22T16:43:30Z,cultofmac.com,did:plc:76bvotsz4jmfjcpnnuqileth,1,0,0,0,https://bsky.app/profile/cultofmac.com/post/3mw3lfxqlt62z,Apple iPhone
at://did:plc:lmixcwvpedkln52dtdj3v6s2/app.bsky.feed.post/3mw3lgd2z7s2b,"This man uses APPLE NOTES on his IPHONE to draft business documents, which he then prints at FEDEX. This process, mind you, was described to me as ""using google docs to make invoices on his computer.""

I don't drink anymore, for health reasons. I wish I still could.",2026-09-22T06:19:15.492Z,2026-09-22T06:19:16.257Z,2026-09-22T16:43:30Z,pdxjenni.bsky.social,did:plc:lmixcwvpedkln52dtdj3v6s2,0,0,0,0,https://bsky.app/profile/pdxjenni.bsky.social/post/3mw3lgd2z7s2b,Apple iPhone
at://did:plc:xuutbtra6nrnnw3dd6kgyrsp/app.bsky.feed.post/3mw3lt54ao52z,"🔥 Apple iPhone 17 Air 256 Go, Bleu ciel, garantie 02/2028, comme neuf
eBay · 791.08 €
#BonPlan #HighTech #Promo",2026-09-22T06:26:24.975240Z,2026-09-22T06:26:26.257Z,2026-09-22T16:43:30Z,chasseurdedeals.bsky.social,did:plc:xuutbtra6nrnnw3dd6kgyrsp,0,0,0,0,https://bsky.app/profile/chasseurdedeals.bsky.social/post/3mw3lt54ao52z,Apple iPhone
at://did:plc:cxncoweemhtejhll325wfswt/app.bsky.feed.post/3mw3lwebe4k2e,iPhone 15 Pro のバッテリー最大容量がついに80%を切ったので Apple Care で交換してもらえるようになった！ ちょうど36カ月,2026-09-22T06:28:13.584Z,2026-09-22T06:28:14.168Z,2026-09-22T16:43:30Z,rewse.jp,did:plc:cxncoweemhtejhll325wfswt,0,0,0,0,https://bsky.app/profile/rewse.jp/post/3mw3lwebe4k2e,Apple iPhone
at://did:plc:27tzszvb6fvtc6vinuemvl3x/app.bsky.feed.post/3mw3mbhshep32,"iPhone Duo: Apples erstes Foldable im Vergleich zur Android-Konkurrenz

Seit 2019 bieten Android-Hersteller Foldables – nun hat Apple auch eins. Vor allem bei der Software scheint der iPhone-Bauer es aber teilweise besser zu machen […]",2026-09-22T06:34:04.000Z,2026-09-22T06:34:34.570Z,2026-09-22T16:43:30Z,heiseonline.social.heise.de.ap.brid.gy,did:plc:27tzszvb6fvtc6vinuemvl3x,1,3,0,0,https://bsky.app/profile/heiseonline.social.heise.de.ap.brid.gy/post/3mw3mbhshep32,Apple iPhone
at://did:plc:zv657bpskxtjkvbdd5wymjam/app.bsky.feed.post/3mw3mau7gw32j,Seit 2019 bieten Android-Hersteller Foldables – nun hat Apple auch eins. Vor allem bei der Software scheint der iPhone-Bauer es aber teilweise besser zu machen. #Apple,2026-09-22T06:34:05.466Z,2026-09-22T06:34:06.957Z,2026-09-22T16:43:30Z,heise.de,did:plc:zv657bpskxtjkvbdd5wymjam,6,2,0,1,https://bsky.app/profile/heise.de/post/3mw3mau7gw32j,Apple iPhone
at://did:plc:ryrqylbqv7izbppbd3g5pxf4/app.bsky.feed.post/3mw3nlqbfi72r,"Apple-Chef John Ternus hat neue Einblicke in die Entwicklung des iPhone Duo gegeben. Im Interview spricht er über das ungewöhnliche Format des Foldables, technische Herausforderungen, Apples Ansatz bei KI und seinen Wechsel an die Konzernspitze.",2026-09-22T06:58:04.498063+00:00,2026-09-22T06:58:05.359Z,2026-09-22T16:43:30Z,de-nachrichten.bsky.social,did:plc:ryrqylbqv7izbppbd3g5pxf4,1,0,0,0,https://bsky.app/profile/de-nachrichten.bsky.social/post/3mw3nlqbfi72r,Apple iPhone
at://did:plc:pj4y7pann5og2phaz2akst6d/app.bsky.feed.post/3mw3nmnl6aym2,"Prepared the upgrade for @arbory for @plausible, which is now ready for iPhone Duo. Updating for a new viewport was a lot of fun.",2026-09-22T06:58:27.000Z,2026-09-22T06:58:38.858Z,2026-09-22T16:43:30Z,jorijn.jorijn.com.ap.brid.gy,did:plc:pj4y7pann5og2phaz2akst6d,0,0,0,0,https://bsky.app/profile/jorijn.jorijn.com.ap.brid.gy/post/3mw3nmnl6aym2,Apple iPhone
at://did:plc:echwbhqhh7jo6hk56nov6mt5/app.bsky.feed.post/3mw3npiypey2z,"Paradoks roku? Premierę iPhone’a 18 Pro i składanego iPhone’a może najmocniej odczuć… Samsung. Nie przez Galaxy, a przez ekrany OLED, zwłaszcza do „folda”, gdzie sam panel ma być wielokrotnie droższy niż w Pro 📱",2026-09-22T07:00:08.043024Z,2026-09-22T07:00:12.269Z,2026-09-22T16:43:30Z,androidcompl.bsky.social,did:plc:echwbhqhh7jo6hk56nov6mt5,1,0,0,0,https://bsky.app/profile/androidcompl.bsky.social/post/3mw3npiypey2z,Apple iPhone
at://did:plc:2fxqwnhrwbwp4rwxi2pitfqp/app.bsky.feed.post/3mw4f6vd2ft2l,"iPhone 12 czy 12 mini? 📱
Sprawdź, który lepiej leży w dłoni i pasuje do codziennego użycia. Krótko porównujemy rozmiar, wygodę i wybór, który naprawdę ma znaczenie. Zobacz różnice. https://www.rfr.bz/baf99aac4",2026-09-22T07:00:13-07:00,2026-09-22T14:00:24.163Z,2026-09-22T16:43:30Z,applefix.bsky.social,did:plc:2fxqwnhrwbwp4rwxi2pitfqp,0,0,0,0,https://bsky.app/profile/applefix.bsky.social/post/3mw4f6vd2ft2l,iphone
at://did:plc:rhozh7ux4cxolkmwzbpx45cz/app.bsky.feed.post/3mw3nrbwjtk22,"ちなみにiPhone duoって予約日に争奪戦になりそうな感じなの???
こんなに高いのに?w、だからこそ在庫が少ないのか??

#apple #iphoneduo",2026-09-22T07:01:10.879Z,2026-09-22T07:01:06.170Z,2026-09-22T16:43:30Z,japanaction.bsky.social,did:plc:rhozh7ux4cxolkmwzbpx45cz,0,0,0,0,https://bsky.app/profile/japanaction.bsky.social/post/3mw3nrbwjtk22,Apple iPhone
at://did:plc:kvuqwjsw6lm23ucmh6gzfxmj/app.bsky.feed.post/3mw3skfgkajs2,"iPhone Duo: Apple’s first foldable compared to the Android competition
https://www.heise.de/en/news/iPhone-Duo-Apple-s-first-foldable-compared-to-the-Android-competition-11461000.html?utm_source=flipboard&utm_medium=activitypub 

Posted into heise online international […]",2026-09-22T07:05:00.000Z,2026-09-22T08:26:55.356Z,2026-09-22T16:43:30Z,heiseonline.flipboard.com.ap.brid.gy,did:plc:kvuqwjsw6lm23ucmh6gzfxmj,0,0,0,0,https://bsky.app/profile/heiseonline.flipboard.com.ap.brid.gy/post/3mw3skfgkajs2,Apple iPhone
at://did:plc:6oue7bcx5zgbpkl5upsuadwt/app.bsky.feed.post/3mw3o2pkxlq2i,"iOS 27.2 beta reveals how Apple plans to stop its anti-theft feature from locking your iPhone by mistake

Few things trigger panic faster than reaching for your phone and realizing it is no longer there. Losing one is bad enough, but having an unlocked phone snatched from your hand creates an even…",2026-09-22T07:06:25Z,2026-09-22T07:06:27.859Z,2026-09-22T16:43:30Z,articleweblog.bsky.social,did:plc:6oue7bcx5zgbpkl5upsuadwt,0,0,0,0,https://bsky.app/profile/articleweblog.bsky.social/post/3mw3o2pkxlq2i,Apple iPhone
at://did:plc:qt34fdb5di4hsny5wncomxtt/app.bsky.feed.post/3mw3o66rthd2c,"Everything the Galaxy Z Fold 8 does that the iPhone Duo doesn’t

#Apple #GalaxyZFold8 #iPhoneDuo #Phone

https://justpaste.in/tech/everything-galaxy-z-fold-8-does-iphone-duo-doesnt/",2026-09-22T07:08:22Z,2026-09-22T07:08:24.562Z,2026-09-22T16:43:30Z,techworlddaily.bsky.social,did:plc:qt34fdb5di4hsny5wncomxtt,0,0,0,0,https://bsky.app/profile/techworlddaily.bsky.social/post/3mw3o66rthd2c,Apple iPhone
at://did:plc:wgelilqpahjmn3fkgohr4ine/app.bsky.feed.post/3mw3ooprulg2w,"Apple's Missing CEO, Hanson's 'Primitive' Remark and Hume's Sunrise Gotcha | Scam of the Week: Apple Australia has gone silent for ten days on questions about Israeli-designed chips in its iPhone 17. The House of Reps voted down the Red Lines bill to restrict financing of the Gaza… @MichaelWestBiz",2026-09-22T07:17:38Z,2026-09-22T07:17:38.757Z,2026-09-22T16:43:30Z,humanisingmen.bsky.social,did:plc:wgelilqpahjmn3fkgohr4ine,0,0,0,0,https://bsky.app/profile/humanisingmen.bsky.social/post/3mw3ooprulg2w,Apple iPhone
at://did:plc:bslc4rymjysuc26ktjoyewqw/app.bsky.feed.post/3mw3oopoche24,"Apple's Missing CEO, Hanson's 'Primitive' Remark and Hume's Sunrise Gotcha | Scam of the Week: Apple Australia has gone silent for ten days on questions about Israeli-designed chips in its iPhone 17. The House of Reps voted down the Red Lines bill to restrict financing of the Gaza… @MichaelWestBiz",2026-09-22T07:17:38Z,2026-09-22T07:17:38.661Z,2026-09-22T16:43:30Z,monashnews.bsky.social,did:plc:bslc4rymjysuc26ktjoyewqw,0,0,0,0,https://bsky.app/profile/monashnews.bsky.social/post/3mw3oopoche24,Apple iPhone
at://did:plc:xgvliprs2gr4jexn3ooqnjys/app.bsky.feed.post/3mw3ophqf5c2n,"เจ้าของ iPhone 16 ทุกรุ่น, 15 Pro และ 15 Pro Max (ซื้อ 10 มิ.ย. 2024 – 29 มี.ค. 2025) สามารถยื่นขอรับเงินชดเชยจากคดี Apple มูลค่า $250 ล้านดอลลาร์ได้แล้ว  
ได้ประมาณ $25–95 ดอลลาร์ต่อเครื่อง  
สามารถยื่นได้ถึง 21 ธ.ค. ที่ smartphoneaisettlement.com",2026-09-22T07:18:03.600Z,2026-09-22T07:18:06.662Z,2026-09-22T16:43:30Z,uptodateusa.bsky.social,did:plc:xgvliprs2gr4jexn3ooqnjys,0,0,0,0,https://bsky.app/profile/uptodateusa.bsky.social/post/3mw3ophqf5c2n,Apple iPhone
at://did:plc:47ynxndqdwbdvsahdaeh35fp/app.bsky.feed.post/3mw3oyq5ch5m2,"iPhone 18 Pro Max po prvních dnech testování: Apple vylepšil přesně to, co bylo potřeba
https://www.ceskymac.cz/iphone-18-pro-max-po-prvnich-dnech-testovani-apple-vylepsil-presne-to-co-bylo-potreba/",2026-09-22T07:22:42.000Z,2026-09-22T07:23:16.960Z,2026-09-22T16:43:30Z,ceskymac.zpravobot.news.ap.brid.gy,did:plc:47ynxndqdwbdvsahdaeh35fp,0,0,0,0,https://bsky.app/profile/ceskymac.zpravobot.news.ap.brid.gy/post/3mw3oyq5ch5m2,Apple iPhone
at://did:plc:xuutbtra6nrnnw3dd6kgyrsp/app.bsky.feed.post/3mw3pelb3tw24,"🔥 Apple iPhone 6s 64 Go Rose Smartphone iOS - Modèle iPhone 6s Apple
eBay · 83.90 €
#BonPlan #HighTech #Promo",2026-09-22T07:29:51.612454Z,2026-09-22T07:29:52.659Z,2026-09-22T16:43:30Z,chasseurdedeals.bsky.social,did:plc:xuutbtra6nrnnw3dd6kgyrsp,0,0,0,0,https://bsky.app/profile/chasseurdedeals.bsky.social/post/3mw3pelb3tw24,Apple iPhone
at://did:plc:zkjscpbzkyelvpwmyhosl5k7/app.bsky.feed.post/3mw3pfcz4sk2q,"Maybe Apple will one day sell a watch the size of an iPhone 5s, and I can buy the cellular version of it to carry around",2026-09-22T07:30:16.840Z,2026-09-22T07:30:17.564Z,2026-09-22T16:43:30Z,estherbester.bsky.social,did:plc:zkjscpbzkyelvpwmyhosl5k7,0,0,0,0,https://bsky.app/profile/estherbester.bsky.social/post/3mw3pfcz4sk2q,Apple iPhone
at://did:plc:fsftz5ue2bvlvkb6zx2bqdnh/app.bsky.feed.post/3mw3phc4wze25,Apple continues to work on a feature that automatically locks an iPhone when it detects that the device has been snatched from its owner’s hand.,2026-09-22T07:31:22.919682+00:00,2026-09-22T07:31:23.661Z,2026-09-22T16:43:30Z,technology-news.bsky.social,did:plc:fsftz5ue2bvlvkb6zx2bqdnh,1,0,0,0,https://bsky.app/profile/technology-news.bsky.social/post/3mw3phc4wze25,Apple iPhone
at://did:plc:dzhemdtztrjycgmopo5slzfp/app.bsky.feed.post/3mw3pmoauis2i,เพิ่งซื้อรุ่นใหม่ยังไม่ทันอุ่นใจ ข่าวลือ iPhone 20 Pro ก็หลุดมาดักคอแล้ว จอใหญ่เฉียด 7 นิ้ว แถมบอดี้กระจกทั้งตัวแบบ Quad-curved ไร้ขอบ สวยล้ำจริงแต่เสียวหล่นแตกไม่ไหว คิดว่าไงกันบ้าง? #iPhone20Pro #Apple #Hobbiesdose,2026-09-22T07:34:23.507Z,2026-09-22T07:34:28.858Z,2026-09-22T16:43:30Z,hobbiesdose.bsky.social,did:plc:dzhemdtztrjycgmopo5slzfp,0,0,0,0,https://bsky.app/profile/hobbiesdose.bsky.social/post/3mw3pmoauis2i,Apple iPhone
at://did:plc:xuutbtra6nrnnw3dd6kgyrsp/app.bsky.feed.post/3mw3pvvamqz24,"🔥 Apple iPhone 17 Pro Max 256 Go Orange neuf scellé jamais ouvert avec facture
eBay · 1188.88 €
#BonPlan #HighTech #Promo",2026-09-22T07:39:32.510832Z,2026-09-22T07:39:32.962Z,2026-09-22T16:43:30Z,chasseurdedeals.bsky.social,did:plc:xuutbtra6nrnnw3dd6kgyrsp,0,0,0,0,https://bsky.app/profile/chasseurdedeals.bsky.social/post/3mw3pvvamqz24,Apple iPhone
at://did:plc:mfbudxhxncvh5t4ijgc7yvji/app.bsky.feed.post/3mw3qffmix22f,"App preinstallate, Surfshark mette a confronto iPhone e Android su raccolta dati e privacy

www.tuttoandroid.net/news/2026/09...

> Tra Apple e Android quali sono gli smartphone con più app preinstallate e che raccolgono più dati? La risposta di #Surfshark",2026-09-22T07:48:13.316Z,2026-09-22T07:48:15.358Z,2026-09-22T16:43:30Z,pstrada.bsky.social,did:plc:mfbudxhxncvh5t4ijgc7yvji,0,0,0,0,https://bsky.app/profile/pstrada.bsky.social/post/3mw3qffmix22f,Apple iPhone
at://did:plc:pmdem3dvbxhy5p36quzn3sd5/app.bsky.feed.post/3mw3qla47qk22,"iPhone 17 Pro Max のモバイル部分、今回からApple謹製だよね。
なんか、条件特定できてないけど複数回線のeSIMを投入後に個々の動作を確認してるんだけど、切り替え色々してたら、1/nの回線が変になり以降圏外で接続できない。
回復させて、全回線使えるようなってんだけど、切替してたら今度は別のeSIMが圏外になった。なんか、不安しかないww",2026-09-22T07:51:28.861Z,2026-09-22T07:51:34.759Z,2026-09-22T16:43:30Z,zechi.bsky.social,did:plc:pmdem3dvbxhy5p36quzn3sd5,0,0,0,0,https://bsky.app/profile/zechi.bsky.social/post/3mw3qla47qk22,Apple iPhone
at://did:plc:xmlk4mq7l6k6cld5l45pvq3p/app.bsky.feed.post/3mw3r2x7iux2e,"The window is now open for people who purchased certain recent iPhone models to begin filing claims to receive their share of the quarter-billion-dollar settlement fund established in the wake of the class-action lawsuit filed against Apple, accusing the tech giant of false advertising.",2026-09-22T08:00:16Z,2026-09-22T08:00:17.358Z,2026-09-22T16:43:30Z,ktvufox2.bsky.social,did:plc:xmlk4mq7l6k6cld5l45pvq3p,0,0,0,0,https://bsky.app/profile/ktvufox2.bsky.social/post/3mw3r2x7iux2e,Apple iPhone
at://did:plc:lrcn6ac2xvtw72czu7ntlok3/app.bsky.feed.post/3mw436nymhz2c,Como fazer o iPhone ler um texto em voz alta usando a Inteligência Visual,2026-09-22T08:01:17Z,2026-09-22T11:01:18.958Z,2026-09-22T16:43:30Z,macmagazine.com.br,did:plc:lrcn6ac2xvtw72czu7ntlok3,0,0,0,0,https://bsky.app/profile/macmagazine.com.br/post/3mw436nymhz2c,Apple iPhone
at://did:plc:ujllcozu5vnnuw6vs4riisqb/app.bsky.feed.post/3mw3ra2wp5s26,"Vphone-cli boots virtual iPhones on Apple Silicon Macs so you can run and test iOS environments without physical hardware.
It has picked up 250 stars in the last week.

https://github.com/Lakr233/vphone-cli

Anyone running this in production yet?",2026-09-22T08:03:06.553753Z,2026-09-22T08:03:08.458Z,2026-09-22T16:43:30Z,latreon.bsky.social,did:plc:ujllcozu5vnnuw6vs4riisqb,0,0,0,0,https://bsky.app/profile/latreon.bsky.social/post/3mw3ra2wp5s26,Apple iPhone
at://did:plc:m6vshonsp4cct4ropbxozd7t/app.bsky.feed.post/3mw3rba2nh22d,"Time to get off the Apple teat, what’s your phone recommendations lads n lassies? 

Camera and battery life are my main considerations. 

Had iPhone since they started but will not be getting another.

Sent from my iPhone (for now)",2026-09-22T08:03:47.007Z,2026-09-22T08:03:48.856Z,2026-09-22T16:43:30Z,chrismartinfilm.bsky.social,did:plc:m6vshonsp4cct4ropbxozd7t,9,0,19,0,https://bsky.app/profile/chrismartinfilm.bsky.social/post/3mw3rba2nh22d,Apple iPhone
at://did:plc:bqprt2hrnmvbz3zt56hc45cs/app.bsky.feed.post/3mw3rdssrdt2i,"Novità CarPlay iOS 27, ma non tutte arrivano sulla tua auto

Le novità CarPlay iOS 27 sono arrivate sugli iPhone il 14 settembre e portano il più grosso aggiornamento di CarPlay da anni. Widget personalizzati, barra di avanzamento per musica e podcast, mappe più furbe e una connessione senza fili…",2026-09-22T08:05:13Z,2026-09-22T08:05:14.361Z,2026-09-22T16:43:30Z,infotelematico.bsky.social,did:plc:bqprt2hrnmvbz3zt56hc45cs,0,0,0,0,https://bsky.app/profile/infotelematico.bsky.social/post/3mw3rdssrdt2i,Apple iPhone
at://did:plc:ryrqylbqv7izbppbd3g5pxf4/app.bsky.feed.post/3mw3rgoidkz2o,"iOS 27 ergänzt iPhones um KI-Bilder und flexible Sperrbildschirm-Optionen, während Apps Videohintergründe auf dem Homescreen ermöglichen.",2026-09-22T08:06:49.821177+00:00,2026-09-22T08:06:51.058Z,2026-09-22T16:43:30Z,de-nachrichten.bsky.social,did:plc:ryrqylbqv7izbppbd3g5pxf4,1,0,0,0,https://bsky.app/profile/de-nachrichten.bsky.social/post/3mw3rgoidkz2o,Apple iPhone
at://did:plc:xuutbtra6nrnnw3dd6kgyrsp/app.bsky.feed.post/3mw3shxhknm2c,"🔥 Apple iPhone 14 Pro Max Or 128 Go État PARFAIT/Batterie 100% Garantie 1 an
eBay · 519.00 €
#BonPlan #HighTech #Promo",2026-09-22T08:25:26.308356Z,2026-09-22T08:25:26.662Z,2026-09-22T16:43:30Z,chasseurdedeals.bsky.social,did:plc:xuutbtra6nrnnw3dd6kgyrsp,0,0,0,0,https://bsky.app/profile/chasseurdedeals.bsky.social/post/3mw3shxhknm2c,Apple iPhone
at://did:plc:6zk2tjoim3dlkg3a37jgadoq/app.bsky.feed.post/3mw3sq7r6cy2j,"Apple is paying $250 million to settle a lawsuit over Siri's AI falling short of what it promised. Eligible iPhone 15 Pro and 16 owners can file a claim for about $25.

Small money, but a rare case of an AI promise getting priced by a court.",2026-09-22T08:30:03.672233Z,2026-09-22T08:30:04.562Z,2026-09-22T16:43:30Z,earanyash.bsky.social,did:plc:6zk2tjoim3dlkg3a37jgadoq,0,0,0,0,https://bsky.app/profile/earanyash.bsky.social/post/3mw3sq7r6cy2j,Apple iPhone
at://did:plc:jf26a7dgps3fck4zc7anchdl/app.bsky.feed.post/3mw3sqaclbz2i,「アプリ 移行 27」に関する記事です: https://iphone-mania.jp/ios-606448/,2026-09-22T08:30:04.151088+00:00,2026-09-22T08:30:05.158Z,2026-09-22T16:43:30Z,buchikuma.bsky.social,did:plc:jf26a7dgps3fck4zc7anchdl,0,0,0,1,https://bsky.app/profile/buchikuma.bsky.social/post/3mw3sqaclbz2i,Apple iPhone
at://did:plc:v2kpdz3mn4aohthc7cwiswfp/app.bsky.feed.post/3mw3svqmxot2a,"A storage test found the 1TB iPhone 18 Pro Max with QLC NAND can drop from >3,000 MB/s to as low as ~1.1 MB/s under prolonged worst‑case writes, potentially affecting long Pro workflows. 🎥📉",2026-09-22T08:33:09+00:00,2026-09-22T08:33:09.663Z,2026-09-22T16:43:30Z,tweaktown.com,did:plc:v2kpdz3mn4aohthc7cwiswfp,0,0,0,0,https://bsky.app/profile/tweaktown.com/post/3mw3svqmxot2a,Apple iPhone
at://did:plc:ti2iec7dcd6i5dfiwlxguux2/app.bsky.feed.post/3mw3sxq53zc2x,"iPhone — एप्पल ने आईफोन डू और सिरी एआई के लॉन्च की घोषणा कर दी, जिसके कारण शेयर मार्केट में उत्साह बढ़ गया #IPhone #Apple #News",2026-09-22T08:34:15Z,2026-09-22T08:34:16.960Z,2026-09-22T16:43:30Z,hi-in.pds.netasgard.com,did:plc:ti2iec7dcd6i5dfiwlxguux2,0,0,0,0,https://bsky.app/profile/hi-in.pds.netasgard.com/post/3mw3sxq53zc2x,Apple iPhone
at://did:plc:qr6tt46sisat4dxeh65sahlq/app.bsky.feed.post/3mw3tbn2aey2x,"Apple prepara una función que podría bloquear el iPhone si detecta un robo en marcha.

Aceleración brusca, Apple Watch desconectado, pérdida de red… Todo suma para decidir si debe bloquearse. ¿Te parece útil o puede dar falsos positivos? 🔒 #iPhone #iOS27 ",2026-09-22T08:39:47.000Z,2026-09-22T08:39:48.557Z,2026-09-22T16:43:30Z,applex4.bsky.social,did:plc:qr6tt46sisat4dxeh65sahlq,0,0,0,0,https://bsky.app/profile/applex4.bsky.social/post/3mw3tbn2aey2x,Apple iPhone
at://did:plc:dwecjm5n7fyljcjk3vi7x5oa/app.bsky.feed.post/3mw3tpe2ulg2e,"9to5Mac より

Apple releases Xcode 27.1 beta, enabling iPhone Duo app development
AppleはXcode 27.1ベータ版をリリースし、iPhone Duoアプリの開発を可能にする
",2026-09-22T08:47:27.957615+00:00,2026-09-22T08:47:28.559Z,2026-09-22T16:43:30Z,gigowat.bsky.social,did:plc:dwecjm5n7fyljcjk3vi7x5oa,0,0,0,0,https://bsky.app/profile/gigowat.bsky.social/post/3mw3tpe2ulg2e,Apple iPhone
at://did:plc:opq5phhuquxppobexcp2cm4y/app.bsky.feed.post/3mw3u7gf2nf2t,"⚡ Apple tapped Ukrainian director Tanu Muino to film its latest iPhone 18 Pro campaign. 

united24media.com/culture/appl...",2026-09-22T08:56:26.107Z,2026-09-22T08:56:28.362Z,2026-09-22T16:43:30Z,united24media.com,did:plc:opq5phhuquxppobexcp2cm4y,34,5,0,1,https://bsky.app/profile/united24media.com/post/3mw3u7gf2nf2t,Apple iPhone
at://did:plc:qt34fdb5di4hsny5wncomxtt/app.bsky.feed.post/3mw3up36nmn2k,"Galaxy S26 Ultra’s unique privacy feature you won’t find on Apple’s iPhone 18 Pro

#Apple #GalaxyS26Ultra #Phone

https://justpaste.in/tech/galaxy-s26-ultra-privacy-feature-missing-apple-iphone-18-pro/",2026-09-22T09:05:11Z,2026-09-22T09:05:13.056Z,2026-09-22T16:43:30Z,techworlddaily.bsky.social,did:plc:qt34fdb5di4hsny5wncomxtt,0,0,0,0,https://bsky.app/profile/techworlddaily.bsky.social/post/3mw3up36nmn2k,Apple iPhone
at://did:plc:xtpfu6mswicefxo6aq427per/app.bsky.feed.post/3mw3uyoqj6k2l,"Mientras  el distópico mundo capitalista,  colas en  Apple Store para x el ""nuevo"" Iphone 18, el mismo teléfono reciclado que solo malgasta recursos en una espiral consumista. En la otra parte del mundo, 1 niño de 8 años  esclavizado en minas de cobalto en beneficios de las multinacionales.",2026-09-22T09:10:35.387Z,2026-09-22T09:10:36.860Z,2026-09-22T16:43:30Z,jartitameteneis.bsky.social,did:plc:xtpfu6mswicefxo6aq427per,9,15,2,0,https://bsky.app/profile/jartitameteneis.bsky.social/post/3mw3uyoqj6k2l,Apple iPhone
at://did:plc:4cza36qbkphjmkbh3ftndv3e/app.bsky.feed.post/3mw3vuqjr4k2j,#vinted me acaba de bloquear la cuenta por qué dice que los antiguos auriculares con cable de Apple de un antiguo iPhone que intento vender son falsificados. Que la #IA los ha definido como falsos. Estoy súper cabreado,2026-09-22T09:26:16.785Z,2026-09-22T09:26:17.058Z,2026-09-22T16:43:30Z,jo-hh.bsky.social,did:plc:4cza36qbkphjmkbh3ftndv3e,0,0,0,0,https://bsky.app/profile/jo-hh.bsky.social/post/3mw3vuqjr4k2j,Apple iPhone
at://did:plc:u3tf2dmdiehllhr5fuyp7z5a/app.bsky.feed.post/3mw3vvekf4k2u,"Apple has updated its press release to confirm that adjusting texture and grain in Photographic Styles 3 is only available on iPhone 18 Pro, iPhone 18 Pro Max, and iPhone Duo.",2026-09-22T09:26:37.777Z,2026-09-22T09:26:48.759Z,2026-09-22T16:43:30Z,betaprofiles.com,did:plc:u3tf2dmdiehllhr5fuyp7z5a,2,0,2,0,https://bsky.app/profile/betaprofiles.com/post/3mw3vvekf4k2u,Apple iPhone
at://did:plc:gp4ccwxzidfsqbetq2hroybi/app.bsky.feed.post/3mw3vvgonlp2k,El arma secreta de Apple contra los ladrones: así funcionará el bloqueo automático del iPhone www.softonic.com/articulos/bl...,2026-09-22T09:26:39.993Z,2026-09-22T09:26:40.560Z,2026-09-22T16:43:30Z,davidbernalraspall.bsky.social,did:plc:gp4ccwxzidfsqbetq2hroybi,0,0,0,0,https://bsky.app/profile/davidbernalraspall.bsky.social/post/3mw3vvgonlp2k,Apple iPhone
at://did:plc:echwbhqhh7jo6hk56nov6mt5/app.bsky.feed.post/3mw3w3oeby52k,Apple może przeskoczyć z iPhone’a 18 prosto do iPhone’a 20 na 20-lecie serii. W przeciekach są też większe ekrany i bateria 6000 mAh w Pro Max. Ciekawiej niż zwykła ewolucja? 📱,2026-09-22T09:30:06.387447Z,2026-09-22T09:30:10.060Z,2026-09-22T16:43:30Z,androidcompl.bsky.social,did:plc:echwbhqhh7jo6hk56nov6mt5,1,0,0,0,https://bsky.app/profile/androidcompl.bsky.social/post/3mw3w3oeby52k,Apple iPhone
at://did:plc:hqzi65bksuaqqhvxn7e3ev3r/app.bsky.feed.post/3mw3wp5y6lu2h,"Переменная диафрагма в iPhone 18 Pro – красивая инженерия и кошмар для ремонта
https://shazoo.ru/2026/09/22/191021/sest-lepestkov-tonse-celoveceskogo-volosa-delaiut-kameru-iphone-18-pro-pocti-neremontiruemoi",2026-09-22T09:41:03.056654Z,2026-09-22T09:41:03.968Z,2026-09-22T16:43:30Z,weareshazoo.bsky.social,did:plc:hqzi65bksuaqqhvxn7e3ev3r,0,0,0,0,https://bsky.app/profile/weareshazoo.bsky.social/post/3mw3wp5y6lu2h,Apple iPhone
at://did:plc:xuutbtra6nrnnw3dd6kgyrsp/app.bsky.feed.post/3mw3wufkucj27,"🔥 Apple iPhone 16 Pro Max 256 Go Gris débloqué 5G Wi‑Fi Bluetooth iOS
eBay · 873.70 €
#BonPlan #HighTech #Promo",2026-09-22T09:43:58.699744Z,2026-09-22T09:43:59.858Z,2026-09-22T16:43:30Z,chasseurdedeals.bsky.social,did:plc:xuutbtra6nrnnw3dd6kgyrsp,0,0,0,0,https://bsky.app/profile/chasseurdedeals.bsky.social/post/3mw3wufkucj27,Apple iPhone
at://did:plc:a3bytqa2zaerm5c5tg3ja4tc/app.bsky.feed.post/3mw3tjna3ad2k,"iPhone 18 Pro atinge velocidades de apenas 1,1 MB/s no armazenamento após esgotar cache.

#armazenamento #cache #iphone ",2026-09-22T09:44:10Z,2026-09-22T08:44:17.259Z,2026-09-22T16:43:30Z,tugate.ch,did:plc:a3bytqa2zaerm5c5tg3ja4tc,0,0,0,0,https://bsky.app/profile/tugate.ch/post/3mw3tjna3ad2k,Apple iPhone
at://did:plc:qt34fdb5di4hsny5wncomxtt/app.bsky.feed.post/3mw3x4yncva26,"iPhone Duo vs Galaxy Z Fold 8: Weight and thickness compared

#Apple #GalaxyZFold8 #GalaxyZFold8Ultra #iPhoneDuo #Phone

https://justpaste.in/tech/iphone-duo-vs-galaxy-z-fold-8-weight-and-thickness-compared/",2026-09-22T09:48:45Z,2026-09-22T09:48:47.657Z,2026-09-22T16:43:30Z,techworlddaily.bsky.social,did:plc:qt34fdb5di4hsny5wncomxtt,0,0,0,0,https://bsky.app/profile/techworlddaily.bsky.social/post/3mw3x4yncva26,Apple iPhone
at://did:plc:uqgca2we7hfeqpjoluneso3j/app.bsky.feed.post/3mw3x4zupas27,"Test der Selfie-Fähigkeiten des nagelneuen iPhone 18 Pro Max:
Auch wenn der Gesichtsausdruck etwas anderes vermuten lässt, Apple-Produkte machen glücklich.

#apple #iPhone #iPhone18ProMax #selfie",2026-09-22T09:48:48.756Z,2026-09-22T09:49:11.757Z,2026-09-22T16:43:30Z,stemuck.bsky.social,did:plc:uqgca2we7hfeqpjoluneso3j,0,0,0,0,https://bsky.app/profile/stemuck.bsky.social/post/3mw3x4zupas27,Apple iPhone
at://did:plc:dsqoqguskeaul5v7vhxzuprh/app.bsky.feed.post/56dyvdvxemrdr,Quer trocar de iPhone? Veja uma seleção com os modelos Apple em promoção na Amazon,2026-09-22T09:49:05-03:00,2026-09-22T12:49:06.560Z,2026-09-22T16:43:30Z,olhardigital01.bsky.social,did:plc:dsqoqguskeaul5v7vhxzuprh,0,0,0,0,https://bsky.app/profile/olhardigital01.bsky.social/post/56dyvdvxemrdr,Apple iPhone
at://did:plc:d4o3gcitsdyeazkowioywk7o/app.bsky.feed.post/3mw3x5rokpw2c,"Apple builds a concert hall in Battersea – because your playlist deserves a proper stage.
#Apple #Unveils #Music #Entertainment #Satire
https://processorpress.com/story/169/apple-unveils-music-hall-in-battersea-promises-fans-won-t-need-an-iphone-to-find",2026-09-22T09:49:12Z,2026-09-22T09:49:14.663Z,2026-09-22T16:43:30Z,processorpress.bsky.social,did:plc:d4o3gcitsdyeazkowioywk7o,1,0,0,0,https://bsky.app/profile/processorpress.bsky.social/post/3mw3x5rokpw2c,Apple iPhone
at://did:plc:hmtbe2a5xzwqxhqtfgyfmcwa/app.bsky.feed.post/3mw3x7fj3nm2m,"Anlmz 3 in 1 Charging Station for iPhone - Wireless Charger for Apple… → now $17.11, 43% off
https://www.amazon.com/dp/B0BF9TYJWR?tag=birdxdeal-20 #anlmz #charging",2026-09-22T09:50:06Z,2026-09-22T09:50:08.558Z,2026-09-22T16:43:30Z,birdxdealss.bsky.social,did:plc:hmtbe2a5xzwqxhqtfgyfmcwa,0,0,0,0,https://bsky.app/profile/birdxdealss.bsky.social/post/3mw3x7fj3nm2m,Apple iPhone
at://did:plc:3t7mj4gzn73z4pp27ycpxlae/app.bsky.feed.post/3mw3xbmfcuh2x,iPhone 18 Pro-gebruikers ervaren Face ID-bugs die het toestel laten crashen. Ook Apple Watch Series 12 en Ultra 4 starten willekeurig opnieuw op 📲⌚️😱,2026-09-22T09:51:22+00:00,2026-09-22T09:51:22.965Z,2026-09-22T16:43:30Z,appletips.bsky.social,did:plc:3t7mj4gzn73z4pp27ycpxlae,0,0,0,0,https://bsky.app/profile/appletips.bsky.social/post/3mw3xbmfcuh2x,Apple iPhone
at://did:plc:n72kkqngi5s3r4aketewpme2/app.bsky.feed.post/3mw3xdqna5k2s,"iFixit posts teardown report of iPhone 18 Pro, iPhone 18 Pro Max units

www.powerpage.org/ifixit-posts...

#Apple #iFixit #report #teardown #components #hardware #camera #battery #iPhone18Pro #iPhone18ProMax #business #retail #parts #chainmail #cooling #vaporcooling #chamber",2026-09-22T09:52:33.957Z,2026-09-22T09:52:34.357Z,2026-09-22T16:43:30Z,powerpage.org,did:plc:n72kkqngi5s3r4aketewpme2,0,0,0,0,https://bsky.app/profile/powerpage.org/post/3mw3xdqna5k2s,Apple iPhone
at://did:plc:a3bytqa2zaerm5c5tg3ja4tc/app.bsky.feed.post/3mw3tzjbe4g2n,"O chefe de hardware da Apple considera que usar película no iPhone é um erro desnecessário devido à tecnologia Ceramic Shield 2. 📱

#apple #erro #hardware #iphone #marca #queda ",2026-09-22T09:53:04Z,2026-09-22T08:53:10.158Z,2026-09-22T16:43:30Z,tugate.ch,did:plc:a3bytqa2zaerm5c5tg3ja4tc,0,0,0,0,https://bsky.app/profile/tugate.ch/post/3mw3tzjbe4g2n,Apple iPhone
at://did:plc:4w5gvggjpwm624gjwlwwd2kt/app.bsky.feed.post/3mw3xrxwegt2s,Does iPhone Duo support Apple Pencil? www.theapplepost.com/2026/09/22/7...,2026-09-22T10:00:30.300Z,2026-09-22T10:00:32.262Z,2026-09-22T16:43:30Z,theapplepost.com,did:plc:4w5gvggjpwm624gjwlwwd2kt,0,0,0,0,https://bsky.app/profile/theapplepost.com/post/3mw3xrxwegt2s,Apple iPhone
at://did:plc:3hjj6wzstzbzxkda72mvofcz/app.bsky.feed.post/3mw2znkabxa2j,"[PGX RECOMMEND] 記事のおすすめキーワードは
[Apple iPhone Duo]

Apple iPhone Duoケース - ネイビーブルー ​​​​​​​
https://www.amazon.co.jp/dp/B0HJBHX82K/ref=nosim?tag=hanaguratwebr-22",2026-09-22T10:01:08+09:00,2026-09-22T01:01:11.061Z,2026-09-22T16:43:30Z,hanaguro.bsky.social,did:plc:3hjj6wzstzbzxkda72mvofcz,0,0,0,0,https://bsky.app/profile/hanaguro.bsky.social/post/3mw2znkabxa2j,Apple iPhone
at://did:plc:bqprt2hrnmvbz3zt56hc45cs/app.bsky.feed.post/3mw3y2od3jx2p,"Funzioni iPhone 18 Pro da provare appena lo accendi

Hai appena tolto la pellicola e ti stai chiedendo da dove cominciare. Le funzioni iPhone 18 Pro da provare subito sono poche ma fanno la differenza. In cima alla lista c'è la nuova fotocamera con apertura variabile, poi i controlli manuali, la…",2026-09-22T10:05:23Z,2026-09-22T10:05:24.374Z,2026-09-22T16:43:30Z,infotelematico.bsky.social,did:plc:bqprt2hrnmvbz3zt56hc45cs,0,0,0,0,https://bsky.app/profile/infotelematico.bsky.social/post/3mw3y2od3jx2p,Apple iPhone
at://did:plc:qbydhwx4xls47rwrwwsnrpvx/app.bsky.feed.post/3mw3uqm4uoq2m,"iPhone Weather Alerts Setup: Turning On Notifications

https://techygeekshome.info/setting-up-weather-alerts-on-your-apple-iphone/",2026-09-22T10:06:02Z,2026-09-22T09:06:04.664Z,2026-09-22T16:43:30Z,techygeekshome.bsky.social,did:plc:qbydhwx4xls47rwrwwsnrpvx,0,0,0,0,https://bsky.app/profile/techygeekshome.bsky.social/post/3mw3uqm4uoq2m,Apple iPhone
at://did:plc:4c3lq6o2rpcgsigap3mnpvzk/app.bsky.feed.post/3mw3y7zmlg52e,"Apple heeft de iPhone 18 Pro en de iPhone 18 Pro Max pas net uitgebracht, maar er zijn nu al problemen met de iPhones. Dit is er aan de hand!… ",2026-09-22T10:07:00+00:00,2026-09-22T10:08:23.063Z,2026-09-22T16:43:30Z,iphoned.bsky.social,did:plc:4c3lq6o2rpcgsigap3mnpvzk,0,0,0,0,https://bsky.app/profile/iphoned.bsky.social/post/3mw3y7zmlg52e,Apple iPhone
at://did:plc:uoshhpyjd42oki3lcmjnwems/app.bsky.feed.post/3mw3y7u6mfc2t,"#Apple hat Nutzer in über 150 Ländern vor gezielter #Spyware gewarnt. Wer die Benachrichtigung erhält, sollte schnell den Sperrmodus auf dem iPhone aktivieren.",2026-09-22T10:08:17.075Z,2026-09-22T10:08:17.362Z,2026-09-22T16:43:30Z,winfuture.de,did:plc:uoshhpyjd42oki3lcmjnwems,0,0,0,0,https://bsky.app/profile/winfuture.de/post/3mw3y7u6mfc2t,Apple iPhone
at://did:plc:cs2xibffaube47gczctv2u4y/app.bsky.feed.post/3mw3yb7amo22l,"Ich hab Akku tauschen lassen. Kostet um die 100€ bei Apple mit Garantie und allem. So kannst Du ein iPhone (falls Du es nicht als Statussymbol nutzen musst) gut und gerne 5-6 Jahre nutzen.
Ich hab auch noch nie ein neues gekauft. Ich nehm immer gebrauchte der Vorgeneration.",2026-09-22T10:09:02.352Z,2026-09-22T10:09:04.358Z,2026-09-22T16:43:30Z,hankdemoody.ofc1893.de,did:plc:cs2xibffaube47gczctv2u4y,1,0,1,0,https://bsky.app/profile/hankdemoody.ofc1893.de/post/3mw3yb7amo22l,Apple iPhone
at://did:plc:bjtarxv62jobexlopc2sbptn/app.bsky.feed.post/3mw3yiip4sr2n,"iPhone 18 Pro : deux bugs ont déjà été signalés avec iOS 27
www.iphon.fr/post/iphone-...",2026-09-22T10:13:06.743Z,2026-09-22T10:13:07.660Z,2026-09-22T16:43:30Z,iphon.fr,did:plc:bjtarxv62jobexlopc2sbptn,0,0,0,0,https://bsky.app/profile/iphon.fr/post/3mw3yiip4sr2n,Apple iPhone
at://did:plc:xuutbtra6nrnnw3dd6kgyrsp/app.bsky.feed.post/3mw3yqefz4a2c,"🔥 Coque Apple pour iPhone 18 Pro Max
59 €
#BonPlan #HighTech #Promo",2026-09-22T10:17:30.763316Z,2026-09-22T10:17:31.164Z,2026-09-22T16:43:30Z,chasseurdedeals.bsky.social,did:plc:xuutbtra6nrnnw3dd6kgyrsp,0,0,0,0,https://bsky.app/profile/chasseurdedeals.bsky.social/post/3mw3yqefz4a2c,Apple iPhone
at://did:plc:twe5rekrmqakxbavqy4kzghh/app.bsky.feed.post/3mw3yvelyt722,"Το “Surprise and shine” event της Apple έκρυβε όντως κάποιες εκπλήξεις! Η μεγαλύτερη δεν ήταν άλλη από το πρώτο foldable smartphone της εταιρείας, το iPhone Duo! Το φθινοπωρινό event της Apple είχε φυσικά και μερικές πιο αναμενόμενες παρουσιάσεις, δηλαδή τη νέα γενιά iPhone 18 Pro και iPhone 18 Pro…",2026-09-22T10:20:16+00:00,2026-09-22T10:20:20.160Z,2026-09-22T16:43:30Z,agrinio24.bsky.social,did:plc:twe5rekrmqakxbavqy4kzghh,0,0,0,0,https://bsky.app/profile/agrinio24.bsky.social/post/3mw3yvelyt722,Apple iPhone
at://did:plc:k6rz5agvja65gocjadb74rlt/app.bsky.feed.post/3mw3yzcr7t22a,"Helped set up my mom's new iPhone and I gotta hand it to Apple, the side by side quick setup is pretty magic.",2026-09-22T10:22:31.348Z,2026-09-22T10:22:31.966Z,2026-09-22T16:43:30Z,puffycurry.bsky.social,did:plc:k6rz5agvja65gocjadb74rlt,0,0,0,0,https://bsky.app/profile/puffycurry.bsky.social/post/3mw3yzcr7t22a,Apple iPhone
at://did:plc:cdo3gdznzmhg4irgaecxqdha/app.bsky.feed.post/3mw3zdbcgjc2u,"Wenn das iPhone Duo im Oktober auf den Markt kommt, wird der Support für Apple-Stifte erst nachgereicht. Auch ein für das Foldable passender Pencil fehlt. #iPhone",2026-09-22T10:28:05.113Z,2026-09-22T10:28:05.959Z,2026-09-22T16:43:30Z,macandi.bsky.social,did:plc:cdo3gdznzmhg4irgaecxqdha,0,0,0,0,https://bsky.app/profile/macandi.bsky.social/post/3mw3zdbcgjc2u,Apple iPhone
at://did:plc:qrsogso5aw2o6y6meie4pspk/app.bsky.feed.post/3mw3zgwrzf62o,"The window is now open for people who purchased certain recent iPhone models to begin filing claims to receive their share of the quarter-billion-dollar settlement fund established in the wake of the class-action lawsuit filed against Apple, accusing the tech giant of false advertising.",2026-09-22T10:30:08Z,2026-09-22T10:30:09.262Z,2026-09-22T16:43:30Z,fox5atlanta.bsky.social,did:plc:qrsogso5aw2o6y6meie4pspk,0,0,0,0,https://bsky.app/profile/fox5atlanta.bsky.social/post/3mw3zgwrzf62o,Apple iPhone
at://did:plc:mht5ub4ykjuoxpux77hikixt/app.bsky.feed.post/3mw3zjhkh4b2o,Apple just pulled Texture & Grain support from older iPhones—iPhone 18 Pro and Duo only now. #Apple #iOS27 #TextureGrain #PhotographicStyles #iPhone18Pro #Compatibility https://thedailytechfeed.com/apple-limits-new-texture-grain-controls-to-only-iphone-18-pro-duo/,2026-09-22T10:31:27.000Z,2026-09-22T10:31:34.261Z,2026-09-22T16:43:30Z,thedailytechfeed.com,did:plc:mht5ub4ykjuoxpux77hikixt,1,0,0,0,https://bsky.app/profile/thedailytechfeed.com/post/3mw3zjhkh4b2o,Apple iPhone
at://did:plc:gubs5bxxp3nblzedqsil2hfh/app.bsky.feed.post/3mw3zjbscbo2v,"Apple says the iPhone 18 Pro brings a major battery upgrade, but real-world tests show how much longer it actually lasts than the iPhone 17 Pro.",2026-09-22T10:31:27.050Z,2026-09-22T10:31:27.759Z,2026-09-22T16:43:30Z,bgrcom.bsky.social,did:plc:gubs5bxxp3nblzedqsil2hfh,0,0,0,0,https://bsky.app/profile/bgrcom.bsky.social/post/3mw3zjbscbo2v,Apple iPhone
at://did:plc:lrcn6ac2xvtw72czu7ntlok3/app.bsky.feed.post/3mw4du7xerr2x,"Oferta: iPhone 17e de 512GB por R$4.799,08 no Pix!",2026-09-22T10:36:30Z,2026-09-22T13:36:31.862Z,2026-09-22T16:43:30Z,macmagazine.com.br,did:plc:lrcn6ac2xvtw72czu7ntlok3,0,0,0,0,https://bsky.app/profile/macmagazine.com.br/post/3mw4du7xerr2x,Apple iPhone
at://did:plc:wq2lrjhumgalwq2oekzofngz/app.bsky.feed.post/3mw3zt6l5kk25,"The morning glory is one of the most commonly seen flowers in Japan.
朝顔は日本で最もよく見る花の一つ。

#apple #iPhone #アップル #アイフォーン #toydigi #ノスタルジー #平成レトロ #レトロ #風景写真 #toycamera #toycameraphotography #streetphotography #デジタルカメラ #コンデジ #写真好きな人と繋がりたい #キリトリセカイ #ファインダー越しの私の世界 #東京カメラ部 #東京写真部 #ブルスカ写真部",2026-09-22T10:36:59.362Z,2026-09-22T10:37:02.657Z,2026-09-22T16:43:30Z,t-shimizu.bsky.social,did:plc:wq2lrjhumgalwq2oekzofngz,14,1,0,0,https://bsky.app/profile/t-shimizu.bsky.social/post/3mw3zt6l5kk25,Apple iPhone
at://did:plc:dwecjm5n7fyljcjk3vi7x5oa/app.bsky.feed.post/3mw427bp4472n,"9to5Mac より

Apple VP of hardware talks iPhone Duo durability, crease, hinge, and more
ハードウェアのAppleVPはiPhone Duoの耐久性、 crease、 hinge、およびそれ以上の話をします
",2026-09-22T10:43:44.734956+00:00,2026-09-22T10:43:45.363Z,2026-09-22T16:43:30Z,gigowat.bsky.social,did:plc:dwecjm5n7fyljcjk3vi7x5oa,0,0,0,0,https://bsky.app/profile/gigowat.bsky.social/post/3mw427bp4472n,Apple iPhone
at://did:plc:74srcpdte7ofk5sokhouhugf/app.bsky.feed.post/3mw427s2vdk2k,"Eligible #iPhone owners in the #US can submit claims for an estimated $25 per qualifying device, with the maximum payout capped at $95.
#apple

Read More:
www.moneycontrol.com/technology/a...",2026-09-22T10:44:02.463Z,2026-09-22T10:44:03.258Z,2026-09-22T16:43:30Z,charansaujla.bsky.social,did:plc:74srcpdte7ofk5sokhouhugf,0,0,0,0,https://bsky.app/profile/charansaujla.bsky.social/post/3mw427s2vdk2k,Apple iPhone
at://did:plc:zy6mv5suzsvkatxnip7mwnhu/app.bsky.feed.post/3mw42bymy4e22,"""La nuova tecnologia di Apple per certificare che una foto non è AI

Negli iPhone 18 Pro è integrato un complesso sistema di firma digitale che prova ad affrontare un problema sempre più pressante per la società""

Leggi tutto: https://ilpost.link/XZQA9gqqNt

@tecnologia

@aitech",2026-09-22T10:45:13.000Z,2026-09-22T10:45:24.062Z,2026-09-22T16:43:30Z,paoblog.mastodon.uno.ap.brid.gy,did:plc:zy6mv5suzsvkatxnip7mwnhu,0,0,0,0,https://bsky.app/profile/paoblog.mastodon.uno.ap.brid.gy/post/3mw42bymy4e22,Apple iPhone
at://did:plc:uf6566ur4zv2h7yl4les2ygh/app.bsky.feed.post/3mw42ep7kkm2i,"Apple is opening its first ever venue

‘Music Hall’ inside Battersea Power Station is intended as an intimate space able to host arena-sized shows, and serves as a new home for iPhone maker’s streaming service",2026-09-22T10:46:46Z,2026-09-22T10:46:47.861Z,2026-09-22T16:43:30Z,umlegacypress.com,did:plc:uf6566ur4zv2h7yl4les2ygh,0,0,0,0,https://bsky.app/profile/umlegacypress.com/post/3mw42ep7kkm2i,Apple iPhone
at://did:plc:bzmk3ckfqknekbjht2wsgctd/app.bsky.feed.post/3mw42fhwzcd2p,"Μερίδα χρηστών αναφέρει προβλήματα με το Face ID στα iPhone 18 Pro και ξαφνικές επανεκκινήσεις στα Apple Watch Series 12 και Ultra 4, χωρίς σχόλιο της Apple.",2026-09-22T10:47:11.758Z,2026-09-22T10:47:13.660Z,2026-09-22T16:43:30Z,insomnia.gr,did:plc:bzmk3ckfqknekbjht2wsgctd,0,0,0,0,https://bsky.app/profile/insomnia.gr/post/3mw42fhwzcd2p,Apple iPhone
at://did:plc:3mnxnp7v63tbb7x6nxkyuwoe/app.bsky.feed.post/3mw42pbgs3c2w,Uma história de sucesso: Apple e o impacto do iPhone Duo no mercado de dobráveis.,2026-09-22T10:52:41.897Z,2026-09-22T10:52:43.559Z,2026-09-22T16:43:30Z,pplware.bsky.social,did:plc:3mnxnp7v63tbb7x6nxkyuwoe,0,0,0,0,https://bsky.app/profile/pplware.bsky.social/post/3mw42pbgs3c2w,Apple iPhone
at://did:plc:xuutbtra6nrnnw3dd6kgyrsp/app.bsky.feed.post/3mw42txb4o52x,"🔥 Apple iPhone 15 128 Go Noir iOS style Barre avec boîte d’origine
eBay · 333.34 €
#BonPlan #HighTech #Promo",2026-09-22T10:55:18.653263Z,2026-09-22T10:55:19.562Z,2026-09-22T16:43:30Z,chasseurdedeals.bsky.social,did:plc:xuutbtra6nrnnw3dd6kgyrsp,0,0,0,0,https://bsky.app/profile/chasseurdedeals.bsky.social/post/3mw42txb4o52x,Apple iPhone
at://did:plc:v2ob6je7otkaffdktzdaywzp/app.bsky.feed.post/3mw42usg5mk25,"Siri AI Settlement Website Now Live: Apple to Pay Some iPhone Owners - MacRumors

www.macrumors.com/2026/09/20/s...

- 애플이 'Siri AI' 기능의 출시 지연으로 제기된 허위 광고 집단소송을 해결하기 위해 총 2억 5,000만 달러 (3,388억 2,500만 원) 규모의 합의금 청구 웹사이트를 개설 (🧵1/2)",2026-09-22T10:55:47.475Z,2026-09-22T10:55:50.260Z,2026-09-22T16:43:30Z,lunamoth.bsky.social,did:plc:v2ob6je7otkaffdktzdaywzp,1,0,1,0,https://bsky.app/profile/lunamoth.bsky.social/post/3mw42usg5mk25,Apple iPhone
at://did:plc:2j6dznyckhp42qxhemxrsy5f/app.bsky.feed.post/3mw42ztgvea2n,"[Shocking] Apple Decides to Cancel Development of Dedicated Folding iPhone Stylus! Why?

▼Read More
https://tech-matome.com/archives/46251",2026-09-22T10:58:35.778837+00:00,2026-09-22T10:58:36.463Z,2026-09-22T16:43:30Z,aitechmatome-eng.bsky.social,did:plc:2j6dznyckhp42qxhemxrsy5f,0,0,1,0,https://bsky.app/profile/aitechmatome-eng.bsky.social/post/3mw42ztgvea2n,Apple iPhone
at://did:plc:2j6dznyckhp42qxhemxrsy5f/app.bsky.feed.post/3mw432bjkju2k,"Apple was developing a short, dedicated Apple Pencil for its folding smartphone, iPhone Duo, but canceled the plan before mass production due to technical issues. Instead, the existing Apple Pencil (USB-C) will support the iPhone Duo via a software update in 2026, working on both outer ...",2026-09-22T10:58:50.985321+00:00,2026-09-22T10:58:51.959Z,2026-09-22T16:43:30Z,aitechmatome-eng.bsky.social,did:plc:2j6dznyckhp42qxhemxrsy5f,0,0,0,0,https://bsky.app/profile/aitechmatome-eng.bsky.social/post/3mw432bjkju2k,Apple iPhone
at://did:plc:edlhbnew2fu4x3huxgrtybsp/app.bsky.feed.post/3mw432wzbzk2o,"Negli iPhone 18 Pro è integrato un complesso sistema di firma digitale che prova ad affrontare un problema sempre più pressante per la società: certificare che un’immagine sia autentica per come la vediamo

ilpost.link/AzyNvZm4rB",2026-09-22T10:59:13.623Z,2026-09-22T10:59:15.260Z,2026-09-22T16:43:30Z,ilpost.it,did:plc:edlhbnew2fu4x3huxgrtybsp,2,0,0,0,https://bsky.app/profile/ilpost.it/post/3mw432wzbzk2o,Apple iPhone
at://did:plc:ryrqylbqv7izbppbd3g5pxf4/app.bsky.feed.post/3mw436l2izx23,"Wenn das iPhone Duo im Oktober auf den Markt kommt, wird der Support für Apple-Stifte erst nachgereicht. Auch ein für das Foldable passender Pencil fehlt.",2026-09-22T11:01:15.205465+00:00,2026-09-22T11:01:15.861Z,2026-09-22T16:43:30Z,de-nachrichten.bsky.social,did:plc:ryrqylbqv7izbppbd3g5pxf4,1,0,0,0,https://bsky.app/profile/de-nachrichten.bsky.social/post/3mw436l2izx23,Apple iPhone
at://did:plc:d7kyysydmsalwo2zadsha5sb/app.bsky.feed.post/3mw43ao3a4s2y,"Siri AI Settlement Website Now Live: Apple to Pay Some iPhone Owners - MacRumors

www.macrumors.com/2026/09/20/s...

- 애플이 'Siri AI' 기능의 출시 지연으로 제기된 허위 광고 집단소송을 해결하기 위해 총 2억 5,000만 달러 (3,388억 2,500만 원) 규모의 합의금 청구 웹사이트를 개설 (🧵1/2)",2026-09-22T11:02:25.576Z,2026-09-22T11:02:27.761Z,2026-09-22T16:43:30Z,lunamothryu.bsky.social,did:plc:d7kyysydmsalwo2zadsha5sb,0,0,1,0,https://bsky.app/profile/lunamothryu.bsky.social/post/3mw43ao3a4s2y,Apple iPhone
at://did:plc:qt34fdb5di4hsny5wncomxtt/app.bsky.feed.post/3mw43cfqft62o,"Here’s how quickly Apple catches up to Samsung with iPhone Duo

#GalaxyZFold8 #iPhoneDuo #Phone

https://justpaste.in/tech/heres-how-quickly-apple-catches-up-to-samsung-with-iphone-duo/",2026-09-22T11:03:23Z,2026-09-22T11:03:24.561Z,2026-09-22T16:43:30Z,techworlddaily.bsky.social,did:plc:qt34fdb5di4hsny5wncomxtt,0,0,0,0,https://bsky.app/profile/techworlddaily.bsky.social/post/3mw43cfqft62o,Apple iPhone
at://did:plc:sodht2nhpgd7x4onrx3e4dkj/app.bsky.feed.post/3mw43kdeb7c22,"🧐 𝗶𝗣𝗛𝗢𝗡𝗘 𝟭𝟴 𝗣𝗥𝗢 𝗠𝗔𝗫: 𝗣𝗥𝗜𝗠𝗘𝗥𝗔𝗦 𝗜𝗠𝗣𝗥𝗘𝗦𝗜𝗢𝗡𝗘𝗦

🥲 Hemos probado el nuevo iPhone 18 Pro Max de Apple durante unos días y las sensaciones generales son muy buenas en rendimiento, batería, cámaras y experiencia de usuario.

👉🏻 𝗟𝗲𝗲 𝗲𝗹 𝗮𝗻𝗮́𝗹𝗶𝘀𝗶𝘀: www.elnacional.cat/es/tecnologi...",2026-09-22T11:07:49.881Z,2026-09-22T11:07:52.658Z,2026-09-22T16:43:30Z,ipadizate.com,did:plc:sodht2nhpgd7x4onrx3e4dkj,0,0,0,0,https://bsky.app/profile/ipadizate.com/post/3mw43kdeb7c22,Apple iPhone
at://did:plc:xuutbtra6nrnnw3dd6kgyrsp/app.bsky.feed.post/3mw43qnzyip2z,"🔥 Apple iPhone 17 Pro 256 Go Blanc Débloqué d'usine iOS MG8T4CH/A double SIM
eBay · 1383.70 €
#BonPlan #HighTech #Promo",2026-09-22T11:11:22.058015Z,2026-09-22T11:11:23.257Z,2026-09-22T16:43:30Z,chasseurdedeals.bsky.social,did:plc:xuutbtra6nrnnw3dd6kgyrsp,0,0,0,0,https://bsky.app/profile/chasseurdedeals.bsky.social/post/3mw43qnzyip2z,Apple iPhone
at://did:plc:xuutbtra6nrnnw3dd6kgyrsp/app.bsky.feed.post/3mw43qrqunb2x,"🔥 Apple iPhone XR 128 Go Blanc iOS Smartphone avec boîte et écouteurs
eBay · 104.70 €
#BonPlan #HighTech #Promo",2026-09-22T11:11:25.827052Z,2026-09-22T11:11:27.660Z,2026-09-22T16:43:30Z,chasseurdedeals.bsky.social,did:plc:xuutbtra6nrnnw3dd6kgyrsp,0,0,0,0,https://bsky.app/profile/chasseurdedeals.bsky.social/post/3mw43qrqunb2x,Apple iPhone
at://did:plc:uclnbolysmq6lc6aoqrm5u7w/app.bsky.feed.post/3mw43ug3ypr2k,iPhone 18 Pro y Pro Max ya están confirmados por Apple. Así funcionan sus principales funciones para usuarios sin experiencia técnica.,2026-09-22T11:13:28Z,2026-09-22T11:13:29.460Z,2026-09-22T16:43:30Z,jujuygrafico.bsky.social,did:plc:uclnbolysmq6lc6aoqrm5u7w,0,0,0,0,https://bsky.app/profile/jujuygrafico.bsky.social/post/3mw43ug3ypr2k,Apple iPhone
at://did:plc:oug5nx55uzpkksln3yondqeb/app.bsky.feed.post/3mw43uhu3ve2h,iPhone 18 Pro y Pro Max ya están confirmados por Apple. Así funcionan sus principales funciones para usuarios sin experiencia técnica.,2026-09-22T11:13:29Z,2026-09-22T11:13:31.161Z,2026-09-22T16:43:30Z,elcorreografico.bsky.social,did:plc:oug5nx55uzpkksln3yondqeb,0,0,0,0,https://bsky.app/profile/elcorreografico.bsky.social/post/3mw43uhu3ve2h,Apple iPhone
at://did:plc:xonw7hhy54vq6azasx2xlroe/app.bsky.feed.post/3mw43vwlplr2d,iPhone 18 Pro y Pro Max ya están confirmados por Apple. Así funcionan sus principales funciones para usuarios sin experiencia técnica.,2026-09-22T11:14:18Z,2026-09-22T11:14:20.559Z,2026-09-22T16:43:30Z,deefeeme.bsky.social,did:plc:xonw7hhy54vq6azasx2xlroe,0,0,0,0,https://bsky.app/profile/deefeeme.bsky.social/post/3mw43vwlplr2d,Apple iPhone
at://did:plc:jhejvckz3g73avyhu54j624r/app.bsky.feed.post/3mw43ymffw42g,"Apple agreed to a $250 million Siri AI settlement, allowing eligible iPhone buyers to claim payments of about $25 to $95 by Dec. 21.
",2026-09-22T11:15:49.047Z,2026-09-22T11:15:50.656Z,2026-09-22T16:43:30Z,applebriefly.bsky.social,did:plc:jhejvckz3g73avyhu54j624r,0,0,0,0,https://bsky.app/profile/applebriefly.bsky.social/post/3mw43ymffw42g,Apple iPhone
at://did:plc:sj3q7bq52ejz3oanpnk6i4v2/app.bsky.feed.post/3mw4427eta52n,"Apple agreed to a $250 million Siri AI settlement, allowing eligible iPhone buyers to claim payments of about $25 to $95 by Dec. 21.
",2026-09-22T11:16:42.493Z,2026-09-22T11:16:43.260Z,2026-09-22T16:43:30Z,privpros.bsky.social,did:plc:sj3q7bq52ejz3oanpnk6i4v2,0,0,0,0,https://bsky.app/profile/privpros.bsky.social/post/3mw4427eta52n,Apple iPhone
at://did:plc:a3bytqa2zaerm5c5tg3ja4tc/app.bsky.feed.post/3mw3ypl4cei2o,"Os utilizadores do iPhone 18 Pro relatam problemas de bloqueios e reinícios inesperados nos seus dispositivos. 📱

#iphone ",2026-09-22T11:16:59Z,2026-09-22T10:17:05.160Z,2026-09-22T16:43:30Z,tugate.ch,did:plc:a3bytqa2zaerm5c5tg3ja4tc,0,0,0,0,https://bsky.app/profile/tugate.ch/post/3mw3ypl4cei2o,Apple iPhone
at://did:plc:nr5zcjdc6kui4ymaiowvh3n6/app.bsky.feed.post/3mw4433ra7425,"Apple agreed to a $250 million Siri AI settlement, allowing eligible iPhone buyers to claim payments of about $25 to $95 by Dec. 21.
",2026-09-22T11:17:12.104Z,2026-09-22T11:17:14.059Z,2026-09-22T16:43:30Z,lawbriefly.bsky.social,did:plc:nr5zcjdc6kui4ymaiowvh3n6,0,0,0,0,https://bsky.app/profile/lawbriefly.bsky.social/post/3mw4433ra7425,Apple iPhone
at://did:plc:zxbclrdegu36ivu6o2rjx52c/app.bsky.feed.post/3mw44l6bxx42l,"Apple Funda de Silicona con MagSafe para el iPhone 17 - Amarillo neón ​​​​​​​

📉 Baja de 59,00 a 47,20€

💶 Ahorro: 11,80€ (20%)

🔗 https://amzlink.to/az0tfMCoJNSo5",2026-09-22T11:26:11.617Z,2026-09-22T11:26:12.457Z,2026-09-22T16:43:30Z,lobocompras.bsky.social,did:plc:zxbclrdegu36ivu6o2rjx52c,0,0,0,0,https://bsky.app/profile/lobocompras.bsky.social/post/3mw44l6bxx42l,Apple iPhone
at://did:plc:ydiqwsf7msx6hqyrijcnzcib/app.bsky.feed.post/3mw44n5juenf2,"#xiaomi destroys #apple ... again!

The new Xiaomi 18 Fold is better than the #iPhone Duo, and it is cheaper.

https://www.youtube.com/watch?v=eYBEJBfq_Zs",2026-09-22T11:27:04.000Z,2026-09-22T11:27:29.760Z,2026-09-22T16:43:30Z,andyger.mastodon.social.ap.brid.gy,did:plc:ydiqwsf7msx6hqyrijcnzcib,0,1,0,0,https://bsky.app/profile/andyger.mastodon.social.ap.brid.gy/post/3mw44n5juenf2,Apple iPhone
at://did:plc:xuutbtra6nrnnw3dd6kgyrsp/app.bsky.feed.post/3mw44n3ofvi2c,"🔥 Apple iPhone 15 Pro Max - 256Go - Titane Bleu (Déverrouillé)
eBay · 618.70 €
#BonPlan #HighTech #Promo",2026-09-22T11:27:15.760875Z,2026-09-22T11:27:16.859Z,2026-09-22T16:43:30Z,chasseurdedeals.bsky.social,did:plc:xuutbtra6nrnnw3dd6kgyrsp,0,0,0,0,https://bsky.app/profile/chasseurdedeals.bsky.social/post/3mw44n3ofvi2c,Apple iPhone
at://did:plc:dvzd6zcpx56nl76najzqvw34/app.bsky.feed.post/3mw44om56vk2x,If you’re seeing a notification on your iPhone about an iCloud storage upgrade ready to be activated. It seems like it’s a bug with iOS 27 and Apple is saying they’re fixing it. #iphone #ios,2026-09-22T11:28:07.035Z,2026-09-22T11:28:08.755Z,2026-09-22T16:43:30Z,born2beslicker.bsky.social,did:plc:dvzd6zcpx56nl76najzqvw34,2,0,0,0,https://bsky.app/profile/born2beslicker.bsky.social/post/3mw44om56vk2x,Apple iPhone
at://did:plc:wvmccmcpdioebprvqhbaqwiu/app.bsky.feed.post/3mw44s7vfg22w,"The window is now open for people who purchased certain recent iPhone models to begin filing claims to receive their share of the quarter-billion-dollar settlement fund established in the wake of the class-action lawsuit filed against Apple, accusing the tech giant of false advertising.",2026-09-22T11:30:08Z,2026-09-22T11:30:09.257Z,2026-09-22T16:43:30Z,fox26houston.bsky.social,did:plc:wvmccmcpdioebprvqhbaqwiu,0,0,0,0,https://bsky.app/profile/fox26houston.bsky.social/post/3mw44s7vfg22w,Apple iPhone
at://did:plc:34jre5uqyb335dran2uocczn/app.bsky.feed.post/3mw44saif662l,"The window is now open for people who purchased certain recent iPhone models to begin filing claims to receive their share of the quarter-billion-dollar settlement fund established in the wake of the class-action lawsuit filed against Apple, accusing the tech giant of false advertising.",2026-09-22T11:30:08Z,2026-09-22T11:30:09.768Z,2026-09-22T16:43:30Z,fox29philly.bsky.social,did:plc:34jre5uqyb335dran2uocczn,0,0,0,0,https://bsky.app/profile/fox29philly.bsky.social/post/3mw44saif662l,Apple iPhone
at://did:plc:mhvdm6ujoanyg5lnfvlc24fu/app.bsky.feed.post/3mw44sekd4c2b,iPhone owners included in Apple’s $250 million settlement can begin filing claims,2026-09-22T11:30:12Z,2026-09-22T11:30:13.658Z,2026-09-22T16:43:30Z,fox32chicago.bsky.social,did:plc:mhvdm6ujoanyg5lnfvlc24fu,0,0,0,0,https://bsky.app/profile/fox32chicago.bsky.social/post/3mw44sekd4c2b,Apple iPhone
at://did:plc:3hjj6wzstzbzxkda72mvofcz/app.bsky.feed.post/3mw36puan3b2i,[PGX] iPhone Duoは、ハードウェアとソフトウェアのシームレスな連携により、Androidの折りたたみスマホを超える体験を提供します。特に画面展開時の滑らかなアニメーションや、MacBook Pro譲りのNano-textureディスプレイによる映り込みと折り目の抑制が大きな特徴です。一部機能に妥協はあるものの、Apple独自の設計思想が凝縮された一台となっています。 https://news.yahoo.co.jp/articles/bd77597fb3ee52f2230c502d8b099087250661d1,2026-09-22T11:31:54+09:00,2026-09-22T02:31:57.558Z,2026-09-22T16:43:30Z,hanaguro.bsky.social,did:plc:3hjj6wzstzbzxkda72mvofcz,0,0,1,0,https://bsky.app/profile/hanaguro.bsky.social/post/3mw36puan3b2i,Apple iPhone
at://did:plc:xuutbtra6nrnnw3dd6kgyrsp/app.bsky.feed.post/3mw457uwlgy2c,"🔥 Apple iPhone 13 Pro Max 256 Go - Bleu Sierra (Désimlocké) - Voir description
eBay · 319.00 €
#BonPlan #HighTech #Promo",2026-09-22T11:37:46.369028Z,2026-09-22T11:37:46.860Z,2026-09-22T16:43:30Z,chasseurdedeals.bsky.social,did:plc:xuutbtra6nrnnw3dd6kgyrsp,0,0,0,0,https://bsky.app/profile/chasseurdedeals.bsky.social/post/3mw457uwlgy2c,Apple iPhone
at://did:plc:hmtbe2a5xzwqxhqtfgyfmcwa/app.bsky.feed.post/3mw45cpjpqn2o,"Apple iPhone Air MagSafe Battery ​​​​​​​ → now $59.00, 40% off
https://www.amazon.com/dp/B0FQFH9BST?tag=birdxdeal-20 #apple #iphone",2026-09-22T11:39:21Z,2026-09-22T11:39:21.859Z,2026-09-22T16:43:30Z,birdxdealss.bsky.social,did:plc:hmtbe2a5xzwqxhqtfgyfmcwa,0,0,0,0,https://bsky.app/profile/birdxdealss.bsky.social/post/3mw45cpjpqn2o,Apple iPhone
at://did:plc:a3bytqa2zaerm5c5tg3ja4tc/app.bsky.feed.post/3mw3zyslfqg2y,"Apple restringe novos controlos de fotografia do iOS 27 ao iPhone 18 Pro após alteração. 📸

#apple #fotografia #ios #iphone ",2026-09-22T11:40:03Z,2026-09-22T10:40:08.857Z,2026-09-22T16:43:30Z,tugate.ch,did:plc:a3bytqa2zaerm5c5tg3ja4tc,1,0,0,0,https://bsky.app/profile/tugate.ch/post/3mw3zyslfqg2y,Apple iPhone
at://did:plc:mht5ub4ykjuoxpux77hikixt/app.bsky.feed.post/3mw45wzm2ii23,"iOS 27.2’s AutoLock could lock your iPhone the moment it’s snatched—many sensors, Apple Watch sync, and biometric safeguards. #Apple #AutoLock #iOS27 #Security #StolenDeviceProtection #TheftPrevention https://thedailytechfeed.com/apple-testing-autolock-anti-snatch-system-in-ios-27-2-beta/",2026-09-22T11:50:08.000Z,2026-09-22T11:50:44.066Z,2026-09-22T16:43:30Z,thedailytechfeed.com,did:plc:mht5ub4ykjuoxpux77hikixt,0,0,0,0,https://bsky.app/profile/thedailytechfeed.com/post/3mw45wzm2ii23,Apple iPhone
at://did:plc:jrhge4zgnq6ntoedfqnfz6ph/app.bsky.feed.post/3mw46ai7ncc2j,"¡Apple lanza la 2ª beta de iOS 27.2! Siri con IA en nuevos idiomas. iOS 27.1 se reserva para el iPhone Duo y sus dos pantallas. 
Desarrolladores: Ajustes > Actualización. 
#iOS27

locosdemanzana.es/20...",2026-09-22T11:56:00.000Z,2026-09-22T11:56:01.563Z,2026-09-22T16:43:30Z,juanky7274.bsky.social,did:plc:jrhge4zgnq6ntoedfqnfz6ph,0,0,0,0,https://bsky.app/profile/juanky7274.bsky.social/post/3mw46ai7ncc2j,Apple iPhone
at://did:plc:us3ex2ei67b7w2w4x6p4qf7w/app.bsky.feed.post/3mw46fndfwq2o,"The new JSON project format in Xcode 27.2, adopting your app to iPhone Duo, running Cloud Agents with Xcode on Apple Silicon.

You still have 2 hours to sign up and receive SwiftLee Weekly later today for free:
swiftlee-weekly.com/tomorrow

#swiftdevelopment #iosdevelopment #swiftui #swiftlanguage",2026-09-22T11:58:52.811Z,2026-09-22T11:58:53.962Z,2026-09-22T16:43:30Z,avanderlee.com,did:plc:us3ex2ei67b7w2w4x6p4qf7w,2,0,0,0,https://bsky.app/profile/avanderlee.com/post/3mw46fndfwq2o,Apple iPhone
at://did:plc:hkmxawftyjfwuf5ttocnnnmw/app.bsky.feed.post/3mw46ih7erp2e,"えー！iPhone 18発売が待ち遠しいけど、まさかの「iPhone Duo」の噂で盛り上がってるって知ってた？！😳 実は「Duo」って、Apple以外にも昔から革新的なガジェットに付いてる名前なんだよね！この記事読むと、折りたたみiPhoneへの期待値が爆上がりしちゃうよ🌸 過去の名機から未来を語ろう！
#ガジェットの歴史

https://ascii.jp/elem/000/004/436/4436034/?rss
🛒気になったら詳細をチェックしてね🌸👇
https://www.amazon.co.jp/s?k=iPhone%20Duo&tag=sabotenblog0d-22",2026-09-22T12:00:25.728Z,2026-09-22T12:00:28.459Z,2026-09-22T16:43:30Z,sabo0022.bsky.social,did:plc:hkmxawftyjfwuf5ttocnnnmw,0,0,0,0,https://bsky.app/profile/sabo0022.bsky.social/post/3mw46ih7erp2e,Apple iPhone
at://did:plc:5aumv6xsxxacaerhrubj322g/app.bsky.feed.post/3mw3xs5rswy2p,"iPhone 18 Pro : score DXOMARK de 172 sur la caméra, en hausse grâce à l'aperture variable qui étend la profondeur de champ sur les portraits de groupe. Zoom longue portée en retrait, dominantes de couleur persistantes sur la balance des bla...
https://www.dxomark.com/apple-iphone-18-pro-camera-test/",2026-09-22T12:00:37+02:00,2026-09-22T10:00:38.265Z,2026-09-22T16:43:30Z,camilleroux.com,did:plc:5aumv6xsxxacaerhrubj322g,1,0,1,0,https://bsky.app/profile/camilleroux.com/post/3mw3xs5rswy2p,Apple iPhone
at://did:plc:2goukx4iurassgs47lacz74a/app.bsky.feed.post/3mw46t2mydc2y,Gotta get a new iPhone because of that update a while back that ruined batteries...,2026-09-22T12:06:23.944Z,2026-09-22T12:06:24.863Z,2026-09-22T16:43:30Z,kefyor.bsky.social,did:plc:2goukx4iurassgs47lacz74a,3,0,0,0,https://bsky.app/profile/kefyor.bsky.social/post/3mw46t2mydc2y,iphone
at://did:plc:dwecjm5n7fyljcjk3vi7x5oa/app.bsky.feed.post/3mw46trpnzs2m,"9to5Google より

Galaxy Z Fold 8 saw a surge in popularity as soon as Apple unveiled the iPhone Duo
Galaxy Z Fold 8はAppleがiPhone Duoを発表するとすぐに人気が高まった
",2026-09-22T12:06:47.633098+00:00,2026-09-22T12:06:48.360Z,2026-09-22T16:43:30Z,gigowat.bsky.social,did:plc:dwecjm5n7fyljcjk3vi7x5oa,0,0,0,0,https://bsky.app/profile/gigowat.bsky.social/post/3mw46trpnzs2m,Apple iPhone
at://did:plc:oa7vgbqppaoggnuavuyz6nkk/app.bsky.feed.post/3mw46vnw7kb2y,"Japan’s iPhone users can now install native R18 games outside the App Store. DMM GAMES STORE launched under the country’s new mobile-software law; it needs iOS 26.2+, access from Japan and a Japanese Apple account. https://www.gamespark.jp/article/2026/08/31/171538.html",2026-09-22T12:07:49Z,2026-09-22T12:07:52.359Z,2026-09-22T16:43:30Z,hentaigames.bsky.social,did:plc:oa7vgbqppaoggnuavuyz6nkk,1,1,0,0,https://bsky.app/profile/hentaigames.bsky.social/post/3mw46vnw7kb2y,Apple iPhone
at://did:plc:gp4ccwxzidfsqbetq2hroybi/app.bsky.feed.post/3mw4725s3ol2z,"Personalizar la pantalla de bloqueo del iPhone es mejor en iOS 27: esto es todo lo que podemos hacer
hanaringo.com/personalizar...",2026-09-22T12:10:22.117Z,2026-09-22T12:10:22.661Z,2026-09-22T16:43:30Z,davidbernalraspall.bsky.social,did:plc:gp4ccwxzidfsqbetq2hroybi,0,0,0,0,https://bsky.app/profile/davidbernalraspall.bsky.social/post/3mw4725s3ol2z,iphone
at://did:plc:2s3arw2p45pexy5oumggcwqr/app.bsky.feed.post/3mw4726yid724,"Personalizar la pantalla de bloqueo del iPhone es mejor en iOS 27: esto es todo lo que podemos hacer
hanaringo.com/personalizar...",2026-09-22T12:10:23.209Z,2026-09-22T12:10:24.261Z,2026-09-22T16:43:30Z,hanaringo-es.bsky.social,did:plc:2s3arw2p45pexy5oumggcwqr,0,0,0,0,https://bsky.app/profile/hanaringo-es.bsky.social/post/3mw4726yid724,iphone
at://did:plc:4gn7ujtnk2blxga63ow7ndu5/app.bsky.feed.post/3mw472aab2h2j,"Customising the iPhone Lock Screen is better in iOS 27: here’s everything we can do
hanaringo.com/en/customisi...",2026-09-22T12:10:24.502Z,2026-09-22T12:10:26.063Z,2026-09-22T16:43:30Z,hanaringo-en.bsky.social,did:plc:4gn7ujtnk2blxga63ow7ndu5,0,0,0,0,https://bsky.app/profile/hanaringo-en.bsky.social/post/3mw472aab2h2j,iphone
at://did:plc:vxcrg6phujjul3ojly2idc7i/app.bsky.feed.post/3mw473js7a22v,"Ornate.

iPhone 8

National Coach Museum
Lisbon, Portugal
October 2019
Morris Family 2019 Whirlwind Portugal & Spain Tour

#blackandwhite #classicmono #iphone8 #monochrome #photographersofbluesky #photography #textures #theartofseeing #traveltuesday #treasures",2026-09-22T12:11:08.278Z,2026-09-22T12:11:11.458Z,2026-09-22T16:43:30Z,sirromssur.bsky.social,did:plc:vxcrg6phujjul3ojly2idc7i,8,0,0,0,https://bsky.app/profile/sirromssur.bsky.social/post/3mw473js7a22v,iphone
at://did:plc:r5pj64joaywqnvk2obembpt7/app.bsky.feed.post/3mw474vkgts25,"Someone on here was replacing an iPhone 15 because it wouldn’t charge. I offered this advice, and was basically told to FO. I should have offered to buy their phone for 50 bucks and cleaned it myself 🤷",2026-09-22T12:11:54.163Z,2026-09-22T12:11:55.363Z,2026-09-22T16:43:30Z,toddlambert.com,did:plc:r5pj64joaywqnvk2obembpt7,0,0,0,0,https://bsky.app/profile/toddlambert.com/post/3mw474vkgts25,iphone
at://did:plc:m3bvp6g7j7kk7427cgipb4n7/app.bsky.feed.post/3mw475qzsik2e,"meu deus a bateria do iphone ta um lixo no ios 27, no beta tava ok ate",2026-09-22T12:12:22.979Z,2026-09-22T12:12:23.366Z,2026-09-22T16:43:30Z,ritorres.bsky.social,did:plc:m3bvp6g7j7kk7427cgipb4n7,1,0,0,0,https://bsky.app/profile/ritorres.bsky.social/post/3mw475qzsik2e,iphone
at://did:plc:fpo5edxnmo2ycw2qtdfdlv7s/app.bsky.feed.post/3mw4775ugp22c,olha se for pra comprar iphone de 64gb eu prefiro levar 7 facada no cu,2026-09-22T12:13:09.942Z,2026-09-22T12:13:10.365Z,2026-09-22T16:43:30Z,augustolanches.bsky.social,did:plc:fpo5edxnmo2ycw2qtdfdlv7s,1,0,0,0,https://bsky.app/profile/augustolanches.bsky.social/post/3mw4775ugp22c,iphone
at://did:plc:dwecjm5n7fyljcjk3vi7x5oa/app.bsky.feed.post/3mw47amsjra2j,"9to5Mac より

One of the most powerful weather apps for iPhone just came to CarPlay
iPhoneのための最も強力な天気アプリの1つがCarPlayに来た
",2026-09-22T12:13:58.726772+00:00,2026-09-22T12:13:59.762Z,2026-09-22T16:43:30Z,gigowat.bsky.social,did:plc:dwecjm5n7fyljcjk3vi7x5oa,0,0,0,0,https://bsky.app/profile/gigowat.bsky.social/post/3mw47amsjra2j,iphone
at://did:plc:7pg3kfd2d3tl3wm76eywxla3/app.bsky.feed.post/3mw47azeyyc2w,"Even better, on the phone app (at least, iPhone) long press on the repost button chooses quote post for you.",2026-09-22T12:14:12.383Z,2026-09-22T12:14:12.959Z,2026-09-22T16:43:30Z,michael.coffee.team,did:plc:7pg3kfd2d3tl3wm76eywxla3,1,0,0,0,https://bsky.app/profile/michael.coffee.team/post/3mw47azeyyc2w,iphone
at://did:plc:boeupjjglaqft5grsovdz2a6/app.bsky.feed.post/3mw47bg2z6c2w,"🔴LIVESTREAM - It's all about iPhone Duo these days, so we'll continue the design&code work on DŌRI, the app tracking app.

Maybe we'll do some app icon design as well, if we have time.

👇🏼
tw: twitch.tv/monsieurbee 
yt: www.youtube.com/@jeremieberd...",2026-09-22T12:14:25.700Z,2026-09-22T12:14:27.462Z,2026-09-22T16:43:30Z,jeremieberduck.bsky.social,did:plc:boeupjjglaqft5grsovdz2a6,3,1,0,0,https://bsky.app/profile/jeremieberduck.bsky.social/post/3mw47bg2z6c2w,iphone
at://did:plc:6e6n5nhhy7s2zqr7wx4s6p52/app.bsky.feed.post/3mw47c2hc7s2a,man I just want the iPhone duo pre orders to open up so I can get my stupid not-as-tall phone,2026-09-22T12:14:47.075Z,2026-09-22T12:14:47.359Z,2026-09-22T16:43:30Z,bobbby.online,did:plc:6e6n5nhhy7s2zqr7wx4s6p52,1,0,0,0,https://bsky.app/profile/bobbby.online/post/3mw47c2hc7s2a,iphone
at://did:plc:yfm343vx54uk2eibrscsjc64/app.bsky.feed.post/3mw47dcshm222,Really want to see how the iPhone duo holds up to sweat beings like me,2026-09-22T12:15:29.383Z,2026-09-22T12:15:29.560Z,2026-09-22T16:43:30Z,godkingchorgus.bsky.social,did:plc:yfm343vx54uk2eibrscsjc64,3,0,1,0,https://bsky.app/profile/godkingchorgus.bsky.social/post/3mw47dcshm222,iphone
at://did:plc:hmtbe2a5xzwqxhqtfgyfmcwa/app.bsky.feed.post/3mw47f5vmgf2q,"Speck CANDYSHELL Grip +MS Case for iPhone 17 - Mystery Blue/Faded… → now $24.88, 38% off
https://www.amazon.com/dp/B0FF75X63T?tag=birdxdeal-20 #speck #candyshell",2026-09-22T12:16:30Z,2026-09-22T12:16:32.166Z,2026-09-22T16:43:30Z,birdxdealss.bsky.social,did:plc:hmtbe2a5xzwqxhqtfgyfmcwa,0,0,0,0,https://bsky.app/profile/birdxdealss.bsky.social/post/3mw47f5vmgf2q,iphone
at://did:plc:qt34fdb5di4hsny5wncomxtt/app.bsky.feed.post/3mw47izuzfa2c,"iPhone Ultra or iPhone Fold? The official name is neither… — Explained

#Reintroduction #iPhone

https://justpaste.in/tech/iphone-ultra-or-iphone-fold-the-official-name-is-neither-explained/",2026-09-22T12:18:39Z,2026-09-22T12:18:41.665Z,2026-09-22T16:43:30Z,techworlddaily.bsky.social,did:plc:qt34fdb5di4hsny5wncomxtt,0,0,0,0,https://bsky.app/profile/techworlddaily.bsky.social/post/3mw47izuzfa2c,iphone
at://did:plc:heztswuhu24kudwdaz7y4bi3/app.bsky.feed.post/3mw47l4bfex2r,"iPhone / iPad 向けの Markdown エディタ「Stilo」を公開しました。

独自の保管庫を持たず、「ファイル」アプリや iCloud Drive にある .md をそのまま開いて保存します。縦書きプレビュー、ルビ記法、原稿用紙換算と、日本語で書くための道具を入れました。
本体は無料。縦書きなどの Stilo Pro は App 内課金の買い切り 1,200 円。広告・解析・外部サーバなし。

https://apps.apple.com/jp/app/id6814040208",2026-09-22T12:19:49.528Z,2026-09-22T12:19:51.764Z,2026-09-22T16:43:30Z,osprey74.com,did:plc:heztswuhu24kudwdaz7y4bi3,0,0,0,1,https://bsky.app/profile/osprey74.com/post/3mw47l4bfex2r,iphone
at://did:plc:bgakgsp7rz6ioyaqbvd7p7ew/app.bsky.feed.post/3mw47lmxpyu2c,One of the most powerful weather apps for iPhone just came to CarPlay,2026-09-22T12:20:08Z,2026-09-22T12:20:09.268Z,2026-09-22T16:43:30Z,9to5mac.com,did:plc:bgakgsp7rz6ioyaqbvd7p7ew,6,0,0,0,https://bsky.app/profile/9to5mac.com/post/3mw47lmxpyu2c,iphone
at://did:plc:v7nvkhezqq33xrcgasafhbw4/app.bsky.feed.post/3mw47lqmu4h2n,"iPhone 18 Pro Kullanıcıları, Face ID Sorunu Yaşamaya Başladı

Apple, yeni amiral gemisi iPhone 18 Pro ve Pro Max modellerini yakın zamanda resmen piyasaya sürmüştü. Şimdi ise maalesef çıkalı birkaç gün olmadan kullanıcılardan şikâyetler gelmeye başladı. Yeni cihazlarına kavuşan ilk kullanıcılar,…",2026-09-22T12:20:12Z,2026-09-22T12:20:13.160Z,2026-09-22T16:43:30Z,ercanceviz.bsky.social,did:plc:v7nvkhezqq33xrcgasafhbw4,0,0,0,0,https://bsky.app/profile/ercanceviz.bsky.social/post/3mw47lqmu4h2n,Apple iPhone
at://did:plc:v7nvkhezqq33xrcgasafhbw4/app.bsky.feed.post/3mw47lu5spb25,"iPhone 18 Pro Max vs Galaxy S26 Ultra: A20 Pro’nun Gücüne İnanamayacaksınız!

iPhone 18 Pro Max ve Galaxy S26 Ultra'yı sentetik performans testlerinde karşı karşıya getirdik ve şunu söyleyebiliriz ki A20 Pro ile Snapdragon 8 Elite Gen 5 arasındaki fark, özellikle yapay zekâ ve ışın izleme…",2026-09-22T12:20:15Z,2026-09-22T12:20:16.572Z,2026-09-22T16:43:30Z,ercanceviz.bsky.social,did:plc:v7nvkhezqq33xrcgasafhbw4,0,0,0,0,https://bsky.app/profile/ercanceviz.bsky.social/post/3mw47lu5spb25,iphone
at://did:plc:meanry4sqozwlpnlg6ejpqnq/app.bsky.feed.post/3mw47mu43ju2v,"Hi everyone — I’m the founder of Nemos, an iPhone app built for the useful things that usually disappear across open tabs, chats, screenshots, notes, and copied text.

I’d love feedback on:
App Store: apps.apple.com/us/app/nemos...",2026-09-22T12:20:49.516Z,2026-09-22T12:21:09.660Z,2026-09-22T16:43:30Z,nemosapp.bsky.social,did:plc:meanry4sqozwlpnlg6ejpqnq,0,0,0,0,https://bsky.app/profile/nemosapp.bsky.social/post/3mw47mu43ju2v,iphone
at://did:plc:heztswuhu24kudwdaz7y4bi3/app.bsky.feed.post/3mw47nvuzrh2g,"Stilo is out: a Markdown editor for iPhone and iPad.

What you write stays a file — it edits the .md in Files and iCloud Drive. Vertical text preview, ruby annotation, manuscript page counts.

Free; Pro is a $6.99 one-time purchase. No ads, no tracking.

https://apps.apple.com/app/id6814040208",2026-09-22T12:21:23.704Z,2026-09-22T12:21:25.360Z,2026-09-22T16:43:30Z,osprey74.com,did:plc:heztswuhu24kudwdaz7y4bi3,0,0,0,0,https://bsky.app/profile/osprey74.com/post/3mw47nvuzrh2g,iphone
at://did:plc:kvuqwjsw6lm23ucmh6gzfxmj/app.bsky.feed.post/3mw4eckt4cu22,"Painting on the iPhone: Apple likely planned stubby Pencil for Duo
https://www.heise.de/en/news/Painting-on-the-iPhone-Apple-likely-planned-stubby-Pencil-for-Duo-11461590.html?utm_source=flipboard&utm_medium=activitypub 

Posted into heise online international @heise-online-international-heiseonline",2026-09-22T12:23:00.000Z,2026-09-22T13:44:34.464Z,2026-09-22T16:43:30Z,heiseonline.flipboard.com.ap.brid.gy,did:plc:kvuqwjsw6lm23ucmh6gzfxmj,0,0,0,0,https://bsky.app/profile/heiseonline.flipboard.com.ap.brid.gy/post/3mw4eckt4cu22,Apple iPhone
at://did:plc:3nlmt4gxta2tkozzbbnk2t2b/app.bsky.feed.post/3mw47sovfx22e,"Одна карта на iOS і Android.

У команді часто мішані пристрої: хтось на iPhone, хтось на Android. TacticMap тримає спільну обстановку між платформами.

Є зв’язок — карта синхронізується. 
Немає мережі — працюєш офлайн, а зміни підтягнуться, коли з’явиться інтернет.",2026-09-22T12:24:05.376Z,2026-09-22T12:24:08.362Z,2026-09-22T16:43:30Z,tacticmap.bsky.social,did:plc:3nlmt4gxta2tkozzbbnk2t2b,0,0,0,0,https://bsky.app/profile/tacticmap.bsky.social/post/3mw47sovfx22e,iphone
at://did:plc:ngsvx3ymumdxfccz66axev4k/app.bsky.feed.post/3mw47szwxgc2n,"Watching iPhone 18 Pro Max Unboxing 💗🧸🍂 (burgundy, phone cases, customization & more)",2026-09-22T12:24:16.966Z,2026-09-22T12:24:17.964Z,2026-09-22T16:43:30Z,jendietrich45.bsky.social,did:plc:ngsvx3ymumdxfccz66axev4k,0,0,0,0,https://bsky.app/profile/jendietrich45.bsky.social/post/3mw47szwxgc2n,iphone
at://did:plc:4x3c3kkh2mah3rfjgfnktsgo/app.bsky.feed.post/3mw47vab4vb2a,Despencou: iPhone 17e (512 GB) tem promoção histórica no Magalu tecnoblog.net/achados/desp...,2026-09-22T12:25:30.187Z,2026-09-22T12:25:30.864Z,2026-09-22T16:43:30Z,tecnoblog.net,did:plc:4x3c3kkh2mah3rfjgfnktsgo,0,0,0,0,https://bsky.app/profile/tecnoblog.net/post/3mw47vab4vb2a,Apple iPhone
at://did:plc:celo3h47irzpe2mabdcgg2tj/app.bsky.feed.post/3mw47y2j2fz2x,"When the iPhone Duo launches in October, support for Apple pens will be added later. A Pencil suitable for the foldable is also missing.",2026-09-22T12:27:05.036Z,2026-09-22T12:27:06.058Z,2026-09-22T16:43:30Z,heiseonlineenglish.bsky.social,did:plc:celo3h47irzpe2mabdcgg2tj,0,0,0,0,https://bsky.app/profile/heiseonlineenglish.bsky.social/post/3mw47y2j2fz2x,Apple iPhone
at://did:plc:ieey7xelaxrch7e6vef3asau/app.bsky.feed.post/3mw4a252x5b26,"Stop a chiamate spam su iPhone in Italia, come attivare la funzione per interrogare gli sconosciuti

https://www.geopop.it/stop-a-chiamate-spam-su-iphone-in-italia-come-attivare-la-funzione-per-interrogare-gli-sconosciuti/",2026-09-22T12:28:13.956Z,2026-09-22T12:28:15.858Z,2026-09-22T16:43:30Z,mm-geopop-bot.bsky.social,did:plc:ieey7xelaxrch7e6vef3asau,0,0,0,0,https://bsky.app/profile/mm-geopop-bot.bsky.social/post/3mw4a252x5b26,iphone
at://did:plc:ikm3ef2sntyim3wj4s67i3un/app.bsky.feed.post/3mw4a3qn4bs22,me parece fatal que consideréis el iphone 18 pro max azul como un capricho y no un bien de primera necesidad,2026-09-22T12:29:09.196Z,2026-09-22T12:29:09.857Z,2026-09-22T16:43:30Z,iagobrere.bsky.social,did:plc:ikm3ef2sntyim3wj4s67i3un,0,0,1,0,https://bsky.app/profile/iagobrere.bsky.social/post/3mw4a3qn4bs22,iphone
at://did:plc:haq4hnhjn34q4lgqrzhzwyc6/app.bsky.feed.post/3mw4a4pfs2c2u,There is no chaos like the alarms section of my iPhone clock app; it's full of random alarms I set once for times like 11:28AM that I never deleted. Also there are three separate 7AM alarms? I don't know how that's possible?,2026-09-22T12:29:41.461Z,2026-09-22T12:29:42.862Z,2026-09-22T16:43:30Z,luxalptraum.com,did:plc:haq4hnhjn34q4lgqrzhzwyc6,17,0,5,0,https://bsky.app/profile/luxalptraum.com/post/3mw4a4pfs2c2u,iphone
at://did:plc:yfgwst5wmwihzowcrcb6xgy6/app.bsky.feed.post/3mw4a5pylkz2w,Morning Returns Between Trees (iPhone wallpaper),2026-09-22T12:30:15.562378+00:00,2026-09-22T12:30:15.869Z,2026-09-22T16:43:30Z,aeslab.bsky.social,did:plc:yfgwst5wmwihzowcrcb6xgy6,0,0,1,0,https://bsky.app/profile/aeslab.bsky.social/post/3mw4a5pylkz2w,iphone
at://did:plc:c5h2w7zpltwg4fz3cwhpdpol/app.bsky.feed.post/3mw4a6og4jr2m,"Skip the upgrade? iPhone 18 Pro aperture about as unrepairable as it gets, iFixit finds www.theregister.com/personal-tec... 
#mediaor",2026-09-22T12:30:47.142Z,2026-09-22T12:30:48.063Z,2026-09-22T16:43:30Z,mediaor.com,did:plc:c5h2w7zpltwg4fz3cwhpdpol,0,0,0,0,https://bsky.app/profile/mediaor.com/post/3mw4a6og4jr2m,iphone
at://did:plc:6top4kl7rhvlig2bb4cvb3r2/app.bsky.feed.post/3mw4a7dffoo23,"Cool to see my Expo UI examples auto-magically adapting to the iPhone Duo without any code changes.

Hard not to love React Native + @expo.dev when stuff like this just works.

Repo below 👇",2026-09-22T12:31:09.332Z,2026-09-22T12:31:10.368Z,2026-09-22T16:43:30Z,schroedernathan.bsky.social,did:plc:6top4kl7rhvlig2bb4cvb3r2,1,0,1,0,https://bsky.app/profile/schroedernathan.bsky.social/post/3mw4a7dffoo23,iphone
at://did:plc:bi5xdpxmo6rhucofh7ygztwx/app.bsky.feed.post/3mw4a7m4vcs23,"Here's What Apple's 20th Anniversary iPhone Could Look Like
www.androidheadlines.com/2026/09/here... #iPhone20Pro #iPhone20ProMax #Apple",2026-09-22T12:31:18.688Z,2026-09-22T12:31:33.458Z,2026-09-22T16:43:30Z,androidheadlines.bsky.social,did:plc:bi5xdpxmo6rhucofh7ygztwx,0,0,0,0,https://bsky.app/profile/androidheadlines.bsky.social/post/3mw4a7m4vcs23,Apple iPhone
at://did:plc:d2cd4psa5ixygunerrr6unez/app.bsky.feed.post/3mw4aayjq4c2k,"I’m semi obsessed with MagSafe grips that can be portrait orientation stands for an iPhone. 

I may have bought and tested a half dozen, many from odd small shops in Tokyo or HK. 

Needless to say I have a lot of respect for this person:

unfilterd.nl/magsafe-grip...",2026-09-22T12:32:05.242Z,2026-09-22T12:32:06.259Z,2026-09-22T16:43:30Z,onewil.inhab.it,did:plc:d2cd4psa5ixygunerrr6unez,0,0,0,0,https://bsky.app/profile/onewil.inhab.it/post/3mw4aayjq4c2k,iphone
at://did:plc:fsftz5ue2bvlvkb6zx2bqdnh/app.bsky.feed.post/3mw4abg4xzc2h,"A teardown of the iPhone 18 Pro and 18 Pro Max shows that most repairs require removing the screen, which has a delicate plastic frame backing.",2026-09-22T12:32:19.400507+00:00,2026-09-22T12:32:19.964Z,2026-09-22T16:43:30Z,technology-news.bsky.social,did:plc:fsftz5ue2bvlvkb6zx2bqdnh,1,0,0,0,https://bsky.app/profile/technology-news.bsky.social/post/3mw4abg4xzc2h,iphone
at://did:plc:yfgwst5wmwihzowcrcb6xgy6/app.bsky.feed.post/3mw4ac6iyy32y,One Apple Is Enough (iPhone wallpaper),2026-09-22T12:32:45.003245+00:00,2026-09-22T12:32:45.358Z,2026-09-22T16:43:30Z,aeslab.bsky.social,did:plc:yfgwst5wmwihzowcrcb6xgy6,0,0,1,0,https://bsky.app/profile/aeslab.bsky.social/post/3mw4ac6iyy32y,Apple iPhone
at://did:plc:5jfqr5rnkze6jistle56hgqc/app.bsky.feed.post/3mw4ae2iyac2k,Was anybody waiting for a folding iPhone? Not me.,2026-09-22T12:33:47.978Z,2026-09-22T12:33:48.458Z,2026-09-22T16:43:30Z,tinydoctor.bsky.social,did:plc:5jfqr5rnkze6jistle56hgqc,0,0,0,0,https://bsky.app/profile/tinydoctor.bsky.social/post/3mw4ae2iyac2k,iphone
at://did:plc:6oicxg23qrlriztiowzghbtu/app.bsky.feed.post/3mw4afetc4s2v,"メモ。

AirPlay 2 音質仕様レポート
AirPlay 2の音質仕様について：

• 16bit/44.1kHz (ALAC): iPhone/iPadから一般的なサードパーティ製スピーカーへの伝送時 
• 24bit/48kHz (ALAC): Apple TV 4KやHomePodなどのApple純正環境での伝送時 
• AAC (256kbps): iOS/iPadOSのApple Musicアプリからのストリーミングやマルチルーム再生時 
• Macからの場合: Apple MusicからでもALAC (16bit/44.1kHz) でのロスレス伝送が可能",2026-09-22T12:34:32.357Z,2026-09-22T12:34:33.857Z,2026-09-22T16:43:30Z,himagine9.bsky.social,did:plc:6oicxg23qrlriztiowzghbtu,0,0,1,0,https://bsky.app/profile/himagine9.bsky.social/post/3mw4afetc4s2v,Apple iPhone
at://did:plc:qr6tt46sisat4dxeh65sahlq/app.bsky.feed.post/3mw4afll2mp2h,"¿iPhone 14 Pro o iPhone 18 Pro? Han pasado cuatro años y la diferencia ya es bastante seria.

Cámara, pantalla, batería, rendimiento y nuevas funciones cambian mucho la experiencia. Pero… ¿realmente merece la pena dar el salto? 📱 #iPhone #Apple",2026-09-22T12:34:39.000Z,2026-09-22T12:34:40.265Z,2026-09-22T16:43:30Z,applex4.bsky.social,did:plc:qr6tt46sisat4dxeh65sahlq,0,0,0,0,https://bsky.app/profile/applex4.bsky.social/post/3mw4afll2mp2h,Apple iPhone
at://did:plc:4tevyrsov25nxorodggridpk/app.bsky.feed.post/3mw4agbci3c2f,"Wie een iPhone 18 Pro of 18 Pro Max bij Odido bestelt, profiteert direct van extra voordeel. Zo krijg je tijdelijk meer voor je oude iPhone bij inruil (ADV). icultu.re/6WsNiEM #iCultureDeal",2026-09-22T12:35:01.049Z,2026-09-22T12:35:04.467Z,2026-09-22T16:43:30Z,iculture.nl,did:plc:4tevyrsov25nxorodggridpk,0,0,0,0,https://bsky.app/profile/iculture.nl/post/3mw4agbci3c2f,iphone
at://did:plc:yfgwst5wmwihzowcrcb6xgy6/app.bsky.feed.post/3mw4agoy2jg2y,The Door Pours Out Color (iPhone wallpaper),2026-09-22T12:35:16.490855+00:00,2026-09-22T12:35:16.760Z,2026-09-22T16:43:30Z,aeslab.bsky.social,did:plc:yfgwst5wmwihzowcrcb6xgy6,0,0,1,0,https://bsky.app/profile/aeslab.bsky.social/post/3mw4agoy2jg2y,iphone
at://did:plc:nfins26qfrvhp7wb3l3e6ukw/app.bsky.feed.post/3mw4ajstg2727,"Apple ha interrotto la firma di iOS 26.6.2. Chi ha aggiornato a iOS 27 non può più tornare alla versione precedente.

#Apple #iOS #iPhone
kiro.it/Q38pk",2026-09-22T12:37:01.247Z,2026-09-22T12:37:02.559Z,2026-09-22T16:43:30Z,melanews.bsky.social,did:plc:nfins26qfrvhp7wb3l3e6ukw,0,0,0,0,https://bsky.app/profile/melanews.bsky.social/post/3mw4ajstg2727,Apple iPhone
at://did:plc:yfgwst5wmwihzowcrcb6xgy6/app.bsky.feed.post/3mw4alariah2g,The Way Ahead Glows (iPhone wallpaper),2026-09-22T12:37:49.368721+00:00,2026-09-22T12:37:49.666Z,2026-09-22T16:43:30Z,aeslab.bsky.social,did:plc:yfgwst5wmwihzowcrcb6xgy6,0,0,1,0,https://bsky.app/profile/aeslab.bsky.social/post/3mw4alariah2g,iphone
at://did:plc:mwlzey3sttvtzgjtfci54ub3/app.bsky.feed.post/3mw4am37ucr2q,Kamera aperture variabel di iPhone 18 Pro akan sangat sulit diperbaiki - https://www.antaranews.com/berita/5753369/kamera-aperture-variabel-di-iphone-18-pro-akan-sangat-sulit-diperbaiki,2026-09-22T12:38:16.833Z,2026-09-22T12:38:17.862Z,2026-09-22T16:43:30Z,antara-poster.bsky.social,did:plc:mwlzey3sttvtzgjtfci54ub3,0,0,0,0,https://bsky.app/profile/antara-poster.bsky.social/post/3mw4am37ucr2q,iphone
at://did:plc:hmtbe2a5xzwqxhqtfgyfmcwa/app.bsky.feed.post/3mw4anqapff26,"iPhone Charger Fast Charging 20W 3-Pack iPhone 17 Charger & 6FT USB C… → now $9.98, 38% off
https://www.amazon.com/dp/B0G6KN4J3S?tag=birdxdeal-20 #iphone #charger",2026-09-22T12:39:12Z,2026-09-22T12:39:12.873Z,2026-09-22T16:43:30Z,birdxdealss.bsky.social,did:plc:hmtbe2a5xzwqxhqtfgyfmcwa,0,0,0,0,https://bsky.app/profile/birdxdealss.bsky.social/post/3mw4anqapff26,iphone
at://did:plc:yfgwst5wmwihzowcrcb6xgy6/app.bsky.feed.post/3mw4apsf63s2d,The Open Field Receives You (iPhone wallpaper),2026-09-22T12:40:22.059140+00:00,2026-09-22T12:40:22.466Z,2026-09-22T16:43:30Z,aeslab.bsky.social,did:plc:yfgwst5wmwihzowcrcb6xgy6,0,0,1,0,https://bsky.app/profile/aeslab.bsky.social/post/3mw4apsf63s2d,iphone
at://did:plc:mwlzey3sttvtzgjtfci54ub3/app.bsky.feed.post/3mw4av3nppo2k,"iPhone yang sudah dipasang iOS 27 tidak bisa ""downgrade"" ke iOS 26 - https://www.antaranews.com/berita/5753392/iphone-yang-sudah-dipasang-ios-27-tidak-bisa-downgrade-ke-ios-26",2026-09-22T12:43:19.539Z,2026-09-22T12:43:19.767Z,2026-09-22T16:43:30Z,antara-poster.bsky.social,did:plc:mwlzey3sttvtzgjtfci54ub3,0,0,0,0,https://bsky.app/profile/antara-poster.bsky.social/post/3mw4av3nppo2k,Apple iPhone
at://did:plc:kz2rkvdoe3pksjl3vidvs4bg/app.bsky.feed.post/3mw4aya4uta2s,"The window is now open for people who purchased certain recent iPhone models to begin filing claims to receive their share of the quarter-billion-dollar settlement fund established in the wake of the class-action lawsuit filed against Apple, accusing the tech giant of false advertising.",2026-09-22T12:45:04Z,2026-09-22T12:45:05.159Z,2026-09-22T16:43:30Z,fox5dc.bsky.social,did:plc:kz2rkvdoe3pksjl3vidvs4bg,0,0,0,0,https://bsky.app/profile/fox5dc.bsky.social/post/3mw4aya4uta2s,Apple iPhone
at://did:plc:ogz6xefxzjhtshqq4izkal6t/app.bsky.feed.post/3mw4az36qwd26,"Apple’s Xcode 27.1 beta adds iPhone Duo support, including new simulator poses and orientations.

The real test for #SwiftUI apps is whether adaptive layouts were truly adaptive before the fold arrived.

https://developer.apple.com/documentation/xcode-release-notes/xcode-27_1-release-notes",2026-09-22T12:45:33.104Z,2026-09-22T12:45:33.765Z,2026-09-22T16:43:30Z,ivantokar.bsky.social,did:plc:ogz6xefxzjhtshqq4izkal6t,0,0,0,0,https://bsky.app/profile/ivantokar.bsky.social/post/3mw4az36qwd26,Apple iPhone
at://did:plc:vbi7x63hwynfncs2mdzjyjt2/app.bsky.feed.post/3mw4b2jhfcs2g,"If cigarettes cause cancer, wonder what iphone causes",2026-09-22T12:46:21.855Z,2026-09-22T12:46:22.271Z,2026-09-22T16:43:30Z,ades00.bsky.social,did:plc:vbi7x63hwynfncs2mdzjyjt2,0,0,0,0,https://bsky.app/profile/ades00.bsky.social/post/3mw4b2jhfcs2g,iphone
at://did:plc:ze2rng6kfggs3uaoz2z7zmbc/app.bsky.feed.post/3mw4b6aomwy2v,"📰 🔴 SON DAKİKA: iPhone 18 Pro Kullanıcıları, Face ID Sorunu Yaşamaya Başladı

Kaynak: Webtekno

#haber #sondakika #gündem #türkiye #dünya",2026-09-22T12:48:26.521Z,2026-09-22T12:48:27.458Z,2026-09-22T16:43:30Z,sondakikatr.bsky.social,did:plc:ze2rng6kfggs3uaoz2z7zmbc,0,0,0,0,https://bsky.app/profile/sondakikatr.bsky.social/post/3mw4b6aomwy2v,iphone
at://did:plc:hmtbe2a5xzwqxhqtfgyfmcwa/app.bsky.feed.post/3mw4b6yu2kg2y,"Cooper Mag360 Magnetic Phone Stand for Desk, MagSafe Stand for iPhone… → now $9.95, 38% off
https://www.amazon.com/dp/B0DLNLZ2CW?tag=birdxdeal-20 #cooper #mag360",2026-09-22T12:48:51Z,2026-09-22T12:48:52.359Z,2026-09-22T16:43:30Z,birdxdealss.bsky.social,did:plc:hmtbe2a5xzwqxhqtfgyfmcwa,0,0,0,0,https://bsky.app/profile/birdxdealss.bsky.social/post/3mw4b6yu2kg2y,iphone
at://did:plc:dwecjm5n7fyljcjk3vi7x5oa/app.bsky.feed.post/3mw4bgaa2ys2m,"9to5Mac より

Apple releases second iOS 27.2 developer beta for iPhone
AppleはiPhoneのための第二のiOS 27.2開発者ベータをリリース
",2026-09-22T12:52:54.310653+00:00,2026-09-22T12:52:54.966Z,2026-09-22T16:43:30Z,gigowat.bsky.social,did:plc:dwecjm5n7fyljcjk3vi7x5oa,0,0,0,0,https://bsky.app/profile/gigowat.bsky.social/post/3mw4bgaa2ys2m,Apple iPhone
at://did:plc:t74xaugpioimy7iyw6eng3zy/app.bsky.feed.post/3mw4bk462322d,"I hate my stupid job, but I also love my stupid job. The mission - make money by selling things - never really changes at all. I started my vacation on Sunday at 136% to goal with the nearest competitor at 98%. Of course, it’s an iPhone launch week, so could come back on the 30th completely fucked,",2026-09-22T12:55:04.788Z,2026-09-22T12:55:05.067Z,2026-09-22T16:43:30Z,oasisob1.bsky.social,did:plc:t74xaugpioimy7iyw6eng3zy,1,0,1,0,https://bsky.app/profile/oasisob1.bsky.social/post/3mw4bk462322d,iphone
at://did:plc:bu3pl65ev3nr2a6sunaats3w/app.bsky.feed.post/3mw4bnnswwk2u,Interesting. I’d be interested in an iPhone Neo as well (LOL) 😅,2026-09-22T12:57:03.963Z,2026-09-22T12:57:04.767Z,2026-09-22T16:43:30Z,thisaccountis.bsky.social,did:plc:bu3pl65ev3nr2a6sunaats3w,0,0,0,0,https://bsky.app/profile/thisaccountis.bsky.social/post/3mw4bnnswwk2u,iphone
at://did:plc:bjxslx3nazswdvkbiaa4cvj3/app.bsky.feed.post/3mw4bnowmum2u,"iPhone Duo Falte: Apples Hardware-Chef fordert Nutzer zum Messen auf

iPhone Duo Falte: Apple-Vizepräsident Tom Marieb fordert Nutzer auf, Apple an der Haltbarkeit der Falte zu messen. Mehr…

https://appletechnikblog.com/2026/09/22/iphone-duo-falte-apples-hardware-chef-fordert-nutzer-zum-messen-auf/",2026-09-22T12:57:04Z,2026-09-22T12:57:05.356Z,2026-09-22T16:43:30Z,appletechnikblog.bsky.social,did:plc:bjxslx3nazswdvkbiaa4cvj3,0,0,0,0,https://bsky.app/profile/appletechnikblog.bsky.social/post/3mw4bnowmum2u,Apple iPhone
at://did:plc:hmtbe2a5xzwqxhqtfgyfmcwa/app.bsky.feed.post/3mw4bo3tsep2o,"Foldable Magnetic 3 in 1 Wireless Charger Stand for iPhone Watch… → now $17.97, 38% off
https://www.amazon.com/dp/B0GXKSMTQ2?tag=birdxdeal-20 #foldable #magnetic",2026-09-22T12:57:17Z,2026-09-22T12:57:18.861Z,2026-09-22T16:43:30Z,birdxdealss.bsky.social,did:plc:hmtbe2a5xzwqxhqtfgyfmcwa,0,0,0,0,https://bsky.app/profile/birdxdealss.bsky.social/post/3mw4bo3tsep2o,iphone
at://did:plc:cypmpmvsdhriy6z6roqsdz47/app.bsky.feed.post/3mw4bsm2qwc2u,"Ready for that $2,000 new iPhone?",2026-09-22T12:59:49.889Z,2026-09-22T12:59:52.260Z,2026-09-22T16:43:30Z,thatstev.bsky.social,did:plc:cypmpmvsdhriy6z6roqsdz47,0,0,0,0,https://bsky.app/profile/thatstev.bsky.social/post/3mw4bsm2qwc2u,iphone
at://did:plc:vevngu5t7a2zqvdftysxv26d/app.bsky.feed.post/3mw4bsn2hl22f,iFixit démonte l’iPhone 18 Pro et son objectif à ouverture variable www.igen.fr/iphone/2026/...,2026-09-22T12:59:50.933Z,2026-09-22T12:59:53.571Z,2026-09-22T16:43:30Z,ytroncal.bsky.social,did:plc:vevngu5t7a2zqvdftysxv26d,0,0,0,0,https://bsky.app/profile/ytroncal.bsky.social/post/3mw4bsn2hl22f,iphone
at://did:plc:bi5xdpxmo6rhucofh7ygztwx/app.bsky.feed.post/3mw4bspnfuk23,"iPhone 18 Pro Owners Are Reporting a Nasty Face ID Crash, and It's Not Clear Why
www.androidheadlines.com/2026/09/ipho... #iPhone18Pro #FaceID #Apple",2026-09-22T12:59:53.651Z,2026-09-22T13:00:09.969Z,2026-09-22T16:43:30Z,androidheadlines.bsky.social,did:plc:bi5xdpxmo6rhucofh7ygztwx,0,0,0,0,https://bsky.app/profile/androidheadlines.bsky.social/post/3mw4bspnfuk23,Apple iPhone
at://did:plc:vevngu5t7a2zqvdftysxv26d/app.bsky.feed.post/3mw4btcaewk2f,Face ID : l’iPhone 18 Pro doit s’appuyer sur des données d’image supplémentaires www.igen.fr/iphone/2026/...,2026-09-22T13:00:13.147Z,2026-09-22T13:00:15.274Z,2026-09-22T16:43:30Z,ytroncal.bsky.social,did:plc:vevngu5t7a2zqvdftysxv26d,0,0,0,0,https://bsky.app/profile/ytroncal.bsky.social/post/3mw4btcaewk2f,iphone
at://did:plc:4o7cbrvd7ck6f2y32ttznmfj/app.bsky.feed.post/3mw4bthkbra25,"The window is now open for people who purchased certain recent iPhone models to begin filing claims to receive their share of the quarter-billion-dollar settlement fund established in the wake of the class-action lawsuit filed against Apple, accusing the tech giant of false advertising.",2026-09-22T13:00:18Z,2026-09-22T13:00:19.767Z,2026-09-22T16:43:30Z,fox6now.bsky.social,did:plc:4o7cbrvd7ck6f2y32ttznmfj,0,0,0,0,https://bsky.app/profile/fox6now.bsky.social/post/3mw4bthkbra25,Apple iPhone
at://did:plc:cl7awuutp2yyt7umofer4djk/app.bsky.feed.post/3mw4btib3ca2e,"The iPhone remains a powerful engine for Apple, accounting for about half of the company’s sales in 2025. https://bit.ly/4hpBDIZ",2026-09-22T13:00:19.416648484Z,2026-09-22T13:00:20.066Z,2026-09-22T16:43:30Z,fortune.com,did:plc:cl7awuutp2yyt7umofer4djk,0,0,0,0,https://bsky.app/profile/fortune.com/post/3mw4btib3ca2e,Apple iPhone
at://did:plc:lfa65vcyknlf6glsahhiculh/app.bsky.feed.post/3mw4btkqy5c2k,"Your iPhone Could Soon Automatically Lock if Someone Steals It

New code in iOS 27.2 beta 2 reveals additional details about the unannounced feature, internally called ""AutoLock.""...

https://www.iphoneincanada.ca/2026/09/22/ios-27-2-beta-2-autolock/",2026-09-22T13:00:21Z,2026-09-22T13:00:22.258Z,2026-09-22T16:43:30Z,iphoneincanada.ca,did:plc:lfa65vcyknlf6glsahhiculh,1,0,0,0,https://bsky.app/profile/iphoneincanada.ca/post/3mw4btkqy5c2k,iphone
at://did:plc:jsvjaiqrrit3ozkvyqas6uds/app.bsky.feed.post/3mw4btp4m2w2y,"The window is now open for people who purchased certain recent iPhone models to begin filing claims to receive their share of the quarter-billion-dollar settlement fund established in the wake of the class-action lawsuit filed against Apple, accusing the tech giant of false advertising.",2026-09-22T13:00:26Z,2026-09-22T13:00:26.773Z,2026-09-22T16:43:30Z,fox2detroit.bsky.social,did:plc:jsvjaiqrrit3ozkvyqas6uds,0,0,0,0,https://bsky.app/profile/fox2detroit.bsky.social/post/3mw4btp4m2w2y,Apple iPhone
at://did:plc:vevngu5t7a2zqvdftysxv26d/app.bsky.feed.post/3mw4busxrd22f,Les nouveaux styles photographiques seront bien une exclusivité des iPhone 18 Pro www.igen.fr/iphone/2026/...,2026-09-22T13:01:04.245Z,2026-09-22T13:01:06.664Z,2026-09-22T16:43:30Z,ytroncal.bsky.social,did:plc:vevngu5t7a2zqvdftysxv26d,0,0,0,0,https://bsky.app/profile/ytroncal.bsky.social/post/3mw4busxrd22f,Apple iPhone
at://did:plc:v2s4aljbhg4bvfm2pfteitvx/app.bsky.feed.post/3mw4bv27v2k2l,"Back In My Day…
ZOOMERS: seeing how many people they can stuff inside a phone booth
GEN ALPHA: seeing how many people they can stuff inside an iphone",2026-09-22T13:01:11.851Z,2026-09-22T13:01:12.866Z,2026-09-22T16:43:30Z,nachobra.bsky.social,did:plc:v2s4aljbhg4bvfm2pfteitvx,0,0,0,0,https://bsky.app/profile/nachobra.bsky.social/post/3mw4bv27v2k2l,iphone
at://did:plc:zwxl6dnun52q3ywiao2ad3if/app.bsky.feed.post/3mw4bzdqioib2,"Quer trocar de iPhone? Veja uma seleção com os modelos Apple em promoção na Amazon
https://olhardigital.com.br/2026/09/22/reviews/quer-trocar-de-iphone-veja-uma-selecao-com-os-modelos-apple-em-promocao-na-amazon/?utm_source=flipboard&utm_medium=activitypub 

Posted into Tecnologia […]",2026-09-22T13:02:32.000Z,2026-09-22T13:06:41.093Z,2026-09-22T16:43:30Z,flipboardbr.flipboard.com.ap.brid.gy,did:plc:zwxl6dnun52q3ywiao2ad3if,0,1,0,0,https://bsky.app/profile/flipboardbr.flipboard.com.ap.brid.gy/post/3mw4bzdqioib2,Apple iPhone
at://did:plc:dn2snh4wz53f2vai7ijf6q36/app.bsky.feed.post/3mw4c35veco72,Video: Apples nya vd avslöjar sin favoritdetalj i iPhone Duo https://www.macken.xyz/2026/09/video-apples-nya-vd-avslojar-sin-favoritdetalj-i-iphone-duo/?utm_source=dlvr.it&utm_medium=mastodon,2026-09-22T13:03:46.000Z,2026-09-22T13:07:07.760Z,2026-09-22T16:43:30Z,winterkvist.mastodonsweden.se.ap.brid.gy,did:plc:dn2snh4wz53f2vai7ijf6q36,0,0,0,0,https://bsky.app/profile/winterkvist.mastodonsweden.se.ap.brid.gy/post/3mw4c35veco72,iphone
at://did:plc:lt5wownz67tnarqhdgr7vhcm/app.bsky.feed.post/3mw4bzpnbhs2n,"iPhone 18 Pro Face ID bug triggers reboots 📱

iPhone 18 Pro and Pro Max users report a Face ID bug in iOS 27 that reboots devices after failed authentication attempts.

Hiding components adds its own kind of ""excitement.""",2026-09-22T13:03:47.445Z,2026-09-22T13:03:48.665Z,2026-09-22T16:43:30Z,five-oclick-tech.bsky.social,did:plc:lt5wownz67tnarqhdgr7vhcm,5,0,0,0,https://bsky.app/profile/five-oclick-tech.bsky.social/post/3mw4bzpnbhs2n,iphone
at://did:plc:dn2snh4wz53f2vai7ijf6q36/app.bsky.feed.post/3mw4c2lmtla32,Xcode 27.1 ger utvecklare stöd för Apples vikbara iPhone https://www.macken.xyz/2026/09/xcode-27-1-ger-utvecklare-stod-for-apples-vikbara-iphone/?utm_source=dlvr.it&utm_medium=mastodon,2026-09-22T13:03:49.000Z,2026-09-22T13:07:07.168Z,2026-09-22T16:43:30Z,winterkvist.mastodonsweden.se.ap.brid.gy,did:plc:dn2snh4wz53f2vai7ijf6q36,0,0,0,0,https://bsky.app/profile/winterkvist.mastodonsweden.se.ap.brid.gy/post/3mw4c2lmtla32,iphone
at://did:plc:vevngu5t7a2zqvdftysxv26d/app.bsky.feed.post/3mw4c35eysk2f,"iPhone 18 Pro : deux bugs ont déjà été signalés avec iOS 27
Apple rencontre déjà des soucis avec ses iPhone 18 Pro et Pro Max. Moins d’une semaine après leur sortie. www.iphon.fr/post/iphone-...",2026-09-22T13:04:36.491Z,2026-09-22T13:04:39.058Z,2026-09-22T16:43:30Z,ytroncal.bsky.social,did:plc:vevngu5t7a2zqvdftysxv26d,0,0,0,0,https://bsky.app/profile/ytroncal.bsky.social/post/3mw4c35eysk2f,Apple iPhone
at://did:plc:wkqeuhot2hp2rljvw7mcaloy/app.bsky.feed.post/3mw4c35immi2s,"iPhone Duo shots can now be framed by Bezel!

Drop your shot in, pick a pose and you're done.",2026-09-22T13:04:36.575Z,2026-09-22T13:04:37.267Z,2026-09-22T16:43:30Z,mathijskadijk.bsky.social,did:plc:wkqeuhot2hp2rljvw7mcaloy,0,0,1,0,https://bsky.app/profile/mathijskadijk.bsky.social/post/3mw4c35immi2s,iphone
at://did:plc:6ev7fwcahm67n53gdjbxfrbf/app.bsky.feed.post/3mw4c3e25422p,IPhone 18 Pro Accessibility Features Point To A More Useful Future For AI www.forbes.com/sites/keelyc... #a11y,2026-09-22T13:04:43.442Z,2026-09-22T13:04:43.866Z,2026-09-22T16:43:30Z,a11ynews.bsky.social,did:plc:6ev7fwcahm67n53gdjbxfrbf,1,0,0,0,https://bsky.app/profile/a11ynews.bsky.social/post/3mw4c3e25422p,iphone
at://did:plc:2v2swjh2eueeccvl4kkbyxmq/app.bsky.feed.post/3mw4c3npfm224,Here's What Apple's 20th Anniversary iPhone Could Look Like. gogadget.news/S04002,2026-09-22T13:04:53.609Z,2026-09-22T13:04:58.165Z,2026-09-22T16:43:30Z,gogadgetnews.bsky.social,did:plc:2v2swjh2eueeccvl4kkbyxmq,0,0,0,0,https://bsky.app/profile/gogadgetnews.bsky.social/post/3mw4c3npfm224,iphone
at://did:plc:xuutbtra6nrnnw3dd6kgyrsp/app.bsky.feed.post/3mw4c3qwshy24,"🔥 Apple iPhone 5s 16 Go Gris iOS smartphone Wi‑Fi Bluetooth modèle iPhone 5s
eBay · 26.95 €
#BonPlan #HighTech #Promo",2026-09-22T13:04:56.681719Z,2026-09-22T13:04:57.758Z,2026-09-22T16:43:30Z,chasseurdedeals.bsky.social,did:plc:xuutbtra6nrnnw3dd6kgyrsp,0,0,0,0,https://bsky.app/profile/chasseurdedeals.bsky.social/post/3mw4c3qwshy24,Apple iPhone
at://did:plc:odwd6tc5nnnohw7qdx6jxpqf/app.bsky.feed.post/3mw4c3zyshs2k,I’m glad the image is an iPhone screenshot where there’s a glowing outline around everything in the image because it’s prompting the user to create a sticker,2026-09-22T13:05:06.499Z,2026-09-22T13:05:07.764Z,2026-09-22T16:43:30Z,dumbab13.bsky.social,did:plc:odwd6tc5nnnohw7qdx6jxpqf,0,0,0,0,https://bsky.app/profile/dumbab13.bsky.social/post/3mw4c3zyshs2k,iphone
at://did:plc:sap3rllabzsr3feookvxlobw/app.bsky.feed.post/3mw4c56qzvg2w,"‏🛡️ اپل همچنان روی قابلیت ضد سرقت برای iPhone کار می‌کند. طبق کدهای iOS 27.2، این ویژگی با استفاده از حسگرهای حرکتی و اتصال Apple Watch، سرقت گوشی را تشخیص داده و بلافاصله آن را قفل می‌کند تا از دسترسی سارقان جلوگیری شود.
‏
‏‎ #Apple #iPhone",2026-09-22T13:05:44.714Z,2026-09-22T13:05:45.265Z,2026-09-22T16:43:30Z,saeediphone.bsky.social,did:plc:sap3rllabzsr3feookvxlobw,0,0,0,0,https://bsky.app/profile/saeediphone.bsky.social/post/3mw4c56qzvg2w,Apple iPhone
at://did:plc:w4okiq5d7zkcv7eiycuj7ut6/app.bsky.feed.post/3mw4cd4qccy2g,"9月22日のガジェット 34%OFF

【TORRAS For iPhone 18 Pro カメラ保護 バーガンディ 全面カバー型 航空...】

カメラユニット全体を面で守る一体型なので、日常の落下や傷から徹底的に保護したい人に向いています。

いまの価格：3,470円（参考 5,280円）
ブランド：TORRAS

【PR】https://www.amazon.co.jp/dp/B0H5C545G2?linkCode=ogi&th=1&psc=1&tag=tmg502-22",2026-09-22T13:09:04.098307+00:00,2026-09-22T13:09:04.768Z,2026-09-22T16:43:30Z,noro-hacks.bsky.social,did:plc:w4okiq5d7zkcv7eiycuj7ut6,2,0,0,0,https://bsky.app/profile/noro-hacks.bsky.social/post/3mw4cd4qccy2g,iphone
at://did:plc:lrcn6ac2xvtw72czu7ntlok3/app.bsky.feed.post/3mw4mh7omln2x,Apple poderá levar tecnologia de tela do iPhone Duo aos Pros apenas em 2029,2026-09-22T13:10:17Z,2026-09-22T16:10:19.163Z,2026-09-22T16:43:30Z,macmagazine.com.br,did:plc:lrcn6ac2xvtw72czu7ntlok3,0,0,0,0,https://bsky.app/profile/macmagazine.com.br/post/3mw4mh7omln2x,Apple iPhone
at://did:plc:lbklqadrtfmfpwmdulxi3yq3/app.bsky.feed.post/3mw4cfqso2c2w,"This is the untapped vein of gold to invigorate smartphone sales. Start adding on Swiss Army Knife junk like a lighter, multi-tool, scissors, and a toothpick. You should be able to survive three nights in the woods armed with nothing but an iPhone.",2026-09-22T13:10:32.406Z,2026-09-22T13:10:34.364Z,2026-09-22T16:43:30Z,christopherdrum.bsky.social,did:plc:lbklqadrtfmfpwmdulxi3yq3,1,0,0,0,https://bsky.app/profile/christopherdrum.bsky.social/post/3mw4cfqso2c2w,iphone
at://did:plc:nxmjxl2wiyat43p3gikkt37w/app.bsky.feed.post/3mw4cgkrjsd26,"Apple has added an additional layer of authentication to Face ID on iPhone 18 Pro using image data and a secure exclave, potentially speeding up the process.",2026-09-22T13:10:59+00:00,2026-09-22T13:11:00.257Z,2026-09-22T16:43:30Z,appleinsider.com,did:plc:nxmjxl2wiyat43p3gikkt37w,4,0,0,0,https://bsky.app/profile/appleinsider.com/post/3mw4cgkrjsd26,Apple iPhone
at://did:plc:rj52b63ie26qfmbx7ycysozz/app.bsky.feed.post/3mw4cgu7f4k26,"""Planned obsolescence"" is just Enshittification for expensive technology, and the latest entry in Apple's product inundation is discussed on @noahandbillshow.bsky.social! @billscurry.bsky.social and @noahtarnow.bsky.social talk the iPhone Duo!
podcasts.apple.com/us/podcast/i...",2026-09-22T13:11:09.518Z,2026-09-22T13:11:11.263Z,2026-09-22T16:43:30Z,quasarsniffer.bsky.social,did:plc:rj52b63ie26qfmbx7ycysozz,1,0,0,0,https://bsky.app/profile/quasarsniffer.bsky.social/post/3mw4cgu7f4k26,iphone
at://did:plc:4w5gvggjpwm624gjwlwwd2kt/app.bsky.feed.post/3mw4cio2omc2d,Some iPhone 18 Pro users report Face ID problems after launch www.theapplepost.com/2026/09/22/7...,2026-09-22T13:12:09.260Z,2026-09-22T13:12:11.059Z,2026-09-22T16:43:30Z,theapplepost.com,did:plc:4w5gvggjpwm624gjwlwwd2kt,0,0,0,0,https://bsky.app/profile/theapplepost.com/post/3mw4cio2omc2d,iphone
at://did:plc:tir6vtdjcwijdnoxg4pseuse/app.bsky.feed.post/3mw4ckprsuc2e,Supplemental image data used in Face ID authentication on iPhone 18 Pro,2026-09-22T13:13:19.029875+00:00,2026-09-22T13:13:19.663Z,2026-09-22T16:43:30Z,bbcn90.bsky.social,did:plc:tir6vtdjcwijdnoxg4pseuse,0,0,0,0,https://bsky.app/profile/bbcn90.bsky.social/post/3mw4ckprsuc2e,iphone
at://did:plc:pv7fudnt4dspurzdnyq73pfe/app.bsky.feed.post/3mw4cpjaghp22,"Apple quietly updates its press release to say new Photographic Styles texture and grain controls are limited to iPhone 18 Pro models and the iPhone Duo (Tim Hardwick/MacRumors)

Main Link | Techmeme Permalink",2026-09-22T13:15:59Z,2026-09-22T13:16:00.164Z,2026-09-22T16:43:30Z,techmeme.com,did:plc:pv7fudnt4dspurzdnyq73pfe,4,0,0,0,https://bsky.app/profile/techmeme.com/post/3mw4cpjaghp22,Apple iPhone
at://did:plc:5vfnmm2d5qqkmc5kduj4ucjf/app.bsky.feed.post/3mw4crrmgjt2j,"Recherche iPhone 14 Pro Max iOS 17

#Jailbreak #iOS

https://www.reddit.com/r/jailbreak/comments/1wn98bj/recherche_iphone_14_pro_max_ios_17/",2026-09-22T13:17:15.825131+00:00,2026-09-22T13:17:16.565Z,2026-09-22T16:43:30Z,sideload.bsky.social,did:plc:5vfnmm2d5qqkmc5kduj4ucjf,0,0,0,0,https://bsky.app/profile/sideload.bsky.social/post/3mw4crrmgjt2j,iphone
at://did:plc:mmk2ipc25u2lfjfkumxy67az/app.bsky.feed.post/3mw4cslj2rs2t,"This tweet appeared under this Techmeme headline:

@betaprofiles:

Apple has updated its press release to confirm that adjusting texture and grain in Photographic Styles 3 is only available on iPhone 18 Pro, iPhone 18 Pro Max, and iPhone Duo.",2026-09-22T13:17:42Z,2026-09-22T13:17:43.460Z,2026-09-22T16:43:30Z,xchatter.techmeme.com,did:plc:mmk2ipc25u2lfjfkumxy67az,0,0,0,0,https://bsky.app/profile/xchatter.techmeme.com/post/3mw4cslj2rs2t,Apple iPhone
at://did:plc:fzdqnqzcgbqzsrgvle3wymfa/app.bsky.feed.post/3mw4csnwpmgjj,Hallo iPhone 18Pro ,2026-09-22T13:17:45.599Z,2026-09-22T13:17:47.859Z,2026-09-22T16:43:30Z,cgaedt.bsky.social,did:plc:fzdqnqzcgbqzsrgvle3wymfa,7,0,5,0,https://bsky.app/profile/cgaedt.bsky.social/post/3mw4csnwpmgjj,iphone
at://did:plc:v2ob6je7otkaffdktzdaywzp/app.bsky.feed.post/3mw4ctud3ns2y,"Apple Quietly Excludes Older iPhones From New Camera Feature - MacRumors

www.macrumors.com/2026/09/22/a...

- 애플이 새로운 사진 스타일 기능인 '질감 및 입자감 제어'를 구형 기기를 제외하고 최신 아이폰 18 프로 모델과 아이폰 듀오로만 제한

- 당초 구형 모델(아이폰 16, 17, 아이폰 에어 등)도 지원할 것처럼 발표했으나, 이후 보도자료와 iOS 27 가이드를 조용히 수정 (🧵1/2)",2026-09-22T13:18:25.852Z,2026-09-22T13:18:29.259Z,2026-09-22T16:43:30Z,lunamoth.bsky.social,did:plc:v2ob6je7otkaffdktzdaywzp,1,2,1,0,https://bsky.app/profile/lunamoth.bsky.social/post/3mw4ctud3ns2y,Apple iPhone
at://did:plc:mmk2ipc25u2lfjfkumxy67az/app.bsky.feed.post/3mw4cudczrf26,"This tweet appeared under this Techmeme headline:

Sunny / @sunnny1583:

New Photographic Styles 3, with texture and grain controls, are no longer coming to the iPhone 16 and 17 series... not even the iPhone Air 😭",2026-09-22T13:18:41Z,2026-09-22T13:18:42.459Z,2026-09-22T16:43:30Z,xchatter.techmeme.com,did:plc:mmk2ipc25u2lfjfkumxy67az,0,0,0,0,https://bsky.app/profile/xchatter.techmeme.com/post/3mw4cudczrf26,iphone
at://did:plc:vrcsr5hdv3bsi47jqbtjmsxi/app.bsky.feed.post/3mw4cv6zd3c2l,"DEENAKIN for iPhone 15 Plus Case,Cute Floral,Trendy Preppy Y2K Designs only $6.49 (Reg $12.99)
https://www.amazon.com/gp/product/B0FPLNLHGR?smid=&th=1&linkCode=ll2&tag=bluesky0d2-20",2026-09-22T13:19:09.899282Z,2026-09-22T13:19:12.259Z,2026-09-22T16:43:30Z,glitchdeals.bsky.social,did:plc:vrcsr5hdv3bsi47jqbtjmsxi,0,0,0,0,https://bsky.app/profile/glitchdeals.bsky.social/post/3mw4cv6zd3c2l,iphone
at://did:plc:763yh3qsyci56e4ftqtc26b5/app.bsky.feed.post/3mw4cvc3g2k23,Am I the only one who would love a phone with a crappy camera? I use the back camera maybe once a month for a random photo and an iPhone 10 camera would be perfectly fine. So sick of all the extra protrusions on phones nowadays.,2026-09-22T13:19:13.830Z,2026-09-22T13:19:14.467Z,2026-09-22T16:43:30Z,jeffsudo.bsky.social,did:plc:763yh3qsyci56e4ftqtc26b5,0,0,0,0,https://bsky.app/profile/jeffsudo.bsky.social/post/3mw4cvc3g2k23,iphone
at://did:plc:mmk2ipc25u2lfjfkumxy67az/app.bsky.feed.post/3mw4cwneo462w,"This tweet appeared under this Techmeme headline:

Bradley / @verdeselvans:

Apple said that the new texture and grain controls in Photographic Styles will be available on the iPhone 16 & iPhone 17 Series! As a iPhone 17 Pro user, I can't wait to test this feature out.",2026-09-22T13:19:58Z,2026-09-22T13:19:59.562Z,2026-09-22T16:43:30Z,xchatter.techmeme.com,did:plc:mmk2ipc25u2lfjfkumxy67az,0,0,0,0,https://bsky.app/profile/xchatter.techmeme.com/post/3mw4cwneo462w,Apple iPhone
at://did:plc:bzmk3ckfqknekbjht2wsgctd/app.bsky.feed.post/3mw4cygg2nl2y,"Στο σημερινό επεισόδιο του podcast μας συζητάμε το νέο Redmi Note 17, τις προπαραγγελίες του iPhone 18 Pro, τη συμφωνία ΔΕΗ–AWS για data center και τη Revolut.",2026-09-22T13:20:57.674Z,2026-09-22T13:20:59.357Z,2026-09-22T16:43:30Z,insomnia.gr,did:plc:bzmk3ckfqknekbjht2wsgctd,0,0,0,0,https://bsky.app/profile/insomnia.gr/post/3mw4cygg2nl2y,iphone
at://did:plc:cul7os3ap4zxmlzha5sst5i5/app.bsky.feed.post/3mw4d66eh34s2,"iPhone Duo bude prvním iPhone v historii s podporou Apple Pencil, Apple měl ale původně mnohem ambicióznější plán. Podle velmi dobře informovaného reportéra Marka Gurmana z Bloombergu totiž… […] 

[Original post on zpravobot.news]",2026-09-22T13:22:21.000Z,2026-09-22T13:24:16.866Z,2026-09-22T16:43:30Z,lsaeu.zpravobot.news.ap.brid.gy,did:plc:cul7os3ap4zxmlzha5sst5i5,0,0,0,0,https://bsky.app/profile/lsaeu.zpravobot.news.ap.brid.gy/post/3mw4d66eh34s2,Apple iPhone
at://did:plc:auheb534vds5diviypi7drbi/app.bsky.feed.post/3mw4d3l24bs2u,Iker Muniain ya puede desbloquear mediante Face ID el iPhone 18 de Conor McGregor.,2026-09-22T13:22:44.548Z,2026-09-22T13:22:48.261Z,2026-09-22T16:43:30Z,robbhaifisch.bsky.social,did:plc:auheb534vds5diviypi7drbi,2,0,1,0,https://bsky.app/profile/robbhaifisch.bsky.social/post/3mw4d3l24bs2u,iphone
at://did:plc:ritv6l6udmzeuwbit4omuq4x/app.bsky.feed.post/3mw4d3ydirx2q,Apple Announces 'Tap to Pay on iPhone' Availability in 8 More Countries,2026-09-22T13:22:58Z,2026-09-22T13:22:59.058Z,2026-09-22T16:43:30Z,macrumors.bsky.social,did:plc:ritv6l6udmzeuwbit4omuq4x,5,0,0,0,https://bsky.app/profile/macrumors.bsky.social/post/3mw4d3ydirx2q,Apple iPhone
at://did:plc:mht5ub4ykjuoxpux77hikixt/app.bsky.feed.post/3mw4d6fdfbo2p,iPhone 18 Pro adds extra image data with a secure exclave to boost Face ID security — expect tweaks ahead. #FaceID #iPhone18Pro #SecureExclave #BiometricSecurity #Apple #TechSecurity https://thedailytechfeed.com/iphone-18-pros-face-id-extra-image-data-secure-exclave-adds-a-layer/,2026-09-22T13:24:13.000Z,2026-09-22T13:24:20.459Z,2026-09-22T16:43:30Z,thedailytechfeed.com,did:plc:mht5ub4ykjuoxpux77hikixt,0,0,0,0,https://bsky.app/profile/thedailytechfeed.com/post/3mw4d6fdfbo2p,Apple iPhone
at://did:plc:d7kyysydmsalwo2zadsha5sb/app.bsky.feed.post/3mw4d6yamis2y,"Apple Quietly Excludes Older iPhones From New Camera Feature - MacRumors

www.macrumors.com/2026/09/22/a...

- 애플이 새로운 사진 스타일 기능인 '질감 및 입자감 제어'를 구형 기기를 제외하고 최신 아이폰 18 프로 모델과 아이폰 듀오로만 제한

- 당초 구형 모델(아이폰 16, 17, 아이폰 에어 등)도 지원할 것처럼 발표했으나, 이후 보도자료와 iOS 27 가이드를 조용히 수정 (🧵1/2)",2026-09-22T13:24:39.064Z,2026-09-22T13:24:41.264Z,2026-09-22T16:43:30Z,lunamothryu.bsky.social,did:plc:d7kyysydmsalwo2zadsha5sb,0,0,1,0,https://bsky.app/profile/lunamothryu.bsky.social/post/3mw4d6yamis2y,Apple iPhone
at://did:plc:qr6tt46sisat4dxeh65sahlq/app.bsky.feed.post/3mw4d74gpye2o,"¿Y si tu iPhone pudiera detectar que te lo están robando? 👀

Apple prepara en iOS 27.2 un sistema que detectaría un tirón brusco y otras señales para bloquearlo automáticamente.

¿Veremos por fin un iPhone más difícil de robar? #iOS27 #Apple",2026-09-22T13:24:43.000Z,2026-09-22T13:24:44.162Z,2026-09-22T16:43:30Z,applex4.bsky.social,did:plc:qr6tt46sisat4dxeh65sahlq,0,0,0,0,https://bsky.app/profile/applex4.bsky.social/post/3mw4d74gpye2o,Apple iPhone
at://did:plc:xzh4y5uw75he5zjv7i6in7c2/app.bsky.feed.post/3mw4d7isdq323,"Adobe Premiere's Android version launches today for free, adding layered video editing, YouTube templates, and foldable optimization months after the iPhone release.",2026-09-22T13:24:56.212Z,2026-09-22T13:24:57.161Z,2026-09-22T16:43:30Z,thecircuitry.to,did:plc:xzh4y5uw75he5zjv7i6in7c2,0,0,0,0,https://bsky.app/profile/thecircuitry.to/post/3mw4d7isdq323,iphone
at://did:plc:lvcl4ujjkyeklddd4mpfitug/app.bsky.feed.post/3mw4d7mxmd22a,"Should you buy the iPhone 18 Pro?

Here's my straight-to-the-point review for #Postmedia:

Powerhouse iPhone 18 Pro more refinement than revolutionary

nationalpost.com/technology/p... - via @nationalpost.bsky.social @torontosun.bsky.social 

#iPhone #iPhone18 #iPhone18Pro #Apple #smartphones #tech",2026-09-22T13:25:00.789Z,2026-09-22T13:25:01.171Z,2026-09-22T16:43:30Z,marcsaltzman.bsky.social,did:plc:lvcl4ujjkyeklddd4mpfitug,0,0,0,0,https://bsky.app/profile/marcsaltzman.bsky.social/post/3mw4d7mxmd22a,Apple iPhone
at://did:plc:t73w6gbu7rwmrcaryblusjal/app.bsky.feed.post/3mw4dbgaoml32,"Wer gerne liest, kennt das Problem: Irgendwann verliert man den Überblick darüber, welche #Bücher bereits im Regal stehen, was man gerade liest und welcher Titel eigentlich noch auf der Wunschliste wartet. An dieser Stelle kommt #BookSafe ins Spiel. Die App für #iPhone, #iPad und die #AppleWatch […]",2026-09-22T13:25:49.000Z,2026-09-22T13:26:03.376Z,2026-09-22T16:43:30Z,appgefahren.techhub.social.ap.brid.gy,did:plc:t73w6gbu7rwmrcaryblusjal,0,1,0,0,https://bsky.app/profile/appgefahren.techhub.social.ap.brid.gy/post/3mw4dbgaoml32,iphone
at://did:plc:ccnscwnxtyi6c7xmenj4qql6/app.bsky.feed.post/3mw4db5mcrk2h,"so if you have an iphone, it does have an infrared camera to check your face every 5 seconds to see what you’re doing. i just found out that recently 😭",2026-09-22T13:25:51.799Z,2026-09-22T13:25:52.168Z,2026-09-22T16:43:30Z,pussyfullawasps.bsky.social,did:plc:ccnscwnxtyi6c7xmenj4qql6,0,0,1,0,https://bsky.app/profile/pussyfullawasps.bsky.social/post/3mw4db5mcrk2h,iphone
at://did:plc:v2ob6je7otkaffdktzdaywzp/app.bsky.feed.post/3mw4dgqyvyk2y,"Apple CEO John Ternus Talks iPhone Duo Design, Siri AI, and Becoming CEO - MacRumors

www.macrumors.com/2026/09/21/j...

- 신제품 '아이폰 듀오'는 기존 폴더블폰들과 달리 아이패드 경험을 살린 독자적인 화면비와 고도화된 힌지 엔지니어링을 통해 완성

- 애플의 시리 AI는 인간관계를 대체하는 '친구'가 아니며, 실제 사람 간의 교감과 성장을 돕는 도구로 기능해야 한다는 철학을 고수 (🧵1/2)",2026-09-22T13:28:59.907Z,2026-09-22T13:29:04.865Z,2026-09-22T16:43:30Z,lunamoth.bsky.social,did:plc:v2ob6je7otkaffdktzdaywzp,0,0,1,0,https://bsky.app/profile/lunamoth.bsky.social/post/3mw4dgqyvyk2y,Apple iPhone
at://did:plc:zwxl6dnun52q3ywiao2ad3if/app.bsky.feed.post/3mw4dnrrnm372,"Novo recurso do iPhone bloqueia celular se ele for arrancado da sua mão; veja
https://canaltech.com.br/apps/novo-recurso-do-iphone-bloqueia-celular-se-ele-for-arrancado-da-sua-mao-veja/?utm_source=flipboard&utm_medium=activitypub 

Posted into Tecnologia @tecnologia-FlipboardBR",2026-09-22T13:29:48.000Z,2026-09-22T13:33:08.059Z,2026-09-22T16:43:30Z,flipboardbr.flipboard.com.ap.brid.gy,did:plc:zwxl6dnun52q3ywiao2ad3if,0,1,0,0,https://bsky.app/profile/flipboardbr.flipboard.com.ap.brid.gy/post/3mw4dnrrnm372,Apple iPhone
at://did:plc:hmtbe2a5xzwqxhqtfgyfmcwa/app.bsky.feed.post/3mw4dierzjl2o,"Fold Magnetic Wireless Charger for iPhone: Compact Charging Pad Fit… → now $26.54, 37% off
https://www.amazon.com/dp/B0DGPTTD9G?tag=birdxdeal-20 #fold #magnetic",2026-09-22T13:29:53Z,2026-09-22T13:29:54.665Z,2026-09-22T16:43:30Z,birdxdealss.bsky.social,did:plc:hmtbe2a5xzwqxhqtfgyfmcwa,0,0,0,0,https://bsky.app/profile/birdxdealss.bsky.social/post/3mw4dierzjl2o,iphone
at://did:plc:bjxslx3nazswdvkbiaa4cvj3/app.bsky.feed.post/3mw4djsoefc2c,"Fotografische Stile in iOS 27: Apple streicht Textur und Körnung für ältere iPhones

Apple hat Textur und Körnung in iOS 27 nachträglich auf das iPhone 18 Pro beschränkt –…

https://appletechnikblog.com/2026/09/22/fotografische-stile-in-ios-27-apple-streicht-textur-und-koernung-fuer-aeltere-iphones/",2026-09-22T13:30:42Z,2026-09-22T13:30:42.658Z,2026-09-22T16:43:30Z,appletechnikblog.bsky.social,did:plc:bjxslx3nazswdvkbiaa4cvj3,0,0,0,0,https://bsky.app/profile/appletechnikblog.bsky.social/post/3mw4djsoefc2c,Apple iPhone
at://did:plc:riarwo7vraveqg7xkriapjjm/app.bsky.feed.post/3mw4dklveuc2h,"I used to live in Pine Ridge, right at the end of Lake Ida at Hagen Ranch. Lots of my (amateur) iphone photos are from Arthur Marshall, Green Cay, Wakodahatchee (thanks for having that spelled out for me 🙃), and Pine Ridge.",2026-09-22T13:31:08.766Z,2026-09-22T13:31:09.463Z,2026-09-22T16:43:30Z,roddusi.bsky.social,did:plc:riarwo7vraveqg7xkriapjjm,2,0,2,0,https://bsky.app/profile/roddusi.bsky.social/post/3mw4dklveuc2h,iphone
at://did:plc:lzpdrziptxo3j2xtukdwlgaz/app.bsky.feed.post/3mw4dkma3xf2v,"Best iPhone Apps for Contractors & Solo Handymen in 2026 (Free-First Estimating)

Room scanning, construction math, estimates, invoicing, and mileage tracking on iPhone. Eight apps for contractors, with the 2026 prices for each.

https://iosapplists.com/best-iphone-apps-for-contractors-handymen/",2026-09-22T13:31:08.943157Z,2026-09-22T13:31:09.259Z,2026-09-22T16:43:30Z,iosapplists.bsky.social,did:plc:lzpdrziptxo3j2xtukdwlgaz,0,0,0,0,https://bsky.app/profile/iosapplists.bsky.social/post/3mw4dkma3xf2v,iphone
at://did:plc:ritv6l6udmzeuwbit4omuq4x/app.bsky.feed.post/3mw4dmcscyl2a,Apple Planning to Bring iPhone Duo Display Tech to Pro in 2029,2026-09-22T13:32:05Z,2026-09-22T13:32:06.761Z,2026-09-22T16:43:30Z,macrumors.bsky.social,did:plc:ritv6l6udmzeuwbit4omuq4x,7,0,0,0,https://bsky.app/profile/macrumors.bsky.social/post/3mw4dmcscyl2a,Apple iPhone
at://did:plc:lni45qu7s4dv627ks77fjxgw/app.bsky.feed.post/3mw4dmzyik22w,"Whether you just bought a new iPhone with iOS 27 or upgraded your existing phone to the new operating system, here are five things you should do first. zdnet.com/tech/5-thing... via @zdnet.bsky.social",2026-09-22T13:32:30.656Z,2026-09-22T13:32:29.261Z,2026-09-22T16:43:30Z,lancewhit.bsky.social,did:plc:lni45qu7s4dv627ks77fjxgw,0,0,0,0,https://bsky.app/profile/lancewhit.bsky.social/post/3mw4dmzyik22w,iphone
at://did:plc:b4eicqrguc4by4jxy5bns54h/app.bsky.feed.post/3mw4dnsonp225,"It is very good when you can see the surface!
It is not you. The iPhone isn't great at taking pictures of the moon when it is really dark. I can get good evening ones when there is still some sunlight.",2026-09-22T13:32:56.549Z,2026-09-22T13:32:57.158Z,2026-09-22T16:43:30Z,shlead.bsky.social,did:plc:b4eicqrguc4by4jxy5bns54h,1,0,1,0,https://bsky.app/profile/shlead.bsky.social/post/3mw4dnsonp225,iphone
at://did:plc:qt34fdb5di4hsny5wncomxtt/app.bsky.feed.post/3mw4dp3ivao2t,"CEO John Ternus’ Apple event teaser hints at new camera feature You Should Know

#iPhone

https://justpaste.in/tech/ceo-john-ternus-apple-event-teaser-hints-at-new-camera-feature-you-should-know/",2026-09-22T13:33:37Z,2026-09-22T13:33:39.557Z,2026-09-22T16:43:30Z,techworlddaily.bsky.social,did:plc:qt34fdb5di4hsny5wncomxtt,0,0,0,0,https://bsky.app/profile/techworlddaily.bsky.social/post/3mw4dp3ivao2t,Apple iPhone
at://did:plc:47ynxndqdwbdvsahdaeh35fp/app.bsky.feed.post/3mw4dr3rthmp2,"Tak já už mám ochranu vybranou 😎✌️ Btw jak to máte vy, nosíte iPhone s nebo bez krytu?
Jo a mimochodem na YouTube jsem vydal první dojmy na iPhone 18 Pro Max, kdyby vám to uniklo 😉👇
https://youtu.be/Xx_Jo7uXtn0?is=V96zBIxkjUZckuol",2026-09-22T13:34:41.000Z,2026-09-22T13:34:58.858Z,2026-09-22T16:43:30Z,ceskymac.zpravobot.news.ap.brid.gy,did:plc:47ynxndqdwbdvsahdaeh35fp,0,0,0,0,https://bsky.app/profile/ceskymac.zpravobot.news.ap.brid.gy/post/3mw4dr3rthmp2,iphone
at://did:plc:js7ejarq3d6sxpj4o5n5fajt/app.bsky.feed.post/3mw4dr2kc5c2h,Heute 1 Jahr iPhone Air by the way,2026-09-22T13:34:45.446Z,2026-09-22T13:34:46.063Z,2026-09-22T16:43:30Z,bakfiets.blog,did:plc:js7ejarq3d6sxpj4o5n5fajt,0,0,0,0,https://bsky.app/profile/bakfiets.blog/post/3mw4dr2kc5c2h,iphone
at://did:plc:m4nira5lmpb53wjl74s7hs3s/app.bsky.feed.post/3mw4drnajp22s,Creo que no ha salido nunca un teléfono más bonito que el iPhone 4S,2026-09-22T13:35:05.061Z,2026-09-22T13:35:05.565Z,2026-09-22T16:43:30Z,rorik.bsky.social,did:plc:m4nira5lmpb53wjl74s7hs3s,9,0,2,0,https://bsky.app/profile/rorik.bsky.social/post/3mw4drnajp22s,iphone
at://did:plc:jkawicy6ttwmyupyek6rjcvq/app.bsky.feed.post/3mw4duwrcdk2i,"I had Samsung last couple of times and it's been fine, s26 basically identical to my old s23. Before that was Sony Xperia which I liked but then when it was up for renewal I couldn't find another one at a decent price. Never had an iPhone though, so not sure how they'd stack up!",2026-09-22T13:36:55.707Z,2026-09-22T13:36:56.460Z,2026-09-22T16:43:30Z,dannybhoy67.bsky.social,did:plc:jkawicy6ttwmyupyek6rjcvq,0,0,0,0,https://bsky.app/profile/dannybhoy67.bsky.social/post/3mw4duwrcdk2i,iphone
at://did:plc:gltfewoltu2dajaepwyyn2kx/app.bsky.feed.post/3mw4dw5cj4g2g,Talking about getting a new Coffee Machine... If your currency is Mac Studio and iPhone Duo,2026-09-22T13:37:35.935Z,2026-09-22T13:37:38.064Z,2026-09-22T16:43:30Z,angomarcello.bsky.social,did:plc:gltfewoltu2dajaepwyyn2kx,0,0,0,0,https://bsky.app/profile/angomarcello.bsky.social/post/3mw4dw5cj4g2g,iphone
at://did:plc:dwecjm5n7fyljcjk3vi7x5oa/app.bsky.feed.post/3mw4dwkc4fu23,"MacRumors より

Apple Announces 'Tap to Pay on iPhone' Availability in 8 More Countries
Apple より8カ国で「Tap to Pay on iPhone」を発売
",2026-09-22T13:37:49.181561+00:00,2026-09-22T13:37:50.365Z,2026-09-22T16:43:30Z,gigowat.bsky.social,did:plc:dwecjm5n7fyljcjk3vi7x5oa,0,0,0,0,https://bsky.app/profile/gigowat.bsky.social/post/3mw4dwkc4fu23,Apple iPhone
at://did:plc:d7kyysydmsalwo2zadsha5sb/app.bsky.feed.post/3mw4dyx7ugc2y,"Apple CEO John Ternus Talks iPhone Duo Design, Siri AI, and Becoming CEO - MacRumors

www.macrumors.com/2026/09/21/j...

- 신제품 '아이폰 듀오'는 기존 폴더블폰들과 달리 아이패드 경험을 살린 독자적인 화면비와 고도화된 힌지 엔지니어링을 통해 완성

- 애플의 시리 AI는 인간관계를 대체하는 '친구'가 아니며, 실제 사람 간의 교감과 성장을 돕는 도구로 기능해야 한다는 철학을 고수 (🧵1/2)",2026-09-22T13:39:10.406Z,2026-09-22T13:39:12.957Z,2026-09-22T16:43:30Z,lunamothryu.bsky.social,did:plc:d7kyysydmsalwo2zadsha5sb,0,0,1,0,https://bsky.app/profile/lunamothryu.bsky.social/post/3mw4dyx7ugc2y,Apple iPhone
at://did:plc:vrcsr5hdv3bsi47jqbtjmsxi/app.bsky.feed.post/3mw4e2nyhzu2r,"Magnetic for iPhone 18 Pro Max Case with Privacy Screen Protector & Full Camera only $4.xx
https://www.amazon.com/gp/product/B0H94J86FF?smid=&th=1&linkCode=ll2&tag=bluesky0d2-20",2026-09-22T13:40:07.303773Z,2026-09-22T13:40:08.567Z,2026-09-22T16:43:30Z,glitchdeals.bsky.social,did:plc:vrcsr5hdv3bsi47jqbtjmsxi,1,0,0,0,https://bsky.app/profile/glitchdeals.bsky.social/post/3mw4e2nyhzu2r,iphone
at://did:plc:hmtbe2a5xzwqxhqtfgyfmcwa/app.bsky.feed.post/3mw4e3eqtf32m,"3 in 1 MagSafe Wireless Charger Stand for iPhone Apple Watch AirPods → now $17.95, 36% off
https://www.amazon.com/dp/B0CNTH3F7P?tag=birdxdeal-20 #magsafe #wireless",2026-09-22T13:40:31Z,2026-09-22T13:40:31.956Z,2026-09-22T16:43:30Z,birdxdealss.bsky.social,did:plc:hmtbe2a5xzwqxhqtfgyfmcwa,0,0,0,0,https://bsky.app/profile/birdxdealss.bsky.social/post/3mw4e3eqtf32m,Apple iPhone
at://did:plc:g222tlp3276m4abem6wbjkld/app.bsky.feed.post/3mw4e5rayywf2,oh YES https://www.moft.com/products/dynamic-folio-for-iphone-duo,2026-09-22T13:41:43.000Z,2026-09-22T13:41:53.958Z,2026-09-22T16:43:30Z,ap.exch.gr,did:plc:g222tlp3276m4abem6wbjkld,0,0,1,0,https://bsky.app/profile/ap.exch.gr/post/3mw4e5rayywf2,iphone
at://did:plc:dwecjm5n7fyljcjk3vi7x5oa/app.bsky.feed.post/3mw4e5udkvf2c,"MacRumors より

Apple Planning to Bring iPhone Duo Display Tech to Pro in 2029
Appleは2029年にiPhoneデュオディスプレイテクノロジーをプロに導入する計画
",2026-09-22T13:41:54.663981+00:00,2026-09-22T13:41:55.264Z,2026-09-22T16:43:30Z,gigowat.bsky.social,did:plc:dwecjm5n7fyljcjk3vi7x5oa,0,0,0,0,https://bsky.app/profile/gigowat.bsky.social/post/3mw4e5udkvf2c,Apple iPhone
at://did:plc:rghsmk5gzlb7s2tv5olsc2jk/app.bsky.feed.post/3mw4ecroi3t2e,"Apple’s next-gen photo controls only work on images ‘captured’ on a new iPhone #Technology 

https://www.macworld.com/article/3241056/apples-next-gen-photo-controls-only-work-on-images-captured-on-a-new-iphone.html",2026-09-22T13:44:39+00:00,2026-09-22T13:45:49.633Z,2026-09-22T16:43:30Z,puretech.news,did:plc:rghsmk5gzlb7s2tv5olsc2jk,0,0,0,0,https://bsky.app/profile/puretech.news/post/3mw4ecroi3t2e,iphone
at://did:plc:opq5phhuquxppobexcp2cm4y/app.bsky.feed.post/3mw4egas6fk24,"🔥 Ukrainian director Tanu Muiño has directed “Night Moves,” a new promotional video for Apple’s iPhone 18 Pro.",2026-09-22T13:46:36.623Z,2026-09-22T13:46:37.961Z,2026-09-22T16:43:30Z,united24media.com,did:plc:opq5phhuquxppobexcp2cm4y,40,5,0,1,https://bsky.app/profile/united24media.com/post/3mw4egas6fk24,iphone
at://did:plc:hmtbe2a5xzwqxhqtfgyfmcwa/app.bsky.feed.post/3mw4ehf3fze2q,"UGREEN Nexode 25000mAh 145W 3-Port USB-C Power Bank for iPhone 17 Pro… → now $69.99, 36% off
https://www.amazon.com/dp/B0BJQ7F16T?tag=birdxdeal-20 #ugreen #nexode",2026-09-22T13:47:13Z,2026-09-22T13:47:14.957Z,2026-09-22T16:43:30Z,birdxdealss.bsky.social,did:plc:hmtbe2a5xzwqxhqtfgyfmcwa,0,0,0,0,https://bsky.app/profile/birdxdealss.bsky.social/post/3mw4ehf3fze2q,iphone
at://did:plc:b3lro5itwnm2rjxxfp3njse2/app.bsky.feed.post/3mw4eitqyns2n,"Indie iOS lesson: a sick-day timeline only works if logging a fever takes seconds at 2am.

Kiddico keeps temperatures, symptoms, meds, and care notes on one iPhone timeline. No ads. Not a doctor.

www.kiddico.app?utm_source=bluesky&utm_medium=social
#BuildInPublic",2026-09-22T13:48:03.643Z,2026-09-22T13:48:03.957Z,2026-09-22T16:43:30Z,kiddico.bsky.social,did:plc:b3lro5itwnm2rjxxfp3njse2,2,0,1,0,https://bsky.app/profile/kiddico.bsky.social/post/3mw4eitqyns2n,iphone
at://did:plc:mm56qk7rrficheevw52mwweu/app.bsky.feed.post/3mw4ekfyypk2l,"Da du ja auch iPhone Nutzerin bist, kann das bei mir zumindest nicht bestätigen. Nur eine bestimmte App die das macht mit eigener Spracheinstellungen oder sowas wirres? Hab zumindest immer wieder Zickereien, wenn ich auf Englisch schreibe.",2026-09-22T13:48:56.330Z,2026-09-22T13:48:57.563Z,2026-09-22T16:43:30Z,gaelunafn.eurosky.social,did:plc:mm56qk7rrficheevw52mwweu,2,0,0,0,https://bsky.app/profile/gaelunafn.eurosky.social/post/3mw4ekfyypk2l,iphone
at://did:plc:cdo3gdznzmhg4irgaecxqdha/app.bsky.feed.post/3mw4ekoxcns2l,"Käufer des iPhone 18 Pro und neuer Apple-Watch-Modelle berichten von Softwarefehlern. Während beim iPhone Face ID Probleme macht, stürzen die Uhren zufällig ab. #Apple",2026-09-22T13:49:05.472Z,2026-09-22T13:49:06.266Z,2026-09-22T16:43:30Z,macandi.bsky.social,did:plc:cdo3gdznzmhg4irgaecxqdha,0,0,0,0,https://bsky.app/profile/macandi.bsky.social/post/3mw4ekoxcns2l,Apple iPhone
at://did:plc:qt34fdb5di4hsny5wncomxtt/app.bsky.feed.post/3mw4eladxqq2i,"An iPhone Pro with a better camera? Honor Magic 9 is official: A Practical Look

#Smartphones

https://justpaste.in/tech/an-iphone-pro-with-a-better-camera-honor-magic-9-is-official-a-practical-look-2/",2026-09-22T13:49:21Z,2026-09-22T13:49:24.460Z,2026-09-22T16:43:30Z,techworlddaily.bsky.social,did:plc:qt34fdb5di4hsny5wncomxtt,0,0,0,0,https://bsky.app/profile/techworlddaily.bsky.social/post/3mw4eladxqq2i,iphone
at://did:plc:hpnwx54bt2k37wyjbdyyqglg/app.bsky.feed.post/3mw4end3wv22s,#photography #iphone #chicago,2026-09-22T13:50:33.941Z,2026-09-22T13:50:43.256Z,2026-09-22T16:43:30Z,kam129.bsky.social,did:plc:hpnwx54bt2k37wyjbdyyqglg,6,0,0,0,https://bsky.app/profile/kam129.bsky.social/post/3mw4end3wv22s,iphone
at://did:plc:jpsi77obepmpwj4pok3knjcg/app.bsky.feed.post/3mw4eo23tpk25,"Xiaomi was Apple weer eens te snel af: de Xiaomi 18 Fold oogt als de foldable iPhone Duo, maar het is het niet. Of toch wel? Tijd voor een grondige test van Mrwhosetheboss youtu.be/eYBEJBfq_Zs?...",2026-09-22T13:50:58.062Z,2026-09-22T13:51:00.265Z,2026-09-22T16:43:30Z,nieuwemobiel.nl,did:plc:jpsi77obepmpwj4pok3knjcg,0,0,0,0,https://bsky.app/profile/nieuwemobiel.nl/post/3mw4eo23tpk25,Apple iPhone
at://did:plc:mht5ub4ykjuoxpux77hikixt/app.bsky.feed.post/3mw4eqp7sik23,"iPhone Pro OLEDs go polarizer-free in 2029 with CoE tech — thinner, brighter, more efficient. #DisplayTech #OLED #iPhonePro #CoE #Apple #Innovation https://thedailytechfeed.com/apple-to-deliver-polarizer-free-oleds-to-iphone-pro-by-2029/",2026-09-22T13:51:56.000Z,2026-09-22T13:52:27.657Z,2026-09-22T16:43:30Z,thedailytechfeed.com,did:plc:mht5ub4ykjuoxpux77hikixt,0,0,0,0,https://bsky.app/profile/thedailytechfeed.com/post/3mw4eqp7sik23,Apple iPhone
at://did:plc:425qgmeu22uz7ca7r6k6cd32/app.bsky.feed.post/3mw4erf6trk2d,Lo de dar tu antiguo iPhone,2026-09-22T13:52:50.359Z,2026-09-22T13:52:50.961Z,2026-09-22T16:43:30Z,muriillo04.bsky.social,did:plc:425qgmeu22uz7ca7r6k6cd32,0,0,1,0,https://bsky.app/profile/muriillo04.bsky.social/post/3mw4erf6trk2d,iphone
at://did:plc:4ahr3taztgtxoezvkjfgoyj4/app.bsky.feed.post/3mw4erfdxtk2v,Evolution of iPhone :),2026-09-22T13:52:50.526Z,2026-09-22T13:52:52.356Z,2026-09-22T16:43:30Z,arunshah240.bsky.social,did:plc:4ahr3taztgtxoezvkjfgoyj4,0,0,0,0,https://bsky.app/profile/arunshah240.bsky.social/post/3mw4erfdxtk2v,iphone
at://did:plc:y53crjqjctu4sn4lkkkmap4k/app.bsky.feed.post/3mw4esmpt6p22,"iPhone 18 Proが母艦からミラーリングで繋がらない顛末を書いた。機種変とmacOSバージョンアップを同時にやったので、どっちが悪いのかよくわからんが何とかなった。
--
macOS 27でiPhoneミラーリングが「ペアリングが進行中」のまま接続できない場合の対処 #Mac - Qiita https://qiita.com/ohtsuka/items/e6a103269d1020d24076",2026-09-22T13:53:13.000Z,2026-09-22T13:53:35.256Z,2026-09-22T16:43:30Z,ohtsuka.fedibird.com.ap.brid.gy,did:plc:y53crjqjctu4sn4lkkkmap4k,0,1,0,0,https://bsky.app/profile/ohtsuka.fedibird.com.ap.brid.gy/post/3mw4esmpt6p22,iphone
at://did:plc:e7uqplbts44gccjyhn4fdvzk/app.bsky.feed.post/3mw4etniisx2c,"Update! IPhone 18 Pro https://kimagurenote.net/kn/IPhone_18_Pro - Apple Store でドコモ・ahamoの回線を紐づけて機種変更扱いで8,800円の値引きを受けて購入した端末は、eSIMクイック転送に失敗する不具合が発生しているようだ…ドコモ特有のEID絡みだろうか？",2026-09-22T13:54:03.000000Z,2026-09-22T13:54:06.357Z,2026-09-22T16:43:30Z,kimagurenote.net,did:plc:e7uqplbts44gccjyhn4fdvzk,0,0,0,0,https://bsky.app/profile/kimagurenote.net/post/3mw4etniisx2c,Apple iPhone
at://did:plc:mht5ub4ykjuoxpux77hikixt/app.bsky.feed.post/3mw4f3plkcz2w,"PITAKA’s Edge, Cairn & Summa cases bring woven aramid style + rugged protection for iPhone 18 Pro/Max. #iPhone18 #PITAKA #AramidFiber #CaseDesign #TechAccessories #MobileProtection https://thedailytechfeed.com/pitaka-unveils-sleek-new-cases-for-iphone-18-series/",2026-09-22T13:58:06.000Z,2026-09-22T13:58:37.757Z,2026-09-22T16:43:30Z,thedailytechfeed.com,did:plc:mht5ub4ykjuoxpux77hikixt,0,0,0,0,https://bsky.app/profile/thedailytechfeed.com/post/3mw4f3plkcz2w,iphone
at://did:plc:gq4fo3u6tqzzdkjlwzpb23tj/app.bsky.feed.post/3mw4f3o5t2k2r,"here are a few additional iphone 18 pro photos from yesterday’s walk that showcase its new film grain/texture emulations — these in particular really give you a sense of how they’ve handled halation

these are all straight from the camera with no additional editing",2026-09-22T13:58:35.306Z,2026-09-22T13:58:36.870Z,2026-09-22T16:43:30Z,dame.is,did:plc:gq4fo3u6tqzzdkjlwzpb23tj,4,0,0,0,https://bsky.app/profile/dame.is/post/3mw4f3o5t2k2r,iphone
at://did:plc:zxbclrdegu36ivu6o2rjx52c/app.bsky.feed.post/3mw4f3rmb5h2h,"Logitech Keys-To-Go Teclado Inalámbrico Bluetooth para iPhone

📉 Baja de 71,99 a 39,92€

💶 Ahorro: 32,07€ (45%)

🔗 https://amzlink.to/az0fgDNYgDQcj",2026-09-22T13:58:38.688Z,2026-09-22T13:58:39.566Z,2026-09-22T16:43:30Z,lobocompras.bsky.social,did:plc:zxbclrdegu36ivu6o2rjx52c,0,0,0,0,https://bsky.app/profile/lobocompras.bsky.social/post/3mw4f3rmb5h2h,iphone
at://did:plc:g5utkeumaifitqma6gtqog3y/app.bsky.feed.post/3mw4f3sorq22q,"Last night on the Sea of Cortez. Not the best iPhone photo, but it does capture a bit of the moonlight magic.",2026-09-22T13:58:40.048Z,2026-09-22T13:58:45.760Z,2026-09-22T16:43:30Z,5ofcrones.bsky.social,did:plc:g5utkeumaifitqma6gtqog3y,7,1,3,0,https://bsky.app/profile/5ofcrones.bsky.social/post/3mw4f3sorq22q,iphone
at://did:plc:kkdpuqm6tvalztn4bwxp5vau/app.bsky.feed.post/3mw4f6ttk7u25,"新発売の「iPhone Duo」「iPhone 18」シリーズ、6割が『買わない』と回答。専門家の意見は？（All About） – Yahoo!ニュース

https://www.yayafa.com/2892913/

新発売の「iPhone Duo」「i…",2026-09-22T14:00:19+00:00,2026-09-22T14:00:22.659Z,2026-09-22T16:43:30Z,yayafa.bsky.social,did:plc:kkdpuqm6tvalztn4bwxp5vau,0,0,0,0,https://bsky.app/profile/yayafa.bsky.social/post/3mw4f6ttk7u25,iphone
at://did:plc:4miz4orrlkiizbadjh4vxdep/app.bsky.feed.post/3mw4f6xzhe22i,"Само дни след началото на продажбите на iPhone 18 Pro се появиха първи сигнали за проблеми.

Някои потребители съобщават за временно блокиране на сензорния екран, а други за рестартиране на телефона след неуспешно разпознаване с Face ID. #смартфони #Apple #iPhone digitalera.bg/problemi-iph...",2026-09-22T14:00:26.313Z,2026-09-22T14:00:30.563Z,2026-09-22T16:43:30Z,digitalerabg.bsky.social,did:plc:4miz4orrlkiizbadjh4vxdep,0,0,0,0,https://bsky.app/profile/digitalerabg.bsky.social/post/3mw4f6xzhe22i,Apple iPhone
at://did:plc:4w5gvggjpwm624gjwlwwd2kt/app.bsky.feed.post/3mw4fajtblv2d,"iPhone 18: Release date, rumored features and what to expect www.theapplepost.com/2026/09/22/7...",2026-09-22T14:01:17.549Z,2026-09-22T14:01:19.172Z,2026-09-22T16:43:30Z,theapplepost.com,did:plc:4w5gvggjpwm624gjwlwwd2kt,0,0,0,0,https://bsky.app/profile/theapplepost.com/post/3mw4fajtblv2d,Apple iPhone
at://did:plc:frsanbxmk75ecf5r7naxs433/app.bsky.feed.post/3mw4fbgv65c2v,"🍎 3 cosas que puedes hacer en iOS 27 que quizá no conocías 👀

📸 Ampliar una foto después de hacerla
🔔 Recibir avisos cuando una web cambie
🤖 Crear atajos con IA simplemente describiendo lo que quieres

Yo no conocía las tres 😅 ¿Cuál no conocías tú? 

#iOS27 #iPhone #Apple #TrucosiPhone #iOS",2026-09-22T14:01:49.005Z,2026-09-22T14:01:51.959Z,2026-09-22T16:43:30Z,lunabel92.bsky.social,did:plc:frsanbxmk75ecf5r7naxs433,1,0,0,0,https://bsky.app/profile/lunabel92.bsky.social/post/3mw4fbgv65c2v,Apple iPhone
at://did:plc:f3ph3ymzcnhpchwqiu4u37g2/app.bsky.feed.post/3mw4fdqrrll23,iPhone Duo Hands-On: The Inner Screen Looks Like Real Paper https://gizmodo.com/iphone-duo-hands-on-2000808932,2026-09-22T14:03:05.993Z,2026-09-22T14:03:06.758Z,2026-09-22T16:43:30Z,gizmodo.com,did:plc:f3ph3ymzcnhpchwqiu4u37g2,2,0,0,1,https://bsky.app/profile/gizmodo.com/post/3mw4fdqrrll23,iphone
at://did:plc:gsxfqiyly6evc7z7byvhrxxu/app.bsky.feed.post/3mw4fetufxf2n,iPhone 18 Pro Max + Apple Watch Ultra 4: Our First Impressions,2026-09-22T14:03:43Z,2026-09-22T14:03:44.168Z,2026-09-22T16:43:30Z,chrisryannyc.bsky.social,did:plc:gsxfqiyly6evc7z7byvhrxxu,1,0,0,0,https://bsky.app/profile/chrisryannyc.bsky.social/post/3mw4fetufxf2n,Apple iPhone
at://did:plc:qt34fdb5di4hsny5wncomxtt/app.bsky.feed.post/3mw4feyh4zd2o,"A Look at android brands already copying iPhone 18 Pro’s burgundy colour

#Reintroduction #iPhone #Smartphones

https://justpaste.in/tech/a-look-at-android-brands-already-copying-iphone-18-pros-burgundy-colour/",2026-09-22T14:03:46Z,2026-09-22T14:03:48.259Z,2026-09-22T16:43:30Z,techworlddaily.bsky.social,did:plc:qt34fdb5di4hsny5wncomxtt,0,0,0,0,https://bsky.app/profile/techworlddaily.bsky.social/post/3mw4feyh4zd2o,iphone
at://did:plc:vztswbtlod7s2k3np7b4xtig/app.bsky.feed.post/3mw4ffez6ic2j,Not for protecting the 1st amendment; they just don't want to lose advertising revenue to some 19 year old podcaster with an iPhone.,2026-09-22T14:04:01.261Z,2026-09-22T14:04:02.661Z,2026-09-22T16:43:30Z,steve-wood.bsky.social,did:plc:vztswbtlod7s2k3np7b4xtig,0,0,0,0,https://bsky.app/profile/steve-wood.bsky.social/post/3mw4ffez6ic2j,iphone
at://did:plc:vgolo6ixo4ou4ranvccpybkn/app.bsky.feed.post/3mw4fflca442u,"Previously confirmed for iPhone 16 and 17 models, Apple has revised its wording regarding the iOS 27 feature.",2026-09-22T14:04:07Z,2026-09-22T14:04:08.573Z,2026-09-22T16:43:30Z,pcmag.com,did:plc:vgolo6ixo4ou4ranvccpybkn,0,0,0,0,https://bsky.app/profile/pcmag.com/post/3mw4fflca442u,Apple iPhone
at://did:plc:6oue7bcx5zgbpkl5upsuadwt/app.bsky.feed.post/3mw4fgvqzv32t,"Apple’s expensive new iPhone 18 Pro is already giving some owners headaches

Buying a brand-new iPhone on launch day usually comes with a few expectations. You get the shiny new hardware, spend an hour moving everything over from your old phone, and then hopefully forget about troubleshooting for a…",2026-09-22T14:04:52Z,2026-09-22T14:04:52.962Z,2026-09-22T16:43:30Z,articleweblog.bsky.social,did:plc:6oue7bcx5zgbpkl5upsuadwt,0,0,0,0,https://bsky.app/profile/articleweblog.bsky.social/post/3mw4fgvqzv32t,iphone
at://did:plc:s25marl2slqg7oejioh3ma7g/app.bsky.feed.post/3mw4fgwguqk24,"why does Bluesky insist on chopping these videos up until it gives 2008 YouTube video filmed on a potato… this iPhone is worth $3,000",2026-09-22T14:04:53.090Z,2026-09-22T14:04:53.662Z,2026-09-22T16:43:30Z,scarfacegooner.bsky.social,did:plc:s25marl2slqg7oejioh3ma7g,3,1,0,0,https://bsky.app/profile/scarfacegooner.bsky.social/post/3mw4fgwguqk24,iphone
at://did:plc:lidrxa53evewdye72yoqeld7/app.bsky.feed.post/3mw4fhkgv7k2o,i wonder how much Adderall he has to do to stay awake long enough to type all this out on his iphone LMFAO i aint reading all that 😭😭😭,2026-09-22T14:05:14.056Z,2026-09-22T14:05:17.258Z,2026-09-22T16:43:30Z,danyeell-cumphound.bsky.social,did:plc:lidrxa53evewdye72yoqeld7,0,0,0,0,https://bsky.app/profile/danyeell-cumphound.bsky.social/post/3mw4fhkgv7k2o,iphone
at://did:plc:jhejvckz3g73avyhu54j624r/app.bsky.feed.post/3mw4fhspd5n25,"Anker Soundcore launched three new audio products that break Guinness World Records and offer iPhone/Android/Windows/Mac compatibility at set prices.
",2026-09-22T14:05:22.507Z,2026-09-22T14:05:23.461Z,2026-09-22T16:43:30Z,applebriefly.bsky.social,did:plc:jhejvckz3g73avyhu54j624r,0,0,0,0,https://bsky.app/profile/applebriefly.bsky.social/post/3mw4fhspd5n25,iphone
at://did:plc:oetunpozp6fjudghkpo7u3xa/app.bsky.feed.post/3mw4fig42fs2g,"If you own an #iPhone, you may be entitled to some 💵",2026-09-22T14:05:43.067Z,2026-09-22T14:05:46.570Z,2026-09-22T16:43:30Z,wfsb.com,did:plc:oetunpozp6fjudghkpo7u3xa,0,0,0,0,https://bsky.app/profile/wfsb.com/post/3mw4fig42fs2g,iphone
at://did:plc:yes6cn2ebbuskqzbtspoa4yf/app.bsky.feed.post/3mw4fjhoan22c,"Anker Soundcore launched three new audio products that break Guinness World Records and offer iPhone/Android/Windows/Mac compatibility at set prices.
",2026-09-22T14:06:18.194Z,2026-09-22T14:06:19.558Z,2026-09-22T16:43:30Z,gadgetsbriefly.bsky.social,did:plc:yes6cn2ebbuskqzbtspoa4yf,0,0,0,0,https://bsky.app/profile/gadgetsbriefly.bsky.social/post/3mw4fjhoan22c,iphone
at://did:plc:vbhvpqudswo72vskdfr34idm/app.bsky.feed.post/3mw4fl74pta2z,"Apple avait promis cette fonction aux iPhone 16 et 17 Pro, mais ils n’y auront pas le droit
👉 https://l.frandroid.com/nfi",2026-09-22T14:06:49.048Z,2026-09-22T14:07:17.065Z,2026-09-22T16:43:30Z,frandroid.com,did:plc:vbhvpqudswo72vskdfr34idm,0,0,0,0,https://bsky.app/profile/frandroid.com/post/3mw4fl74pta2z,Apple iPhone
at://did:plc:korp6pxy3llf254ddwpe6lpg/app.bsky.feed.post/3mw4fkhldf524,Regata Cutty Shark iPhone 13 Case — obra de José Castro Dopico. [Para tu rincón o para tu espacio de trabajo] → https://www.zazzle.es/regata_cutty_shark_iphone_case-256021268498506293 😍 #JoséCastroDopico #ArteGallego,2026-09-22T14:06:51.393Z,2026-09-22T14:06:53.667Z,2026-09-22T16:43:30Z,zazzledopico.bsky.social,did:plc:korp6pxy3llf254ddwpe6lpg,0,0,0,0,https://bsky.app/profile/zazzledopico.bsky.social/post/3mw4fkhldf524,iphone
at://did:plc:7kzaf66cor4tqfrdgtssy2iw/app.bsky.feed.post/3mw4fkkbqzv2u,Regata Cutty Shark iPhone 13 Case — obra de José Castro Dopico. [Para tu rincón o para tu espacio de trabajo] → https://www.zazzle.es/regata_cutty_shark_iphone_case-256021268498506293 😍 #JoséCastroDopico #ArteGallego,2026-09-22T14:06:54.224Z,2026-09-22T14:06:55.359Z,2026-09-22T16:43:30Z,castrodopico.bsky.social,did:plc:7kzaf66cor4tqfrdgtssy2iw,0,0,0,0,https://bsky.app/profile/castrodopico.bsky.social/post/3mw4fkkbqzv2u,iphone
at://did:plc:xuutbtra6nrnnw3dd6kgyrsp/app.bsky.feed.post/3mw4fm2zmpw2x,"🔥 Razer Kishi V2 USB-C Controller iPhone Android Mecha-Taktile Action-Tasten D-Pad
eBay · 64.99 €
#BonPlan #HighTech #Promo",2026-09-22T14:07:45.345205Z,2026-09-22T14:07:46.267Z,2026-09-22T16:43:30Z,chasseurdedeals.bsky.social,did:plc:xuutbtra6nrnnw3dd6kgyrsp,0,0,0,0,https://bsky.app/profile/chasseurdedeals.bsky.social/post/3mw4fm2zmpw2x,iphone
at://did:plc:7abzdzhjixnbhwv66fjxb4zf/app.bsky.feed.post/3mw4fo6urgs2q,"ServiceTitan solves CRM→estimate. Verisk solves estimate→carrier. The missing layer: capture→data. Every contractor still starts with ""take photos on your phone."" Measurable 3D from any iPhone should be the input — not a photo album.",2026-09-22T14:08:56+00:00,2026-09-22T14:08:57.164Z,2026-09-22T16:43:30Z,claimnorth.com,did:plc:7abzdzhjixnbhwv66fjxb4zf,0,0,0,0,https://bsky.app/profile/claimnorth.com/post/3mw4fo6urgs2q,iphone
at://did:plc:harytksynx35wtni7sgjpdst/app.bsky.feed.post/3mw4fpcas2c2x,Does the scholarship come before and during with a Cash App and iPhone 18pro max at the end?,2026-09-22T14:09:33.881Z,2026-09-22T14:09:34.670Z,2026-09-22T16:43:30Z,mixedbymeechii.bsky.social,did:plc:harytksynx35wtni7sgjpdst,1,0,0,0,https://bsky.app/profile/mixedbymeechii.bsky.social/post/3mw4fpcas2c2x,iphone
at://did:plc:bkmg4cp372nqtckapso7xy74/app.bsky.feed.post/3mw4fqhhwb226,I know I’m a latecomer but the new iphone iOS is a visual assault.,2026-09-22T14:10:12.939Z,2026-09-22T14:10:13.167Z,2026-09-22T16:43:30Z,scrappyaf.bsky.social,did:plc:bkmg4cp372nqtckapso7xy74,3,0,2,0,https://bsky.app/profile/scrappyaf.bsky.social/post/3mw4fqhhwb226,iphone
at://did:plc:dwecjm5n7fyljcjk3vi7x5oa/app.bsky.feed.post/3mw4fqvsip72n,"9to5Mac より

iOS 27 adds convenient new iPhone feature you’ll use all the time
iOS 27は、あなたが常に使用する便利な新しいiPhone機能を追加します
",2026-09-22T14:10:27.466940+00:00,2026-09-22T14:10:28.661Z,2026-09-22T16:43:30Z,gigowat.bsky.social,did:plc:dwecjm5n7fyljcjk3vi7x5oa,0,0,0,0,https://bsky.app/profile/gigowat.bsky.social/post/3mw4fqvsip72n,iphone
at://did:plc:i7ggc752rvsw2rtdzp4pawsw/app.bsky.feed.post/3mw4ftpt3lm2g,The iPhone 18 Pro added a complex camera hardware feature that even Apple would find difficult to repair ift.tt/CkZLqQu,2026-09-22T14:12:02.320Z,2026-09-22T14:12:03.460Z,2026-09-22T16:43:30Z,stufftv.bsky.social,did:plc:i7ggc752rvsw2rtdzp4pawsw,0,0,0,0,https://bsky.app/profile/stufftv.bsky.social/post/3mw4ftpt3lm2g,Apple iPhone
at://did:plc:enzomtwe6v5mm6ntypsd5vbg/app.bsky.feed.post/3mw4fuuxstk2s,Apple、次世代iPhone ProモデルにiPhone Duoのディスプレイ技術を導入へ - こぼねみ www.kobonemi.com/entry/2026/0... #新型iPhone #iPhone2029 #Apple #iPhoneDuo,2026-09-22T14:12:41.310Z,2026-09-22T14:12:48.867Z,2026-09-22T16:43:30Z,kobonemi.bsky.social,did:plc:enzomtwe6v5mm6ntypsd5vbg,0,0,0,0,https://bsky.app/profile/kobonemi.bsky.social/post/3mw4fuuxstk2s,Apple iPhone
at://did:plc:wn5vb2qhnv56rmvz3jji7ww7/app.bsky.feed.post/3mw4fvymdzc2j,Apple modifie discrètement son communiqué de presse pour préciser que les nouveaux réglages de texture et de grain des Styles photographiques sont réservés aux iPhone 18 Pro et à l’iPhone Duo,2026-09-22T14:13:18.628Z,2026-09-22T14:13:18.772Z,2026-09-22T16:43:30Z,lefiltech.fr,did:plc:wn5vb2qhnv56rmvz3jji7ww7,0,0,0,0,https://bsky.app/profile/lefiltech.fr/post/3mw4fvymdzc2j,Apple iPhone
at://did:plc:vztswbtlod7s2k3np7b4xtig/app.bsky.feed.post/3mw4fx67um22j,"Not entirely altruistic or protecting the 1st amendment, they are just scared of losing advertising revenue to a 19yo podcaster with an iPhone.",2026-09-22T14:13:58.120Z,2026-09-22T14:13:59.656Z,2026-09-22T16:43:30Z,steve-wood.bsky.social,did:plc:vztswbtlod7s2k3np7b4xtig,2,0,0,0,https://bsky.app/profile/steve-wood.bsky.social/post/3mw4fx67um22j,iphone
at://did:plc:dwecjm5n7fyljcjk3vi7x5oa/app.bsky.feed.post/3mw4fxkpvyq2n,"9to5Mac より

PITAKA’s iPhone 18 Pro cases bring stunning designs and protection from $59.99 [Save 10%]
PITAKAのiPhone 18 Proケースは59.99から見事なデザインと保護をもたらします [10%節約]
",2026-09-22T14:14:10.709510+00:00,2026-09-22T14:14:11.766Z,2026-09-22T16:43:30Z,gigowat.bsky.social,did:plc:dwecjm5n7fyljcjk3vi7x5oa,0,0,0,0,https://bsky.app/profile/gigowat.bsky.social/post/3mw4fxkpvyq2n,iphone
at://did:plc:bgakgsp7rz6ioyaqbvd7p7ew/app.bsky.feed.post/3mw4fxnwewm2j,iOS 27 adds convenient new iPhone feature you’ll use all the time,2026-09-22T14:14:14Z,2026-09-22T14:14:14.863Z,2026-09-22T16:43:30Z,9to5mac.com,did:plc:bgakgsp7rz6ioyaqbvd7p7ew,6,1,0,0,https://bsky.app/profile/9to5mac.com/post/3mw4fxnwewm2j,Apple iPhone
at://did:plc:bgakgsp7rz6ioyaqbvd7p7ew/app.bsky.feed.post/3mw4fxongt52j,PITAKA’s iPhone 18 Pro cases bring stunning designs and protection from $59.99 [Save 10%],2026-09-22T14:14:15Z,2026-09-22T14:14:15.975Z,2026-09-22T16:43:30Z,9to5mac.com,did:plc:bgakgsp7rz6ioyaqbvd7p7ew,3,0,0,0,https://bsky.app/profile/9to5mac.com/post/3mw4fxongt52j,iphone
at://did:plc:tsvcmd72oxp47wtixs4qllyi/app.bsky.feed.post/3mw4fymt5gw2n,iPhone より安い / グーグル、新カテゴリーノートPC「Googlebook」発売　899ドルから - Impress Watch,2026-09-22T14:14:46.832Z,2026-09-22T14:14:47.668Z,2026-09-22T16:43:30Z,girigiribauer.com,did:plc:tsvcmd72oxp47wtixs4qllyi,0,0,0,0,https://bsky.app/profile/girigiribauer.com/post/3mw4fymt5gw2n,iphone
at://did:plc:uzu6z3zjy2dictoinpy7olci/app.bsky.feed.post/3mw4fz6usj727,"We put the new iPhone's A20 Pro chip to the test. And yes, it blows everything else out of the water.",2026-09-22T14:15:05Z,2026-09-22T14:15:06.659Z,2026-09-22T16:43:30Z,mashable.com,did:plc:uzu6z3zjy2dictoinpy7olci,0,0,0,0,https://bsky.app/profile/mashable.com/post/3mw4fz6usj727,iphone
at://did:plc:qewh2yezt7wj5yoztbraopzw/app.bsky.feed.post/3mw4fzj3rig22,"Apple Planning to Bring iPhone Duo Display Tech to Pro in 2029
Article",2026-09-22T14:15:16.938855+00:00,2026-09-22T14:15:18.261Z,2026-09-22T16:43:30Z,starfallrealm.com,did:plc:qewh2yezt7wj5yoztbraopzw,0,0,0,0,https://bsky.app/profile/starfallrealm.com/post/3mw4fzj3rig22,Apple iPhone
at://did:plc:4tevyrsov25nxorodggridpk/app.bsky.feed.post/3mw4g4nsibn2s,iPhone 18 Pro-gebruikers klagen over een slecht werkende Face ID-sensor. Heb jij er last van? icultu.re/w1l3tcJ,2026-09-22T14:17:00.999Z,2026-09-22T14:17:04.758Z,2026-09-22T16:43:30Z,iculture.nl,did:plc:4tevyrsov25nxorodggridpk,0,0,0,0,https://bsky.app/profile/iculture.nl/post/3mw4g4nsibn2s,iphone
at://did:plc:qopaytvzhyej4kqs73e4rxyf/app.bsky.feed.post/3mw4g4w2wg22c,"iPhone 18 Pro: Αναφορές για freezes και restarts στα νέα iPhone
#CEMedia #Apple #press 
contenteditor.substack.com/p/iphone-18-...",2026-09-22T14:17:10.896Z,2026-09-22T14:17:13.461Z,2026-09-22T16:43:30Z,contenteditor.bsky.social,did:plc:qopaytvzhyej4kqs73e4rxyf,0,0,0,0,https://bsky.app/profile/contenteditor.bsky.social/post/3mw4g4w2wg22c,Apple iPhone
at://did:plc:6rhxevrat4a7nkq3uuwxtccb/app.bsky.feed.post/3mw4g5khfn42n,"Est-ce qu'il existe en Suisse un moyen simple de dénoncer les appels frauduleux?
Je peux les blacklister sur mon iPhone, mais j'aimerais un moyen (idéalement simple) de dénoncer des appels de spams.",2026-09-22T14:17:32.189Z,2026-09-22T14:17:32.467Z,2026-09-22T16:43:30Z,loriskumo.bsky.social,did:plc:6rhxevrat4a7nkq3uuwxtccb,0,0,0,0,https://bsky.app/profile/loriskumo.bsky.social/post/3mw4g5khfn42n,iphone
at://did:plc:gsxfqiyly6evc7z7byvhrxxu/app.bsky.feed.post/3mw4g6ixhf32l,Unboxing the iPhone 18 Pro Max 📱✨,2026-09-22T14:18:04Z,2026-09-22T14:18:04.360Z,2026-09-22T16:43:30Z,chrisryannyc.bsky.social,did:plc:gsxfqiyly6evc7z7byvhrxxu,1,0,0,0,https://bsky.app/profile/chrisryannyc.bsky.social/post/3mw4g6ixhf32l,Apple iPhone
at://did:plc:qt34fdb5di4hsny5wncomxtt/app.bsky.feed.post/3mw4gaf62ai2u,"2026’s top foldable is not the iPhone Duo

#Reintroduction #Smartphones

https://justpaste.in/tech/2026s-top-foldable-is-not-the-iphone-duo-3/",2026-09-22T14:19:04Z,2026-09-22T14:19:07.558Z,2026-09-22T16:43:30Z,techworlddaily.bsky.social,did:plc:qt34fdb5di4hsny5wncomxtt,0,0,0,0,https://bsky.app/profile/techworlddaily.bsky.social/post/3mw4gaf62ai2u,iphone
at://did:plc:ezzeajlwhg5chujdep2ty2qo/app.bsky.feed.post/3mw4gc3qeys2k,"iPhoneでFANZA GAMESのR18版がアプリで遊べるようになりました（8/31から）。脱獄ではなく、Appleが認めたApp Store以外の公式ストアです。条件と入れ方、設定を変えるときの注意をまとめました。
https://otonaroku.com/columns/fanza-games-iphone-store-20260921/?utm_source=bluesky&utm_medium=social&utm_campaign=fanza-games-ios&utm_content=ja
#PR",2026-09-22T14:20:04.075236Z,2026-09-22T14:20:04.765Z,2026-09-22T16:43:30Z,otonaroku.bsky.social,did:plc:ezzeajlwhg5chujdep2ty2qo,0,0,0,0,https://bsky.app/profile/otonaroku.bsky.social/post/3mw4gc3qeys2k,Apple iPhone
at://did:plc:uoshhpyjd42oki3lcmjnwems/app.bsky.feed.post/3mw4gctovbl2l,"Sensoren gegen Langfinger: #Apple entwickelt mit #AutoLock ein System, das Diebstähle anhand von Bewegungsmustern und getrennten Verbindungen erkennt und das iPhone automatisch sperrt.",2026-09-22T14:20:29.590Z,2026-09-22T14:20:30.071Z,2026-09-22T16:43:30Z,winfuture.de,did:plc:uoshhpyjd42oki3lcmjnwems,1,0,0,0,https://bsky.app/profile/winfuture.de/post/3mw4gctovbl2l,Apple iPhone
at://did:plc:oulnek5j3wrhl7yltuqauvry/app.bsky.feed.post/3mw4gczkyqs2c,Het is een opname met de iPhone! Wel veel “lawaai”!,2026-09-22T14:20:35.896Z,2026-09-22T14:20:36.669Z,2026-09-22T16:43:30Z,denoppe.bsky.social,did:plc:oulnek5j3wrhl7yltuqauvry,3,0,1,0,https://bsky.app/profile/denoppe.bsky.social/post/3mw4gczkyqs2c,iphone
at://did:plc:knpcvkdebkijna3vo4nc46fv/app.bsky.feed.post/3mw4gg5m2ds2d,amiga eu usava TANTO! era mto conveniente p mim. Agr tem q tirar print da tela p iphone poder usar o recurso dele de pesquisa!! Achei mto ultrapassado socorro kkkkkkkkk,2026-09-22T14:22:20.788Z,2026-09-22T14:22:21.760Z,2026-09-22T16:43:30Z,disgranha.bsky.social,did:plc:knpcvkdebkijna3vo4nc46fv,1,0,1,0,https://bsky.app/profile/disgranha.bsky.social/post/3mw4gg5m2ds2d,iphone
at://did:plc:76bvotsz4jmfjcpnnuqileth/app.bsky.feed.post/3mw4gir4bqq2m,Today in Apple history: iPhone 6 sells record 10 million units at launch,2026-09-22T14:23:48Z,2026-09-22T14:23:49.556Z,2026-09-22T16:43:30Z,cultofmac.com,did:plc:76bvotsz4jmfjcpnnuqileth,0,0,0,0,https://bsky.app/profile/cultofmac.com/post/3mw4gir4bqq2m,Apple iPhone
at://did:plc:ddgqzzpdrbc2zs43wwuar5ii/app.bsky.feed.post/3mw4gji3hhc2x,So the new Apple fold phone uses the Samsung OLED screen and Samsung modules to assist with multitasking. But Apple and their supporters will tell you that it was all Apple’s innovation. Got rid of my IPhone when they bent the knee to Trump and never going back.,2026-09-22T14:24:12.438Z,2026-09-22T14:24:13.460Z,2026-09-22T16:43:30Z,mikeh63.bsky.social,did:plc:ddgqzzpdrbc2zs43wwuar5ii,0,0,0,0,https://bsky.app/profile/mikeh63.bsky.social/post/3mw4gji3hhc2x,Apple iPhone
at://did:plc:27xuv4a2e2brqi3bf337aytl/app.bsky.feed.post/3mw4glmtanxb2,"@overcastfm I’m getting ‘Publisher Server Error’ trying to download ‘Risk’ and ‘The New Yorker: The Writer’s Voice’ - I’ve tried on my iPhone Air on IOS 27 all of the combinations of Work wifi, Home wifi, Tailscale on/off, VPN on/off. I also tried on my Mac, same issue.
I was able to directly […]",2026-09-22T14:24:53.000Z,2026-09-22T14:25:40.467Z,2026-09-22T16:43:30Z,yesh.tech.lgbt.ap.brid.gy,did:plc:27xuv4a2e2brqi3bf337aytl,0,0,1,0,https://bsky.app/profile/yesh.tech.lgbt.ap.brid.gy/post/3mw4glmtanxb2,iphone
at://did:plc:ghkrugum5jv4gcsvv7u2goiy/app.bsky.feed.post/3mw4gks33kc2p,"Головне що бургунді.

До речі, от це у мене за два дні до бану в тредс на 100к переглядів залетіло.

Почався четвертий місяць користування iPhone Duo. Висновки робіть самі.",2026-09-22T14:24:56.449Z,2026-09-22T14:25:01.059Z,2026-09-22T16:43:30Z,mamo-oru.bsky.social,did:plc:ghkrugum5jv4gcsvv7u2goiy,1,0,1,0,https://bsky.app/profile/mamo-oru.bsky.social/post/3mw4gks33kc2p,iphone
at://did:plc:zwxl6dnun52q3ywiao2ad3if/app.bsky.feed.post/3mw4gomgat6b2,"WhatsApp copia o Telegram e testa integração com bots de IA no iPhone
https://canaltech.com.br/inteligencia-artificial/whatsapp-copia-o-telegram-e-testa-integracao-com-bots-de-ia-no-iphone/?utm_source=flipboard&utm_medium=activitypub 

Posted into Tecnologia @tecnologia-FlipboardBR",2026-09-22T14:25:17.000Z,2026-09-22T14:27:08.756Z,2026-09-22T16:43:30Z,flipboardbr.flipboard.com.ap.brid.gy,did:plc:zwxl6dnun52q3ywiao2ad3if,0,1,0,0,https://bsky.app/profile/flipboardbr.flipboard.com.ap.brid.gy/post/3mw4gomgat6b2,iphone
at://did:plc:qzvq4qea3wsenuyy67guppma/app.bsky.feed.post/3mw4gormth42y,"is it still possible to upgrade your iphone on the Mac? That is, download the update file on the mac, and just perform it when the iphone syncs over USB? 
",2026-09-22T14:27:09.961Z,2026-09-22T14:27:10.858Z,2026-09-22T16:43:30Z,padcrafting.com,did:plc:qzvq4qea3wsenuyy67guppma,0,0,0,0,https://bsky.app/profile/padcrafting.com/post/3mw4gormth42y,iphone
at://did:plc:ryrqylbqv7izbppbd3g5pxf4/app.bsky.feed.post/3mw4gqfjqtm22,"Käufer des iPhone 18 Pro und neuer Apple-Watch-Modelle berichten von Softwarefehlern. Während beim iPhone Face ID Probleme macht, stürzen die Uhren zufällig ab.",2026-09-22T14:28:04.556444+00:00,2026-09-22T14:28:05.266Z,2026-09-22T16:43:30Z,de-nachrichten.bsky.social,did:plc:ryrqylbqv7izbppbd3g5pxf4,1,0,0,0,https://bsky.app/profile/de-nachrichten.bsky.social/post/3mw4gqfjqtm22,Apple iPhone
at://did:plc:hg6ae4kcg5pibzukeva66yva/app.bsky.feed.post/3mw4grpfcgb2u,"Adobe Premiere mobile has landed on Android, free to download, a year after its iPhone launch. It brings one-tap Enhance Audio, frame-accurate editing, and a multi-track timeline, plus Firefly-powered generative AI tools. buff.ly/3Ww2pH6 #Adobe #VideoEditing",2026-09-22T14:28:48.069Z,2026-09-22T14:28:49.156Z,2026-09-22T16:43:30Z,redsharknews.bsky.social,did:plc:hg6ae4kcg5pibzukeva66yva,0,0,0,0,https://bsky.app/profile/redsharknews.bsky.social/post/3mw4grpfcgb2u,iphone
at://did:plc:ahuqxakl3eskb5eznntf3zgk/app.bsky.feed.post/3mw4gtujj5a2g,iFixit desmenuza el iPhone 18 Pro: radiografía de sus novedades #Tecnología,2026-09-22T14:30:00.998Z,2026-09-22T14:30:03.975Z,2026-09-22T16:43:30Z,fluxnoticias.bsky.social,did:plc:ahuqxakl3eskb5eznntf3zgk,0,0,0,0,https://bsky.app/profile/fluxnoticias.bsky.social/post/3mw4gtujj5a2g,iphone
at://did:plc:swyw47ch5rj266q3vq2xnhtl/app.bsky.feed.post/3mw4gu2y6hz2k,"The window is now open for people who purchased certain recent iPhone models to begin filing claims to receive their share of the quarter-billion-dollar settlement fund established in the wake of the class-action lawsuit filed against Apple, accusing the tech giant of false advertising.",2026-09-22T14:30:07Z,2026-09-22T14:30:08.566Z,2026-09-22T16:43:30Z,fox4dfw.bsky.social,did:plc:swyw47ch5rj266q3vq2xnhtl,0,0,0,0,https://bsky.app/profile/fox4dfw.bsky.social/post/3mw4gu2y6hz2k,Apple iPhone
at://did:plc:l4z2dkisrz3zn2zaicojm6js/app.bsky.feed.post/3mw4gxhbvzk2w,Whit your wanting is an iPhone 18 pro max elite gold limited edition. Telling ye,2026-09-22T14:32:01.367Z,2026-09-22T14:32:01.764Z,2026-09-22T16:43:30Z,nul67.bsky.social,did:plc:l4z2dkisrz3zn2zaicojm6js,0,0,0,0,https://bsky.app/profile/nul67.bsky.social/post/3mw4gxhbvzk2w,iphone
at://did:plc:zeuy6hm3lycw27aequldocwn/app.bsky.feed.post/3mw4gzd2psh2y," ⚡ Anker Prime 3-in-1 Qi2.2 MagSafe Compatible 25W Wireless Charging Station is on sale on Amazon.

Affiliate link: amzn.to/3TisHwH 

⚡ Qi2.2 wireless charging delivers up to 25W; the listing claims an iPhone 17 Pro can reach 50% in 22 minutes, with variable performance.",2026-09-22T14:33:03.848Z,2026-09-22T14:33:05.472Z,2026-09-22T16:43:30Z,macstoriesdeals.macstories.net,did:plc:zeuy6hm3lycw27aequldocwn,0,0,0,0,https://bsky.app/profile/macstoriesdeals.macstories.net/post/3mw4gzd2psh2y,iphone
at://did:plc:ieldorlv7whe7os6s24hsmtk/app.bsky.feed.post/3mw4h2mtt3s2d,"Downtown Atlanta, taken with an iPhone 13 Mini this week using the Gudak app. It has a 24 exposure “film roll”. It develops the role when you’ve shot. You get the shots the next day after that. 
#photography #iphoneography #cityscape",2026-09-22T14:33:47.838Z,2026-09-22T14:33:50.457Z,2026-09-22T16:43:30Z,flowstateneworleans.com,did:plc:ieldorlv7whe7os6s24hsmtk,7,1,0,0,https://bsky.app/profile/flowstateneworleans.com/post/3mw4h2mtt3s2d,iphone
at://did:plc:hmtbe2a5xzwqxhqtfgyfmcwa/app.bsky.feed.post/3mw4h2r5thb2m,"Aoara 3-in-1 Charging Station for iPhone, MagSafe Charger Stand for… → now $52.18, 35% off
https://www.amazon.com/dp/B0GT5MY37P?tag=birdxdeal-20 #aoara #3in1",2026-09-22T14:33:51Z,2026-09-22T14:33:52.559Z,2026-09-22T16:43:30Z,birdxdealss.bsky.social,did:plc:hmtbe2a5xzwqxhqtfgyfmcwa,0,0,0,0,https://bsky.app/profile/birdxdealss.bsky.social/post/3mw4h2r5thb2m,Apple iPhone
at://did:plc:ixojtukic37xifdqpumzr4ew/app.bsky.feed.post/3mw4h4rdoqk22,On an IPhone or tablet? Usually I can just highlight copy will come up and it should allow you to paste,2026-09-22T14:34:59.678Z,2026-09-22T14:35:00.064Z,2026-09-22T16:43:30Z,shrnpeterson009.bsky.social,did:plc:ixojtukic37xifdqpumzr4ew,0,0,0,0,https://bsky.app/profile/shrnpeterson009.bsky.social/post/3mw4h4rdoqk22,iphone
at://did:plc:ksqwjk43faybpxobbydnp6ie/app.bsky.feed.post/3mw4ha6dcb22b,"At Nassau Pier

#art #pictorialism #iPhone",2026-09-22T14:36:53.959Z,2026-09-22T14:36:57.069Z,2026-09-22T16:43:30Z,sp28.net,did:plc:ksqwjk43faybpxobbydnp6ie,1,0,0,0,https://bsky.app/profile/sp28.net/post/3mw4ha6dcb22b,iphone
at://did:plc:orasj4msh545ifhrvbg5x4ob/app.bsky.feed.post/3mw4haoqxkc2b,Yeah. iPhone 17 Pro Max. Does pretty darn well.,2026-09-22T14:37:11.188Z,2026-09-22T14:36:15.658Z,2026-09-22T16:43:30Z,dark1x.bsky.social,did:plc:orasj4msh545ifhrvbg5x4ob,1,0,0,0,https://bsky.app/profile/dark1x.bsky.social/post/3mw4haoqxkc2b,iphone
at://did:plc:eypg6v3q62jkpoxbgicirvjs/app.bsky.feed.post/3mw4hdidur22k,"People told us we'd hit limits basing our Google map alternative on the Web and the Web only.

They said the navigation mode wouldn't work.

Well this is it running on @firefox.com on an iPhone. 

On a ~3 mb Web page.",2026-09-22T14:38:45.127Z,2026-09-22T14:38:46.673Z,2026-09-22T16:43:30Z,cartes.app,did:plc:eypg6v3q62jkpoxbgicirvjs,8,1,1,0,https://bsky.app/profile/cartes.app/post/3mw4hdidur22k,iphone
at://did:plc:hxybz4qw4gq3gccestfowf42/app.bsky.feed.post/3mw4hexun5422,"Bought an iPhone 16, 15 Pro, or 15 Pro Max between June 2024 and March 2025? The claims window for the landmark $250M Apple AI settlement is open now. There has been no finding of liability and Apple denies it did anything wrong.
smartphoneaisettlement.com",2026-09-22T14:39:34.923Z,2026-09-22T14:39:36.072Z,2026-09-22T16:43:30Z,clarksonlawfirm.bsky.social,did:plc:hxybz4qw4gq3gccestfowf42,0,0,0,0,https://bsky.app/profile/clarksonlawfirm.bsky.social/post/3mw4hexun5422,Apple iPhone
at://did:plc:xuutbtra6nrnnw3dd6kgyrsp/app.bsky.feed.post/3mw4hfr4f3d27,"🔥 Apple iPhone 18 Pro 256GB (Neuware)
Apple · 1 339.90 €
#BonPlan #HighTech #Promo",2026-09-22T14:40:00.925642Z,2026-09-22T14:40:01.560Z,2026-09-22T16:43:30Z,chasseurdedeals.bsky.social,did:plc:xuutbtra6nrnnw3dd6kgyrsp,0,0,0,0,https://bsky.app/profile/chasseurdedeals.bsky.social/post/3mw4hfr4f3d27,Apple iPhone
at://did:plc:ar4b2twigdsv4hsoxo6lrv5c/app.bsky.feed.post/3mw4hfvr2d72v,Certain iPhone users may be eligible to receive a payment from the $250 million settlement over Apple Intelligence.,2026-09-22T14:40:06Z,2026-09-22T14:40:07.063Z,2026-09-22T16:43:30Z,ctinsider.bsky.social,did:plc:ar4b2twigdsv4hsoxo6lrv5c,0,0,0,0,https://bsky.app/profile/ctinsider.bsky.social/post/3mw4hfvr2d72v,Apple iPhone
at://did:plc:vq4ilt5a37mnj46lscqltftp/app.bsky.feed.post/3mw4higrcoo2l,"Apple's working on an ""AutoLock"" feature for iPhones. It'll use sensors & paired Apple Watches to detect theft. If your iPhone's snatched, disconnected from your watch for too long, or left unlocked after a while, it'll automatically lock. #Apple #iPhone #AutoLock",2026-09-22T14:41:31.119605+00:00,2026-09-22T14:41:31.464Z,2026-09-22T16:43:30Z,techimo.bsky.social,did:plc:vq4ilt5a37mnj46lscqltftp,1,0,0,0,https://bsky.app/profile/techimo.bsky.social/post/3mw4higrcoo2l,Apple iPhone
at://did:plc:usjdduiboqbg4bvs2rx7gznv/app.bsky.feed.post/3mw4hijfwh22b,It works well for what I want it to do. I’ve been in the iTunes ecosystem for 20 years and I listen to all of my music on my iPhone so it plays well with my habits (and my decades-old playlists). I don’t really use it for algorithmic music discovery though so I can’t rank it there.,2026-09-22T14:41:34.017Z,2026-09-22T14:41:34.763Z,2026-09-22T16:43:30Z,jaeger.festing.org,did:plc:usjdduiboqbg4bvs2rx7gznv,0,0,0,0,https://bsky.app/profile/jaeger.festing.org/post/3mw4hijfwh22b,iphone
at://did:plc:ucrov34gkb6omby7t2q5gnpw/app.bsky.feed.post/3mw4hj3n3lc2d,"When I switched to TMobile, I couldn’t bring my iPhone Air over with me, but I am still using this bitch over WiFi, in addition to my 16. Very convenient for storage and the camera. 🤣",2026-09-22T14:41:53.127Z,2026-09-22T14:41:53.760Z,2026-09-22T16:43:30Z,itsjaice.com,did:plc:ucrov34gkb6omby7t2q5gnpw,0,0,0,0,https://bsky.app/profile/itsjaice.com/post/3mw4hj3n3lc2d,iphone
at://did:plc:piu5ytkpgvxrzukd2ikbkhfx/app.bsky.feed.post/3mw4hjchxew2o,"Apple prepara il suo primo display smart per la casa: il debutto potrebbe essere vicino
#amazon #apple #canzoni #display #domotica #faceid #fotocamera #google #iOS #ipad #iphone #MacOS #musica #schermo #siri #tahoe #videochiamate #watchos
🔗 https://guruhitech.com/apple-smart-display-casa/",2026-09-22T14:41:59Z,2026-09-22T14:42:01.072Z,2026-09-22T16:43:30Z,guruhitech.bsky.social,did:plc:piu5ytkpgvxrzukd2ikbkhfx,1,0,0,0,https://bsky.app/profile/guruhitech.bsky.social/post/3mw4hjchxew2o,Apple iPhone
at://did:plc:qr6tt46sisat4dxeh65sahlq/app.bsky.feed.post/3mw4hlny2bh23,"El iPhone Duo ya empieza a entrar en el mundo del desarrollo con IA 👀

Bitrig añade soporte para probar el nuevo plegable de Apple con un simulador 3D interactivo. Esto puede facilitar mucho el desarrollo antes de tener el dispositivo real.

¿Te gustaría probarlo? #iPhoneDuo ",2026-09-22T14:43:19.000Z,2026-09-22T14:43:20.169Z,2026-09-22T16:43:30Z,applex4.bsky.social,did:plc:qr6tt46sisat4dxeh65sahlq,0,0,0,0,https://bsky.app/profile/applex4.bsky.social/post/3mw4hlny2bh23,Apple iPhone
at://did:plc:urevareap2jvax2jcqej4pch/app.bsky.feed.post/3mw4hntehnk2q,"Takže baterie v MacBooku i iPhone vyměněny, jsem o osmičku lehčí, ale furt lepší než osmdesát klacků za nová zařízení.
IKEA past mne stála dva tisíce, protože roztomilý haloweensko/podzimní povlaky na polštářky, který chci koupit už dva roky, a Drahý si nadiktoval SAMLA krabice. 
A to mám šetřit 🙈",2026-09-22T14:44:32.230Z,2026-09-22T14:44:32.565Z,2026-09-22T16:43:30Z,ygrittefire.bsky.social,did:plc:urevareap2jvax2jcqej4pch,13,0,0,0,https://bsky.app/profile/ygrittefire.bsky.social/post/3mw4hntehnk2q,iphone
at://did:plc:egoop22szzob7mszd3pfgdww/app.bsky.feed.post/3mw4hoikhyg22,"Apple has added persistent 'ads' to iOS, and it's driving users crazy https://www.techradar.com/phones/iphone/i-wish-apple-would-just-stop-that-crap-apple-has-added-persistent-ads-to-ios-and-its-driving-users-crazy (https://news.ycombinator.com/item?id=49801939)",2026-09-22T14:44:53.611Z,2026-09-22T14:44:55.263Z,2026-09-22T16:43:30Z,betterhn20.e-work.xyz,did:plc:egoop22szzob7mszd3pfgdww,0,0,0,0,https://bsky.app/profile/betterhn20.e-work.xyz/post/3mw4hoikhyg22,Apple iPhone
at://did:plc:oqc4zmf5cs5byrnt47smh3uw/app.bsky.feed.post/3mw4hoym3ic22,So apparently I'm in burnout mode to the point where I actually forgot my Iphone passcode. I never forget a code and I felt it go blank in real time...,2026-09-22T14:45:11.277Z,2026-09-22T14:45:11.578Z,2026-09-22T16:43:30Z,aessthetic.bsky.social,did:plc:oqc4zmf5cs5byrnt47smh3uw,2,0,1,0,https://bsky.app/profile/aessthetic.bsky.social/post/3mw4hoym3ic22,iphone
at://did:plc:nxmjxl2wiyat43p3gikkt37w/app.bsky.feed.post/3mw4hruhzju26,"New research claims that Apple will add a significantly improved OLED display to the iPhone, but some years later than previously expected.",2026-09-22T14:46:47+00:00,2026-09-22T14:46:47.766Z,2026-09-22T16:43:30Z,appleinsider.com,did:plc:nxmjxl2wiyat43p3gikkt37w,3,0,0,0,https://bsky.app/profile/appleinsider.com/post/3mw4hruhzju26,Apple iPhone
at://did:plc:vrcsr5hdv3bsi47jqbtjmsxi/app.bsky.feed.post/3mw4hsuqstn24,"Smart Watch for Women/Men for iPhone & Android with 2 bands, with coupon and code only $22.74
https://www.amazon.com/gp/product/B0HCNDQM87?smid=&th=1&linkCode=ll2&tag=bluesky0d2-20",2026-09-22T14:47:20.884785Z,2026-09-22T14:47:22.471Z,2026-09-22T16:43:30Z,glitchdeals.bsky.social,did:plc:vrcsr5hdv3bsi47jqbtjmsxi,0,0,0,0,https://bsky.app/profile/glitchdeals.bsky.social/post/3mw4hsuqstn24,iphone
at://did:plc:xkq7nw42mys7oafsms7unwiz/app.bsky.feed.post/3mw4hsx3g5225,Right after Apple opens those iPhone factories in the USA,2026-09-22T14:47:23.900Z,2026-09-22T14:47:24.167Z,2026-09-22T16:43:30Z,stevekovach.bsky.social,did:plc:xkq7nw42mys7oafsms7unwiz,8,0,1,0,https://bsky.app/profile/stevekovach.bsky.social/post/3mw4hsx3g5225,Apple iPhone
at://did:plc:fyxmblbjqq4ez46c3i2to44e/app.bsky.feed.post/3mw4hvb2m522e,"I suspect Apple doesn’t want to segment the app development across the Duo and non-Duo iPhones. All iOS apps will work on iPhone Duo even if developers don’t update them to support the new device, and there is no way for iOS developers to opt out of having their apps run on the iPhone Duo. [1/3]",2026-09-22T14:48:41.439Z,2026-09-22T14:48:45.574Z,2026-09-22T16:43:30Z,adifferentroadblog.bsky.social,did:plc:fyxmblbjqq4ez46c3i2to44e,0,0,1,0,https://bsky.app/profile/adifferentroadblog.bsky.social/post/3mw4hvb2m522e,Apple iPhone
at://did:plc:fyxmblbjqq4ez46c3i2to44e/app.bsky.feed.post/3mw4hveja6c2e,"Yes, such apps will look ugly, but they will at least run. The iPhone Duo will likely not sell in tens of millions of units initially, so developers will not have major incentives to support the device from day one – so by “forcing” their apps to run on the iPhone Duo out of the box... [2/3]",2026-09-22T14:48:41.440Z,2026-09-22T14:48:45.595Z,2026-09-22T16:43:30Z,adifferentroadblog.bsky.social,did:plc:fyxmblbjqq4ez46c3i2to44e,0,0,1,0,https://bsky.app/profile/adifferentroadblog.bsky.social/post/3mw4hveja6c2e,iphone
at://did:plc:fyxmblbjqq4ez46c3i2to44e/app.bsky.feed.post/3mw4hveja6d2e,"...Apple is attempting to mitigate initially limited app support for the new device. And vice versa, developers can’t make apps that work only on the iPhone Duo; even if your app is designed primarily for the Duo, it must work on the traditional iPhone models as well. [3/3]",2026-09-22T14:48:41.441Z,2026-09-22T14:48:45.623Z,2026-09-22T16:43:30Z,adifferentroadblog.bsky.social,did:plc:fyxmblbjqq4ez46c3i2to44e,0,0,0,0,https://bsky.app/profile/adifferentroadblog.bsky.social/post/3mw4hveja6d2e,Apple iPhone
at://did:plc:vrcsr5hdv3bsi47jqbtjmsxi/app.bsky.feed.post/3mw4hw3hdk42o,"GETPALS Wireless Charger iPhone Charging Station for Apple Multiple Devices only $13.79
https://www.amazon.com/gp/product/B0C2BMNHW2?smid=&th=1&linkCode=ll2&tag=bluesky0d2-20",2026-09-22T14:49:08.399979Z,2026-09-22T14:49:09.765Z,2026-09-22T16:43:30Z,glitchdeals.bsky.social,did:plc:vrcsr5hdv3bsi47jqbtjmsxi,0,0,0,0,https://bsky.app/profile/glitchdeals.bsky.social/post/3mw4hw3hdk42o,Apple iPhone
at://did:plc:4dtqhemx4nnu7wo7b243kxwx/app.bsky.feed.post/3mw4hwev6ks2o,"ZarSage now on App Store for iPhone!
apps.apple.com/us/app/zarsa...",2026-09-22T14:49:19.039Z,2026-09-22T14:49:21.659Z,2026-09-22T16:43:30Z,musbell.bsky.social,did:plc:4dtqhemx4nnu7wo7b243kxwx,0,0,0,0,https://bsky.app/profile/musbell.bsky.social/post/3mw4hwev6ks2o,iphone
at://did:plc:xuutbtra6nrnnw3dd6kgyrsp/app.bsky.feed.post/3mw4hzy5rej24,"🔥 Apple iPhone X Noir 256 Go iOS avec boîte câble chargeur MQAF2QL/A
eBay · 103.66 €
#BonPlan #HighTech #Promo",2026-09-22T14:51:19.529092Z,2026-09-22T14:51:20.958Z,2026-09-22T16:43:30Z,chasseurdedeals.bsky.social,did:plc:xuutbtra6nrnnw3dd6kgyrsp,0,0,0,0,https://bsky.app/profile/chasseurdedeals.bsky.social/post/3mw4hzy5rej24,Apple iPhone
at://did:plc:fsec6poqfwy2eammskvojusd/app.bsky.feed.post/3mw4i237fqk2h,"Appstead is now available on the App Store.

I got tired of digging through App Store Connect to see how my apps were doing. So I built a native command center for my App Store business on iPhone and iPad.

Thank you to everyone who helped test it.

apple.co/4yTMimg

#indiedev #buildinpublic #iosdev",2026-09-22T14:51:23.103Z,2026-09-22T14:51:24.469Z,2026-09-22T16:43:30Z,creativewith.in,did:plc:fsec6poqfwy2eammskvojusd,5,2,0,0,https://bsky.app/profile/creativewith.in/post/3mw4i237fqk2h,iphone
at://did:plc:ti2iec7dcd6i5dfiwlxguux2/app.bsky.feed.post/3mw4i3pnvns2x,"iPhone — एक अजीब टेस्ट में iPhone 18 Pro Max को उबलती चाय में 3 मिनट तक डाला गया, जिसके बाद उसकी स्थिति बदल गई #IPhone #Apple #News",2026-09-22T14:52:17Z,2026-09-22T14:52:18.869Z,2026-09-22T16:43:30Z,hi-in.pds.netasgard.com,did:plc:ti2iec7dcd6i5dfiwlxguux2,0,0,0,0,https://bsky.app/profile/hi-in.pds.netasgard.com/post/3mw4i3pnvns2x,Apple iPhone
at://did:plc:nkevorlxzqlfvtkvwhziiou4/app.bsky.feed.post/3mw4i44ttmc2j,pensando se eu vou testar um iphone duo ou se só compro um ipad mini - a ideia de um dispositivo fazer os dois papéis good enough é muito tentadora,2026-09-22T14:52:31.934Z,2026-09-22T14:52:53.469Z,2026-09-22T16:43:30Z,turoturoaquidentro.bsky.social,did:plc:nkevorlxzqlfvtkvwhziiou4,2,0,1,0,https://bsky.app/profile/turoturoaquidentro.bsky.social/post/3mw4i44ttmc2j,iphone
at://did:plc:mht5ub4ykjuoxpux77hikixt/app.bsky.feed.post/3mw4i5iymnv2b,"Apple’s CoE OLED iPhone screens won’t arrive till late 2029 — cheaper, brighter display tech delayed due to maturity & cost. #OLED #iPhone #CoE #DisplayTech #AppleNews #Innovation thedailytechfeed.com/brighter-low...",2026-09-22T14:53:18.045Z,2026-09-22T14:53:19.076Z,2026-09-22T16:43:30Z,thedailytechfeed.com,did:plc:mht5ub4ykjuoxpux77hikixt,0,0,0,0,https://bsky.app/profile/thedailytechfeed.com/post/3mw4i5iymnv2b,iphone
at://did:plc:t56l3fe5w75kw74oq2sd3r32/app.bsky.feed.post/3mw4i6a7pvc27,"How iPhone users can file to get up to $95 from a $250-million settlement

Sept. 22, 2026

Queenie Wong
www.latimes.com/business/sto...",2026-09-22T14:53:42.578Z,2026-09-22T14:53:44.669Z,2026-09-22T16:43:30Z,jeminna.bsky.social,did:plc:t56l3fe5w75kw74oq2sd3r32,0,0,0,0,https://bsky.app/profile/jeminna.bsky.social/post/3mw4i6a7pvc27,iphone
at://did:plc:oqc4zmf5cs5byrnt47smh3uw/app.bsky.feed.post/3mw4i6lfwrs2a,I remembered my iPhone passcode and I wrote that shit down,2026-09-22T14:53:54.309Z,2026-09-22T14:53:54.760Z,2026-09-22T16:43:30Z,aessthetic.bsky.social,did:plc:oqc4zmf5cs5byrnt47smh3uw,2,0,0,0,https://bsky.app/profile/aessthetic.bsky.social/post/3mw4i6lfwrs2a,iphone
at://did:plc:jdr65fnpaxcyh2wekeaqtttw/app.bsky.feed.post/3mw4icj42wf24,"Apple may have a clever new way to protect iPhones from thieves, and hidden beta code suggests the feature is already being tested. #Apple #iPhone #Autolock",2026-09-22T14:56:05+00:00,2026-09-22T14:56:06.862Z,2026-09-22T16:43:30Z,neowin.net,did:plc:jdr65fnpaxcyh2wekeaqtttw,0,0,0,0,https://bsky.app/profile/neowin.net/post/3mw4icj42wf24,Apple iPhone
at://did:plc:7kmp6f7xncfqmpnjlpb52a6g/app.bsky.feed.post/3mw4ifbxkqd2c,I upgraded to an iPhone 18 Pro Max. I was way more impressed with the Duo than I expected to be. But not enough to pass on the better camera and big ass battery.,2026-09-22T14:57:38.991Z,2026-09-22T14:57:39.459Z,2026-09-22T16:43:30Z,targrus.org,did:plc:7kmp6f7xncfqmpnjlpb52a6g,1,0,1,0,https://bsky.app/profile/targrus.org/post/3mw4ifbxkqd2c,iphone
at://did:plc:rtrnhhsrah2tc6sd3jajxddx/app.bsky.feed.post/3mw4igk4qxc26,"Fenêtre sur Tech - épisode 7
iPhone 18 Pro Max, OS 27 et vache cabrée

À écouter d'urgence ! 🙂",2026-09-22T14:58:21.401Z,2026-09-22T14:58:29.970Z,2026-09-22T16:43:30Z,fabriceneuman.fr,did:plc:rtrnhhsrah2tc6sd3jajxddx,0,0,0,0,https://bsky.app/profile/fabriceneuman.fr/post/3mw4igk4qxc26,iphone
at://did:plc:tw7cra4mdefux5rrstjt5vrc/app.bsky.feed.post/3mw4ihxpbuo2c,Very curious to try it on an actual hardware device but at least in the simulator Hour by Hour is feeling pretty cool on iPhone Duo! ,2026-09-22T14:58:55.617Z,2026-09-22T14:59:10.456Z,2026-09-22T16:43:30Z,joe.inkle.co,did:plc:tw7cra4mdefux5rrstjt5vrc,1,0,1,0,https://bsky.app/profile/joe.inkle.co/post/3mw4ihxpbuo2c,iphone
at://did:plc:t443mtmhd3vbemzxfusjmxff/app.bsky.feed.post/3mw4iicc4qg2i,"Thank you Apple for the smoothest iPhone Trade-In ever. iPhone arrived with the trade-in box included (first time ever). Trade-In shipped out and within 54 hours, iPhone inspection passed and gift card issued. All of this in record time! #Apple ",2026-09-22T14:59:20.111Z,2026-09-22T14:59:20.463Z,2026-09-22T16:43:30Z,isoemac.bsky.social,did:plc:t443mtmhd3vbemzxfusjmxff,0,0,0,0,https://bsky.app/profile/isoemac.bsky.social/post/3mw4iicc4qg2i,Apple iPhone
at://did:plc:4rdaxvvm5yrki5tvpcf3jtiy/app.bsky.feed.post/3mw4ijwbdm72b,Apple agreed to pay $250 million to settle the lawsuit to avoid the risks and costs associated with a trial. https://www.wandtv.com/2026/09/22/claims-now-being-accepted-apples-iphone-ai-settlement-heres-who-is-eligible/ ,2026-09-22T15:00:14.740Z,2026-09-22T15:00:15.663Z,2026-09-22T16:43:30Z,wandnews.bsky.social,did:plc:4rdaxvvm5yrki5tvpcf3jtiy,1,1,0,0,https://bsky.app/profile/wandnews.bsky.social/post/3mw4ijwbdm72b,Apple iPhone
at://did:plc:76sj7l4gylndgvnav36mecft/app.bsky.feed.post/3mw4ikgy6gt27,"Thank you Apple for the smoothest iPhone Trade-In ever. iPhone arrived with the trade-in box included (first time ever). Trade-In shipped out and within 54 hours, iPhone inspection passed and gift card issued. All of this in record time! #Apple ",2026-09-22T15:00:32.271Z,2026-09-22T15:00:32.470Z,2026-09-22T16:43:30Z,devinking.bsky.social,did:plc:76sj7l4gylndgvnav36mecft,0,0,0,0,https://bsky.app/profile/devinking.bsky.social/post/3mw4ikgy6gt27,Apple iPhone
at://did:plc:h5maykrmsb3yz4y5qcdlulvk/app.bsky.feed.post/3mw4ikzcuv22t,"Apple has added persistent 'ads' to iOS, and it's driving users crazy

https://www.techradar.com/phones/iphone/i-wish-apple-would-just-stop-that-crap-apple-has-added-persistent-ads-to-ios-and-its-driving-users-crazy",2026-09-22T15:00:51.540Z,2026-09-22T15:00:51.760Z,2026-09-22T16:43:30Z,hnbot.gsuscs.xyz,did:plc:h5maykrmsb3yz4y5qcdlulvk,0,0,0,0,https://bsky.app/profile/hnbot.gsuscs.xyz/post/3mw4ikzcuv22t,Apple iPhone
at://did:plc:vt3surxvris6wwoam7vjranx/app.bsky.feed.post/3mw4il52kry2l,"पिछले 30 मिनट के विषय 🧭:

1. IPhone 🆕
2. Max 🆕
3. उबलत 🆕
4. #Apple 🆕
5. SIR
6. मतद
7. तहत
8. आपत
9. समयबद
10. गहन",2026-09-22T15:00:55.262Z,2026-09-22T15:00:55.660Z,2026-09-22T16:43:30Z,trending-hi.bsky.social,did:plc:vt3surxvris6wwoam7vjranx,0,0,0,0,https://bsky.app/profile/trending-hi.bsky.social/post/3mw4il52kry2l,Apple iPhone
at://did:plc:fwdtahldxs6npihpvba7emtz/app.bsky.feed.post/3mw4ilgrkfd2g,"✍️ New Post ✍️

My early iPhone Duo design explorations for Elite Hoops. How to use arrangement view, and when, dealing with overflow items and more!

Check it out: www.swiftjectivec.com/Early-Desig...",2026-09-22T15:01:05.599097Z,2026-09-22T15:01:06.360Z,2026-09-22T16:43:30Z,jordanmorgan10.bsky.social,did:plc:fwdtahldxs6npihpvba7emtz,0,0,0,0,https://bsky.app/profile/jordanmorgan10.bsky.social/post/3mw4ilgrkfd2g,iphone
at://did:plc:pfy6356qs7lj365z5mouungw/app.bsky.feed.post/3mw4bwp6gsu27,iOS 27 : ces iPhone pourtant récents seraient privés de ces nouveautés photo,2026-09-22T15:02:06.874681Z,2026-09-22T13:02:08.157Z,2026-09-22T16:43:30Z,mac4ever.bsky.social,did:plc:pfy6356qs7lj365z5mouungw,0,0,0,0,https://bsky.app/profile/mac4ever.bsky.social/post/3mw4bwp6gsu27,iphone
at://did:plc:65qz3aqe4zrqsmfnhyaahx3q/app.bsky.feed.post/3mw4ipo7drk2t,iPhone should let me threaten the text scammers and still report the text as spam.,2026-09-22T15:03:27.671Z,2026-09-22T15:03:27.970Z,2026-09-22T16:43:30Z,vitruvianmonkey.bsky.social,did:plc:65qz3aqe4zrqsmfnhyaahx3q,3,0,0,0,https://bsky.app/profile/vitruvianmonkey.bsky.social/post/3mw4ipo7drk2t,iphone
at://did:plc:fsftz5ue2bvlvkb6zx2bqdnh/app.bsky.feed.post/3mw4iptfscq2a,"Apple announced the iPhone 18 Pro and iPhone 18 Pro Max earlier this month, arriving four years after the iPhone 14 Pro and iPhone 14 Pro Max. Four generations of changes make for a substantial upgrade, bringing larger displays, an all-new design, improvements to every camera, significantl..",2026-09-22T15:03:33.016353+00:00,2026-09-22T15:03:33.871Z,2026-09-22T16:43:30Z,technology-news.bsky.social,did:plc:fsftz5ue2bvlvkb6zx2bqdnh,1,0,0,0,https://bsky.app/profile/technology-news.bsky.social/post/3mw4iptfscq2a,Apple iPhone
at://did:plc:mjjiydo3f7qiebt6satqzzfh/app.bsky.feed.post/3mw4iq5lgts2t,Does the new iPhone even have an app to destroy all opps?,2026-09-22T15:03:43.788Z,2026-09-22T15:03:43.963Z,2026-09-22T16:43:30Z,vexogen.protogen.club,did:plc:mjjiydo3f7qiebt6satqzzfh,0,0,0,0,https://bsky.app/profile/vexogen.protogen.club/post/3mw4iq5lgts2t,iphone
at://did:plc:qt34fdb5di4hsny5wncomxtt/app.bsky.feed.post/3mw4iqsw35z2v,"iPhone Duo: Your ultimate handbook to Apple’s foldable smartphone

#Relaunch #iPhone #Smartphones

https://justpaste.in/tech/iphone-duo-your-ultimate-handbook-to-apples-foldable-smartphone-3/",2026-09-22T15:04:04Z,2026-09-22T15:04:06.370Z,2026-09-22T16:43:30Z,techworlddaily.bsky.social,did:plc:qt34fdb5di4hsny5wncomxtt,0,0,0,0,https://bsky.app/profile/techworlddaily.bsky.social/post/3mw4iqsw35z2v,iphone
at://did:plc:u745baxbtlt5apu6iecw2i2r/app.bsky.feed.post/3mw4it2lk722n,That i just got left there to endure poverty yet iPhone 15 years later is unaffordable,2026-09-22T15:05:21.316Z,2026-09-22T15:05:21.766Z,2026-09-22T16:43:30Z,itsadamhaley.bsky.social,did:plc:u745baxbtlt5apu6iecw2i2r,0,0,0,0,https://bsky.app/profile/itsadamhaley.bsky.social/post/3mw4it2lk722n,iphone
at://did:plc:m2yuqynl2cttvi4k5453yegh/app.bsky.feed.post/3mw4iwwiz3hp2,"📰 **Five reasons to stick with your iPhone 17 Pro instead of upgrading to the 18 Pro**

The iPhone 18 Pro offers Apple's latest and greatest, but it's only a meaningful upgrade if you're coming from a model that's several years old.

📰 Source […] 

[Original post on igeek.gamer-geek-news.com]",2026-09-22T15:07:28.000Z,2026-09-22T15:07:35.567Z,2026-09-22T16:43:30Z,feed.igeek.gamer-geek-news.com.ap.brid.gy,did:plc:m2yuqynl2cttvi4k5453yegh,0,0,0,0,https://bsky.app/profile/feed.igeek.gamer-geek-news.com.ap.brid.gy/post/3mw4iwwiz3hp2,iphone
at://did:plc:bjxslx3nazswdvkbiaa4cvj3/app.bsky.feed.post/3mw4ix4buv52m,"iOS 27 bringt über 300 neue Funktionen: Über 50 werden hier erklärt

iOS 27 bringt über 300 Neuerungen aufs iPhone. Ich erkläre ich über 50 der wichtigsten Funktionen – von der anpassbaren Kamera-App über den AirPods-Equalizer bis zur neuen Kindersicherung. Mehr erfahrt Ihr hier...",2026-09-22T15:07:37Z,2026-09-22T15:07:37.959Z,2026-09-22T16:43:30Z,appletechnikblog.bsky.social,did:plc:bjxslx3nazswdvkbiaa4cvj3,0,0,0,0,https://bsky.app/profile/appletechnikblog.bsky.social/post/3mw4ix4buv52m,iphone
at://did:plc:hpnjvcdy2eb4f7wmrdfuka3h/app.bsky.feed.post/3mw4ixndq5n2z,"The iPhone 18 Pro offers Apple's latest and greatest, but it's only a meaningful upgrade if you're coming from a model that's several years old.",2026-09-22T15:07:54.711Z,2026-09-22T15:07:56.360Z,2026-09-22T16:43:30Z,engadget.com,did:plc:hpnjvcdy2eb4f7wmrdfuka3h,3,0,0,0,https://bsky.app/profile/engadget.com/post/3mw4ixndq5n2z,iphone
at://did:plc:xoukd2scvghwiaxjs7q3xfci/app.bsky.feed.post/3mw4j57xooc2i,"Dienstag. 6:45 klingelt im Hause #Merz der Wecker. Der #Kanzler drückt 12 mal auf Schlummern, bis er sich 7:02  zum iPhone robbt, um erstmal 45 Minuten zu doomscrollen. Mit noch müderen Augen setzt er sich an den Rand des Betts, weitere 45 Minuten vergehen. Einer der besseren Tage.",2026-09-22T15:11:02.500Z,2026-09-22T15:11:02.866Z,2026-09-22T16:43:30Z,milchaufex1984.bsky.social,did:plc:xoukd2scvghwiaxjs7q3xfci,2,0,0,0,https://bsky.app/profile/milchaufex1984.bsky.social/post/3mw4j57xooc2i,iphone
at://did:plc:fsftz5ue2bvlvkb6zx2bqdnh/app.bsky.feed.post/3mw4jb6s2an2q,"Months after it arrived on iPhone, Adobe Premiere’s mobile version is now available on Android devices with layered video editing,...",2026-09-22T15:13:15.365811+00:00,2026-09-22T15:13:18.163Z,2026-09-22T16:43:30Z,technology-news.bsky.social,did:plc:fsftz5ue2bvlvkb6zx2bqdnh,1,0,0,0,https://bsky.app/profile/technology-news.bsky.social/post/3mw4jb6s2an2q,iphone
at://did:plc:fjyz6vi5ih6fktq7rzkaiacb/app.bsky.feed.post/3mw4jeqvrt72l,"Five reasons to stick with your iPhone 17 Pro instead of upgrading to the 18 Pro

#Tech #Gadgets",2026-09-22T15:15:14.965Z,2026-09-22T15:15:15.866Z,2026-09-22T16:43:30Z,x-minus-t.bsky.social,did:plc:fjyz6vi5ih6fktq7rzkaiacb,0,0,0,0,https://bsky.app/profile/x-minus-t.bsky.social/post/3mw4jeqvrt72l,iphone
at://did:plc:6clcp32vg7hejrq4v7hff3gs/app.bsky.feed.post/3mw4jfectgt24,"Apple has added persistent 'ads' to iOS, and it's driving users crazy

#HackerNews

https://www.techradar.com/phones/iphone/i-wish-apple-would-just-stop-that-crap-apple-has-added-persistent-ads-to-ios-and-its-driving-users-crazy",2026-09-22T15:15:35.433Z,2026-09-22T15:15:35.957Z,2026-09-22T16:43:30Z,hackernewstop5.bsky.social,did:plc:6clcp32vg7hejrq4v7hff3gs,0,0,0,0,https://bsky.app/profile/hackernewstop5.bsky.social/post/3mw4jfectgt24,Apple iPhone
at://did:plc:jhejvckz3g73avyhu54j624r/app.bsky.feed.post/3mw4jgmxdv22v,"Upgrading from iPhone 17 Pro to iPhone 18 Pro usually isn’t worth it because differences are minor and performance gains don’t justify the cost for most users.
",2026-09-22T15:16:17.880Z,2026-09-22T15:16:19.275Z,2026-09-22T16:43:30Z,applebriefly.bsky.social,did:plc:jhejvckz3g73avyhu54j624r,0,0,0,0,https://bsky.app/profile/applebriefly.bsky.social/post/3mw4jgmxdv22v,iphone
at://did:plc:v3ibuyjiqc64nckrgcybis2l/app.bsky.feed.post/3mw4jgtusn42o,"Upgrading from iPhone 17 Pro to iPhone 18 Pro usually isn’t worth it because differences are minor and performance gains don’t justify the cost for most users.
",2026-09-22T15:16:25.291Z,2026-09-22T15:16:26.157Z,2026-09-22T16:43:30Z,digitallifebriefly.bsky.social,did:plc:v3ibuyjiqc64nckrgcybis2l,0,0,0,0,https://bsky.app/profile/digitallifebriefly.bsky.social/post/3mw4jgtusn42o,iphone
at://did:plc:yes6cn2ebbuskqzbtspoa4yf/app.bsky.feed.post/3mw4jhza5x223,"Upgrading from iPhone 17 Pro to iPhone 18 Pro usually isn’t worth it because differences are minor and performance gains don’t justify the cost for most users.
",2026-09-22T15:17:04.465Z,2026-09-22T15:17:05.171Z,2026-09-22T16:43:30Z,gadgetsbriefly.bsky.social,did:plc:yes6cn2ebbuskqzbtspoa4yf,0,0,0,0,https://bsky.app/profile/gadgetsbriefly.bsky.social/post/3mw4jhza5x223,iphone
at://did:plc:dcba2lvrti2zpgl4xjeaekfo/app.bsky.feed.post/3mw4jk36ugc2k,"I agree. Hell, even an iPhone can take some great pics of food without a lot of extra work.",2026-09-22T15:18:13.702Z,2026-09-22T15:18:14.163Z,2026-09-22T16:43:30Z,pseudonic.bsky.social,did:plc:dcba2lvrti2zpgl4xjeaekfo,1,0,0,0,https://bsky.app/profile/pseudonic.bsky.social/post/3mw4jk36ugc2k,iphone
at://did:plc:76bvotsz4jmfjcpnnuqileth/app.bsky.feed.post/3mw4jkkqhj526,Apple’s new Texture and Grain camera controls are locked to iPhone 18 Pro after all,2026-09-22T15:18:29Z,2026-09-22T15:18:31.470Z,2026-09-22T16:43:30Z,cultofmac.com,did:plc:76bvotsz4jmfjcpnnuqileth,1,0,0,0,https://bsky.app/profile/cultofmac.com/post/3mw4jkkqhj526,Apple iPhone
at://did:plc:qt34fdb5di4hsny5wncomxtt/app.bsky.feed.post/3mw4jkvcfdn2v,"Understanding iPhone Duo, Apple’s priciest phone, is missing these key features

#Reintroduction #iPhone

https://justpaste.in/tech/understanding-iphone-duo-apples-priciest-phone-is-missing-these-key-features/",2026-09-22T15:18:38Z,2026-09-22T15:18:41.257Z,2026-09-22T16:43:30Z,techworlddaily.bsky.social,did:plc:qt34fdb5di4hsny5wncomxtt,0,0,0,0,https://bsky.app/profile/techworlddaily.bsky.social/post/3mw4jkvcfdn2v,iphone
at://did:plc:4x3c3kkh2mah3rfjgfnktsgo/app.bsky.feed.post/3mw4jpx7ayb2l,iPhone 18 Pro: falha no Face ID faz smartphones reiniciarem sozinhos tecnoblog.net/noticias/iph...,2026-09-22T15:21:30.168Z,2026-09-22T15:21:31.470Z,2026-09-22T16:43:30Z,tecnoblog.net,did:plc:4x3c3kkh2mah3rfjgfnktsgo,0,0,0,0,https://bsky.app/profile/tecnoblog.net/post/3mw4jpx7ayb2l,Apple iPhone
at://did:plc:6e2uqumh7x42shb6zhca45ry/app.bsky.feed.post/3mw4jqrkwv22h,"this is recorded through a digitech element xp, crate flexwave 120, hartke gh 412a, and iphone 11 front facing camera 🗑️🗑️🗑️🗑️💅",2026-09-22T15:21:58.492Z,2026-09-22T15:22:00.970Z,2026-09-22T16:43:30Z,mrfox.bsky.social,did:plc:6e2uqumh7x42shb6zhca45ry,18,3,0,0,https://bsky.app/profile/mrfox.bsky.social/post/3mw4jqrkwv22h,iphone
at://did:plc:su2hu4lh4gxkjhwbv5pbsubz/app.bsky.feed.post/3mw4jstvxfs2e,Das ist der Browser vom iPhone,2026-09-22T15:23:08.060Z,2026-09-22T15:23:08.871Z,2026-09-22T16:43:30Z,amerz.bsky.social,did:plc:su2hu4lh4gxkjhwbv5pbsubz,0,0,0,0,https://bsky.app/profile/amerz.bsky.social/post/3mw4jstvxfs2e,iphone
at://did:plc:kb4r5p4f4rzz7li6lbjcwraz/app.bsky.feed.post/3mw4jvkco6k2e,"Apple has added persistent 'ads' to iOS, and it's driving users crazy https://www.techradar.com/phones/iphone/i-wish-apple-would-just-stop-that-crap-apple-has-added-persistent-ads-to-ios-and-its-driving-users-crazy (https://news.ycombinator.com/item?id=49801939)",2026-09-22T15:24:37.730Z,2026-09-22T15:24:39.667Z,2026-09-22T16:43:30Z,betterhn50.e-work.xyz,did:plc:kb4r5p4f4rzz7li6lbjcwraz,0,0,0,0,https://bsky.app/profile/betterhn50.e-work.xyz/post/3mw4jvkco6k2e,Apple iPhone
at://did:plc:2kaguu3yxn545hamxsgmtxd2/app.bsky.feed.post/3mw4jy4w4z22y,"Xioami smart band 10(6680円)が15%ポイント還元中https://usepocket.com/c/UP13/UP13449.html
#腕時計型端末
#iPhone",2026-09-22T15:26:05.147070+00:00,2026-09-22T15:26:05.479Z,2026-09-22T16:43:30Z,fetuin.bsky.social,did:plc:2kaguu3yxn545hamxsgmtxd2,0,0,0,0,https://bsky.app/profile/fetuin.bsky.social/post/3mw4jy4w4z22y,iphone
at://did:plc:vrcsr5hdv3bsi47jqbtjmsxi/app.bsky.feed.post/3mw4jzxzy5m2o,"DEENAKIN Case for iPhone 17 Pro Max/iPhone 18 Pro Max, Cute Preppy Floral only $8.99 (Reg $17.99)
https://www.amazon.com/gp/product/B0FM738MQX?smid=&th=1&linkCode=ll2&tag=bluesky0d2-20",2026-09-22T15:27:06.244117Z,2026-09-22T15:27:08.272Z,2026-09-22T16:43:30Z,glitchdeals.bsky.social,did:plc:vrcsr5hdv3bsi47jqbtjmsxi,0,0,0,0,https://bsky.app/profile/glitchdeals.bsky.social/post/3mw4jzxzy5m2o,iphone
at://did:plc:sqrk2j3b5iw5xua6qoqgrjqh/app.bsky.feed.post/3mw4k2ujb26s2,"Has it occurred to you @marcoarment

That you don't have to choose between iPhone Duo & iPhone 18 Pro.

You could have both, and switch between them when the duo is too bulky ""to have in your shorts pocket...""

lol. Tempted? Another way for me to give too much of my paycheque to Apple...

cc […]",2026-09-22T15:27:35.000Z,2026-09-22T15:28:00.068Z,2026-09-22T16:43:30Z,dunks.mstdn.ca.ap.brid.gy,did:plc:sqrk2j3b5iw5xua6qoqgrjqh,0,0,0,0,https://bsky.app/profile/dunks.mstdn.ca.ap.brid.gy/post/3mw4k2ujb26s2,Apple iPhone
at://did:plc:dwecjm5n7fyljcjk3vi7x5oa/app.bsky.feed.post/3mw4k5a7h6t2j,"9to5Mac より

Download the iPhone Duo’s official light and dark wallpapers here
iPhone Duoの正式な光と暗い壁紙をダウンロードしてください
",2026-09-22T15:28:56.011842+00:00,2026-09-22T15:28:56.656Z,2026-09-22T16:43:30Z,gigowat.bsky.social,did:plc:dwecjm5n7fyljcjk3vi7x5oa,0,0,0,0,https://bsky.app/profile/gigowat.bsky.social/post/3mw4k5a7h6t2j,iphone
at://did:plc:6icxbje44gqv5hevnhuamotf/app.bsky.feed.post/3mw4k6pqjp22c,Puntuación de cámara del iPhone 18 Pro en DXOMARK ¿Vale la pena comprarlo? ift.tt/pRcwBgv,2026-09-22T15:29:46.341Z,2026-09-22T15:29:48.262Z,2026-09-22T16:43:30Z,zerommx.bsky.social,did:plc:6icxbje44gqv5hevnhuamotf,0,0,0,0,https://bsky.app/profile/zerommx.bsky.social/post/3mw4k6pqjp22c,iphone
at://did:plc:v55ls4rnvawcmjea7zyas2f6/app.bsky.feed.post/3mw4k6wbafs22,la pava que va claramente enseñando el iphone que salió ayer good for her,2026-09-22T15:29:53.179Z,2026-09-22T15:29:56.157Z,2026-09-22T16:43:30Z,elliesaysfuck.bsky.social,did:plc:v55ls4rnvawcmjea7zyas2f6,0,0,0,0,https://bsky.app/profile/elliesaysfuck.bsky.social/post/3mw4k6wbafs22,iphone
at://did:plc:yfzqc42lkdurwcpslq7yp3ud/app.bsky.feed.post/3mw4k7dxock2c,"Millions of iPhone owners can now claim up to $95 per device from a $250 million payout

Apple agreed to settle a lawsuit alleging it misrepresented Siri's AI capabilities",2026-09-22T15:30:03Z,2026-09-22T15:30:08.270Z,2026-09-22T16:43:30Z,dexerto.bsky.social,did:plc:yfzqc42lkdurwcpslq7yp3ud,8,1,1,0,https://bsky.app/profile/dexerto.bsky.social/post/3mw4k7dxock2c,Apple iPhone
at://did:plc:cdo3gdznzmhg4irgaecxqdha/app.bsky.feed.post/3mw4k7c5oi62u,"Neigt sich der Speicherplatz beim iPhone 18 Pro (Max) mit 1 und 2 TByte dem Ende zu, bricht die Geschwindigkeit besonders stark ein. #iPhone",2026-09-22T15:30:05.412Z,2026-09-22T15:30:06.166Z,2026-09-22T16:43:30Z,macandi.bsky.social,did:plc:cdo3gdznzmhg4irgaecxqdha,0,0,0,0,https://bsky.app/profile/macandi.bsky.social/post/3mw4k7c5oi62u,iphone
at://did:plc:yfzqc42lkdurwcpslq7yp3ud/app.bsky.feed.post/3mw4k7gawsx2h,Which iPhone models are eligible and how to claim:,2026-09-22T15:30:06Z,2026-09-22T15:30:11.069Z,2026-09-22T16:43:30Z,dexerto.bsky.social,did:plc:yfzqc42lkdurwcpslq7yp3ud,1,0,0,0,https://bsky.app/profile/dexerto.bsky.social/post/3mw4k7gawsx2h,Apple iPhone
at://did:plc:hqqjt33dtdcl6kz5bqwi7cws/app.bsky.feed.post/3mw4k7zu7i52b,"Apple has added persistent 'ads' to iOS, and it's driving users crazy
https://www.techradar.com/phones/iphone/i-wish-apple-would-just-stop-that-crap-apple-has-added-persistent-ads-to-ios-and-its-driving-users-crazy

https://news.ycombinator.com/item?id=49801939",2026-09-22T15:30:30.412289+00:00,2026-09-22T15:30:31.170Z,2026-09-22T16:43:30Z,hn100.atproto.rocks,did:plc:hqqjt33dtdcl6kz5bqwi7cws,0,0,0,0,https://bsky.app/profile/hn100.atproto.rocks/post/3mw4k7zu7i52b,Apple iPhone
at://did:plc:m4kwavqpf2uddhwrjknodhun/app.bsky.feed.post/3mw4ka25rcv2v,is 2020 a good list of every fucking day. spilled coffee on my iphone.,2026-09-22T15:30:30.766Z,2026-09-22T15:30:30.966Z,2026-09-22T16:43:30Z,hairuser.bsky.social,did:plc:m4kwavqpf2uddhwrjknodhun,0,0,0,0,https://bsky.app/profile/hairuser.bsky.social/post/3mw4ka25rcv2v,iphone
at://did:plc:vt3surxvris6wwoam7vjranx/app.bsky.feed.post/3mw4kaekumv23,"पिछले 30 मिनट के विषय 🧭:

1. उपसम 🆕
2. उपलब 🆕
3. IPhone
4. Max
5. उबलत
6. #Apple
7. SIR 🌟
8. मतद 🌟
9. तहत 🌟
10. आपत 🌟",2026-09-22T15:30:41.539Z,2026-09-22T15:30:41.862Z,2026-09-22T16:43:30Z,trending-hi.bsky.social,did:plc:vt3surxvris6wwoam7vjranx,0,0,0,0,https://bsky.app/profile/trending-hi.bsky.social/post/3mw4kaekumv23,Apple iPhone
at://did:plc:l3l3bdi5gmwt4juxkj7gjfo3/app.bsky.feed.post/3mw4kbm7ddk2h,there’s a very small part of me that wants the iphone duo,2026-09-22T15:31:23.295Z,2026-09-22T15:31:23.860Z,2026-09-22T16:43:30Z,dem0nhours.bsky.social,did:plc:l3l3bdi5gmwt4juxkj7gjfo3,4,0,0,0,https://bsky.app/profile/dem0nhours.bsky.social/post/3mw4kbm7ddk2h,iphone
at://did:plc:ikc5tpn2cqnq7xrtc7wr6tnj/app.bsky.feed.post/3mw4kd4lwuu27,"3 free parking spots near the Civic Hospital — all on the ParkLocal map, with prices. Free app for iPhone & Android. #ottawa #gatineau #parking",2026-09-22T15:32:01.896Z,2026-09-22T15:32:14.875Z,2026-09-22T16:43:30Z,parklocalapp.bsky.social,did:plc:ikc5tpn2cqnq7xrtc7wr6tnj,0,0,0,0,https://bsky.app/profile/parklocalapp.bsky.social/post/3mw4kd4lwuu27,iphone
at://did:plc:4tevyrsov25nxorodggridpk/app.bsky.feed.post/3mw4kctad232i,Voor alle fans van de Sierra Blue iPhone 13 Pro uit 2021: komt de iPhone 18 Pro in blauw in de buurt of is het toch heel anders? Bekijk het hier icultu.re/3p4zHj2,2026-09-22T15:32:02.866Z,2026-09-22T15:32:05.269Z,2026-09-22T16:43:30Z,iculture.nl,did:plc:4tevyrsov25nxorodggridpk,0,0,0,0,https://bsky.app/profile/iculture.nl/post/3mw4kctad232i,iphone
at://did:plc:3ktk6oqkuifub4kjuosodokc/app.bsky.feed.post/3mw4kgiq5pd2j,"Apple built its new London venue like a broadcast studio: room for 600, 48 speakers, 16+ camera inputs, and a control room that takes iPhone footage.
iphoner.com/apple-mu...",2026-09-22T15:34:07+00:00,2026-09-22T15:34:08.659Z,2026-09-22T16:43:30Z,iphonerdaily.bsky.social,did:plc:3ktk6oqkuifub4kjuosodokc,0,0,0,0,https://bsky.app/profile/iphonerdaily.bsky.social/post/3mw4kgiq5pd2j,Apple iPhone
at://did:plc:2y46m26kefcfrleowwx6ihcf/app.bsky.feed.post/3mw4kj6akyk25,"Ita bags are 100% worth it! I have a couple depending on what I need/want it for and use with my regular backpack bag.

Large side bag for conventions and art travels. Fits my iPad, sketchbook, photobuddy, & snacks.

Small side bag for random day outs. It holds my iPhone and coffee sleeve perfectly.",2026-09-22T15:35:37.090Z,2026-09-22T15:35:37.569Z,2026-09-22T16:43:30Z,tynderafterdark.bsky.social,did:plc:2y46m26kefcfrleowwx6ihcf,1,0,1,0,https://bsky.app/profile/tynderafterdark.bsky.social/post/3mw4kj6akyk25,iphone
at://did:plc:v7nvkhezqq33xrcgasafhbw4/app.bsky.feed.post/3mw4kk7ynvh2b,"A20 Pro Ne Kadar Güçlü? İşte iPhone 18 Pro Max’in Tüm Performans Testleri!

Apple'ın A20 Pro işlemcisinden güç alan iPhone 18 Pro Max'i farklı sentetik performans testlerinden geçirdik. Geekbench 6 ile işlemci ve GPU performansını, Geekbench AI ile yapay zekâ iş yüklerindeki performansı ve 3DMark…",2026-09-22T15:36:12Z,2026-09-22T15:36:13.259Z,2026-09-22T16:43:30Z,ercanceviz.bsky.social,did:plc:v7nvkhezqq33xrcgasafhbw4,0,0,0,0,https://bsky.app/profile/ercanceviz.bsky.social/post/3mw4kk7ynvh2b,iphone
at://did:plc:v7nvkhezqq33xrcgasafhbw4/app.bsky.feed.post/3mw4kkd37xk2x,"A20 Pro ile MacBook İşlemcisi M5’i Karşılaştırdık

Apple, geçtiğimiz haftalarda iPhone 18 Pro modelleriyle birlikte yeni nesil mobil işlemcisi A20 Pro’yu da tanıtmıştı. 2 nm sürecinde üretilmesiyle dikkat çeken ve 12 GB RAM ile gelen A20 Pro, performans konusunda inanılmaz vaatlerle geliyordu.…",2026-09-22T15:36:15Z,2026-09-22T15:36:16.463Z,2026-09-22T16:43:30Z,ercanceviz.bsky.social,did:plc:v7nvkhezqq33xrcgasafhbw4,0,0,0,0,https://bsky.app/profile/ercanceviz.bsky.social/post/3mw4kkd37xk2x,Apple iPhone
at://did:plc:edts463tqnllxtkwedylb4ha/app.bsky.feed.post/3mw4kmn54pc2c,iPhone 17?,2026-09-22T15:37:33.369Z,2026-09-22T15:37:33.170Z,2026-09-22T16:43:30Z,iamcodeninja.bsky.social,did:plc:edts463tqnllxtkwedylb4ha,1,0,1,0,https://bsky.app/profile/iamcodeninja.bsky.social/post/3mw4kmn54pc2c,iphone
at://did:plc:zpjilqxskio7x4pt6n5xulky/app.bsky.feed.post/3mw4knpnycwv2,"RE: https://mastodon.online/@parismarx/117309930128080625

the missing feature on the Apple iPhone was always the ""buy stock"" button.

Apple can afford the best of everything else, but they're stuck with the same investors as Packard Bell had—the pressure to enshittify is only going to get more […]",2026-09-22T15:38:04.000Z,2026-09-22T15:38:13.459Z,2026-09-22T16:43:30Z,dmarti.federate.social.ap.brid.gy,did:plc:zpjilqxskio7x4pt6n5xulky,0,0,0,0,https://bsky.app/profile/dmarti.federate.social.ap.brid.gy/post/3mw4knpnycwv2,Apple iPhone
at://did:plc:x7o3hbrrleckn6gid6wezpmv/app.bsky.feed.post/3mw4koqntif24,"Wer sucht gerade ein iPhone-Upgrade? 📱 Das Apple iPhone 17 Pro 256GB gibt’s mit 2 Vodafone-SIMs, 45 GB und 250€ Boni für 49,98€/Monat – Tarif rechnerisch nur 0,64€/Monat. #iPhone17Pro  
www.monsterdealz.de?p=1588743",2026-09-22T15:38:42.947Z,2026-09-22T15:38:44.264Z,2026-09-22T16:43:30Z,florian-silbereis.bsky.social,did:plc:x7o3hbrrleckn6gid6wezpmv,0,0,0,0,https://bsky.app/profile/florian-silbereis.bsky.social/post/3mw4koqntif24,Apple iPhone
at://did:plc:rghsmk5gzlb7s2tv5olsc2jk/app.bsky.feed.post/3mw4kqizitu2e,"If you bought a new iPhone in the past two years, Apple owes you money #Technology 

https://www.macworld.com/article/3241239/if-you-bought-a-new-iphone-in-the-past-two-years-apple-owes-you-money.html",2026-09-22T15:39:42+00:00,2026-09-22T15:39:44.661Z,2026-09-22T16:43:30Z,puretech.news,did:plc:rghsmk5gzlb7s2tv5olsc2jk,0,0,0,0,https://bsky.app/profile/puretech.news/post/3mw4kqizitu2e,Apple iPhone
at://did:plc:hmtbe2a5xzwqxhqtfgyfmcwa/app.bsky.feed.post/3mw4ktkg6hw2x,"MFi Certified USB 3.0 Flash Drive 128GB for iPhone, 3in1 External… → now $19.61, 35% off
https://www.amazon.com/dp/B0DL5VCVCG?tag=birdxdeal-20 #mfi #certified",2026-09-22T15:41:24Z,2026-09-22T15:41:25.562Z,2026-09-22T16:43:30Z,birdxdealss.bsky.social,did:plc:hmtbe2a5xzwqxhqtfgyfmcwa,1,0,0,0,https://bsky.app/profile/birdxdealss.bsky.social/post/3mw4ktkg6hw2x,iphone
at://did:plc:vjag2rorqt5uslojwtyshjfl/app.bsky.feed.post/3mw4kum4hdk2j,"Updated my iPhone from iPhone X, and lord, things have changed!",2026-09-22T15:42:00.733Z,2026-09-22T15:42:01.068Z,2026-09-22T16:43:30Z,trentreinsmith.bsky.social,did:plc:vjag2rorqt5uslojwtyshjfl,0,0,0,0,https://bsky.app/profile/trentreinsmith.bsky.social/post/3mw4kum4hdk2j,iphone
at://did:plc:5bwp7zn4nnxo2h4utktoqyhp/app.bsky.feed.post/3mw4kvstj4l2q,"Thirteen classes of pirate, escalating wave by wave. The first ones are practice. The later ones are not.

Governor: Free Republic. Real-time naval strategy for iPhone and iPad.
https://apps.apple.com/app/id6803666380

#IndieGame #StrategyGame #IndieDev",2026-09-22T15:42:41.127652Z,2026-09-22T15:42:41.572Z,2026-09-22T16:43:30Z,barnisan.bsky.social,did:plc:5bwp7zn4nnxo2h4utktoqyhp,3,1,0,0,https://bsky.app/profile/barnisan.bsky.social/post/3mw4kvstj4l2q,iphone
at://did:plc:ritv6l6udmzeuwbit4omuq4x/app.bsky.feed.post/3mw4kwkkmgm27,Apple Event This October? These 7 New Products Expected Next Month,2026-09-22T15:43:06Z,2026-09-22T15:43:07.260Z,2026-09-22T16:43:30Z,macrumors.bsky.social,did:plc:ritv6l6udmzeuwbit4omuq4x,5,0,0,0,https://bsky.app/profile/macrumors.bsky.social/post/3mw4kwkkmgm27,Apple iPhone
at://did:plc:5bwp7zn4nnxo2h4utktoqyhp/app.bsky.feed.post/3mw4kxqwp4d26,"Fourteen plants. Which one you get is decided by the season and the height of the ground under your paws. You never choose. You find out.

Pale Blue Pebble. In development at Barnisan, for iPhone and iPad.
https://barnisan.com/palebluepebble/

#IndieGame #CozyGame #IndieDev #WIP",2026-09-22T15:43:46.242530Z,2026-09-22T15:43:46.563Z,2026-09-22T16:43:30Z,barnisan.bsky.social,did:plc:5bwp7zn4nnxo2h4utktoqyhp,3,1,0,0,https://bsky.app/profile/barnisan.bsky.social/post/3mw4kxqwp4d26,iphone
at://did:plc:vaba7tf7ylt2kaavf4t2kotp/app.bsky.feed.post/3mw4kyavngq2f,"Apple maintains a collection of downloadable dimensional drawings and tech specifications for many of their products, including the iPhone, AirPods, Watch, and iPad. They are beautiful. [kottke.org]",2026-09-22T15:44:03Z,2026-09-22T15:44:05.960Z,2026-09-22T16:43:30Z,kottke.org,did:plc:vaba7tf7ylt2kaavf4t2kotp,8,0,1,0,https://bsky.app/profile/kottke.org/post/3mw4kyavngq2f,Apple iPhone
at://did:plc:lhdkzroqxmpp2or4aba3u4im/app.bsky.feed.post/3mw4l4wxwz22k,Come on John it's been what? Since the first iPhone?,2026-09-22T15:46:40.555Z,2026-09-22T15:46:42.059Z,2026-09-22T16:43:30Z,gaetanctemp.bsky.social,did:plc:lhdkzroqxmpp2or4aba3u4im,0,0,0,0,https://bsky.app/profile/gaetanctemp.bsky.social/post/3mw4l4wxwz22k,iphone
at://did:plc:5f4p3unzuxaczrtetcovstwm/app.bsky.feed.post/3mw4l5mnwj52e,"Over 1000 works created by Huntsville, Alabama artist Carolyn Shores Wright [1929-2023] now available on Fine Art America for prints, mugs, greeting cards etc carolynshores-wright.pixels.com Painted mostly watercolors for 50 yrs. ""Porch Visitor II"" iPhone case",2026-09-22T15:47:03.087Z,2026-09-22T15:47:05.196Z,2026-09-22T16:43:30Z,ajwrightmls.bsky.social,did:plc:5f4p3unzuxaczrtetcovstwm,0,0,0,0,https://bsky.app/profile/ajwrightmls.bsky.social/post/3mw4l5mnwj52e,iphone
at://did:plc:mdkssskh4nflpz3tc7gpvkqg/app.bsky.feed.post/3mw4l5sopxk26,I'm still laughing at the iPhone duo and all the fan boys that have to justify that 3rd generation brick.,2026-09-22T15:47:09.611Z,2026-09-22T15:47:09.176Z,2026-09-22T16:43:30Z,marty-stylist.bsky.social,did:plc:mdkssskh4nflpz3tc7gpvkqg,0,0,0,0,https://bsky.app/profile/marty-stylist.bsky.social/post/3mw4l5sopxk26,iphone
at://did:plc:qltefvzg7stwbidj45qu76gu/app.bsky.feed.post/3mw4l6cz2sk2f,I’d give you folks an incisive review of the iPhone Duo but Apple didn’t send me one. Just because I don’t do tech reviews. They also didn’t send me a replacement for my last generation Intel iMac. Corporate malfeasance in my opinion.,2026-09-22T15:47:26.730Z,2026-09-22T15:47:27.057Z,2026-09-22T16:43:30Z,sonofathomp.bsky.social,did:plc:qltefvzg7stwbidj45qu76gu,1,0,1,0,https://bsky.app/profile/sonofathomp.bsky.social/post/3mw4l6cz2sk2f,Apple iPhone
at://did:plc:jsyds5jtpfgwqz4gpvwflyhp/app.bsky.feed.post/3mw4l7ygjwk2c,"el capricho de cambiarme de iPhone ha sido no poder recuperar la copia de seguridad de WhatsApp (que ya está protegida con contraseña en iCloud) porque tiene otra contraseña más que no recuerdo 

años de conversaciones, videos, audios y fotos que están ahí pero no puedo recuperar",2026-09-22T15:48:22.741Z,2026-09-22T15:48:24.458Z,2026-09-22T16:43:30Z,cualquierdavid.bsky.social,did:plc:jsyds5jtpfgwqz4gpvwflyhp,3,0,1,0,https://bsky.app/profile/cualquierdavid.bsky.social/post/3mw4l7ygjwk2c,iphone
at://did:plc:qt34fdb5di4hsny5wncomxtt/app.bsky.feed.post/3mw4laaphem2t,"Here’s motorola teases its iPhone Duo rival

#Smartphones

https://justpaste.in/tech/heres-motorola-teases-its-iphone-duo-rival/",2026-09-22T15:48:29Z,2026-09-22T15:48:31.566Z,2026-09-22T16:43:30Z,techworlddaily.bsky.social,did:plc:qt34fdb5di4hsny5wncomxtt,0,0,0,0,https://bsky.app/profile/techworlddaily.bsky.social/post/3mw4laaphem2t,iphone
at://did:plc:mht5ub4ykjuoxpux77hikixt/app.bsky.feed.post/3mw4lg3sm5723,iPhone Duo’s 7.6-inch foldable display nearly matches iPad mini’s 8.3-inch screen — size surprise incoming. #iPhoneDuo #iPadMini #FoldablePhone #Display #MobileTech #Apple thedailytechfeed.com/iphone-duo-v...,2026-09-22T15:51:47.432Z,2026-09-22T15:51:48.571Z,2026-09-22T16:43:30Z,thedailytechfeed.com,did:plc:mht5ub4ykjuoxpux77hikixt,0,0,0,0,https://bsky.app/profile/thedailytechfeed.com/post/3mw4lg3sm5723,Apple iPhone
at://did:plc:ulsrokhbdwzathvrvahn76e2/app.bsky.feed.post/3mw4lhippnc2i,Nah. iPhone SE 2nd Gen. Just upgraded to the lowest spec 17 before Apple put the price up.,2026-09-22T15:52:34.704Z,2026-09-22T15:52:35.469Z,2026-09-22T16:43:30Z,breakintoprogram.co.uk,did:plc:ulsrokhbdwzathvrvahn76e2,1,0,1,0,https://bsky.app/profile/breakintoprogram.co.uk/post/3mw4lhippnc2i,Apple iPhone
at://did:plc:oguorfwi2o25wgsmfcwnabim/app.bsky.feed.post/3mw4lim6m2c2o,"Dear Apple, if I delete one of your apps from my iPhone I don’t want it reinstalled on the next restart. I deleted it because it is useless, please stop pushing apps that I have chosen to trash.",2026-09-22T15:53:11.886Z,2026-09-22T15:53:12.362Z,2026-09-22T16:43:30Z,designomatt.com,did:plc:oguorfwi2o25wgsmfcwnabim,0,0,0,0,https://bsky.app/profile/designomatt.com/post/3mw4lim6m2c2o,Apple iPhone
at://did:plc:bjtarxv62jobexlopc2sbptn/app.bsky.feed.post/3mw4llu7bv42u,"Notre app iPhone marche même sous iOS 27.2. Et on le rappelle, elle est gratuite ! buff.ly/Uxy9im7",2026-09-22T15:55:00.924Z,2026-09-22T15:55:01.158Z,2026-09-22T16:43:30Z,iphon.fr,did:plc:bjtarxv62jobexlopc2sbptn,0,0,0,0,https://bsky.app/profile/iphon.fr/post/3mw4llu7bv42u,iphone
at://did:plc:6kv7wc4rduhoem2ipvo5zo2x/app.bsky.feed.post/3mw4lm7tvhc2a,"Side affect of iPhone Duo, more iPad apps.",2026-09-22T15:55:13.177Z,2026-09-22T15:55:13.556Z,2026-09-22T16:43:30Z,modemlooper.net,did:plc:6kv7wc4rduhoem2ipvo5zo2x,0,0,0,0,https://bsky.app/profile/modemlooper.net/post/3mw4lm7tvhc2a,iphone
at://did:plc:q25tg5qy6kzwtuecpe6b4shw/app.bsky.feed.post/3mw4lmosms22k,"If you have one of these and are in the US, Apple probably owes you $25.

iPhone 15 Pro
iPhone 15 Pro Max
iPhone 16
iPhone 16e
iPhone 16 Plus
iPhone 16 Pro
iPhone 16 Pro Max

Here's the settlement website:",2026-09-22T15:55:28.864Z,2026-09-22T15:55:30.759Z,2026-09-22T16:43:30Z,merz.bsky.social,did:plc:q25tg5qy6kzwtuecpe6b4shw,2,0,0,0,https://bsky.app/profile/merz.bsky.social/post/3mw4lmosms22k,Apple iPhone
at://did:plc:gfh2al7wiwliyamdtnupj3iw/app.bsky.feed.post/3mw4lpafgos2o,"I have to go now, Ro. Great seeing you as always. Had lots of fun! I’ll see you sooner this time. I won’t miss as many days as I just did, and I won’t lick chocolate off my iPhone. I promise! Have a great day! Take care for now🫂🤗😘🫶🏻",2026-09-22T15:56:54.415Z,2026-09-22T15:56:55.263Z,2026-09-22T16:43:30Z,licketysplit6.bsky.social,did:plc:gfh2al7wiwliyamdtnupj3iw,2,0,1,0,https://bsky.app/profile/licketysplit6.bsky.social/post/3mw4lpafgos2o,iphone
at://did:plc:hmtbe2a5xzwqxhqtfgyfmcwa/app.bsky.feed.post/3mw4lqaapvi2x,"PD 20W GaN Charger, Wozoyo Type-C Fast Charger Compatible for iPhone… → now $9.68, 35% off
https://www.amazon.com/dp/B0GVHWHN9B?tag=birdxdeal-20 #20w #gan",2026-09-22T15:57:26Z,2026-09-22T15:57:27.969Z,2026-09-22T16:43:30Z,birdxdealss.bsky.social,did:plc:hmtbe2a5xzwqxhqtfgyfmcwa,0,0,0,0,https://bsky.app/profile/birdxdealss.bsky.social/post/3mw4lqaapvi2x,iphone
at://did:plc:63k5ybd5nxoewztqcki4cs7p/app.bsky.feed.post/3mw4lt2paqn2u,"🚀 New #release · umbrelOS 2.0.0

- umbrelOS 2.0: Photos app, Umbrel for iPhone, Machines for Windows/Ubuntu/Android, multiple user accounts, MCP serv…

Full release notes & setup → https://selfhost.directory/project/umbrelos#update-17819514

#homelabbing #umbrelos #mobile #performance #media",2026-09-22T15:59:02.549Z,2026-09-22T15:59:03.464Z,2026-09-22T16:43:30Z,selfhost.directory,did:plc:63k5ybd5nxoewztqcki4cs7p,0,0,0,0,https://bsky.app/profile/selfhost.directory/post/3mw4lt2paqn2u,iphone
at://did:plc:dqovyc5crdk3blgmrmbl6qe7/app.bsky.feed.post/3mw4luybfal2z,"By: Pavel Bekker

https://instagram.com/pmbekker
https://unsplash.com/photos/italian-greyhound-on-sofa-with-shadows-f_P_mwDw7Nc

📸 Apple, iPhone 16 
6.0mm ƒ/1.6
1/6400s
ISO 25

#green #autumn #purple #fallSeason #autumnSeason #autumnal",2026-09-22T16:00:06.219750Z,2026-09-22T16:00:08.266Z,2026-09-22T16:43:30Z,timeline-cleanse.bsky.social,did:plc:dqovyc5crdk3blgmrmbl6qe7,0,0,0,0,https://bsky.app/profile/timeline-cleanse.bsky.social/post/3mw4luybfal2z,Apple iPhone
at://did:plc:z7wdsgeosygtw2b6mc5blt45/app.bsky.feed.post/3mw4lv2zsjh2k,"Have a physical library or gym card that doesn't support Apple Wallet? 

Learn how to turn any barcode into a digital pass on your iPhone in this week's Tech Tip Tuesday.

anothertech.site/turn-any-phy...",2026-09-22T16:00:10.009Z,2026-09-22T16:00:10.264Z,2026-09-22T16:43:30Z,anothertechsite.bsky.social,did:plc:z7wdsgeosygtw2b6mc5blt45,0,0,0,0,https://bsky.app/profile/anothertechsite.bsky.social/post/3mw4lv2zsjh2k,Apple iPhone
at://did:plc:2vql7ajxfs27h7is2qqjqobe/app.bsky.feed.post/3mw4lvd273z2t,"Première étape : activez le service de localisation avant la perte. Sur iPhone, c’est “Localiser mon iPhone” dans iCloud ; sur Android, “Find My Device” via votre compte Google. Une fois activé, votre appareil envoie régulièrement sa position.",2026-09-22T16:00:18.426117+00:00,2026-09-22T16:00:18.674Z,2026-09-22T16:43:30Z,jurojinet.bsky.social,did:plc:2vql7ajxfs27h7is2qqjqobe,0,0,1,0,https://bsky.app/profile/jurojinet.bsky.social/post/3mw4lvd273z2t,iphone
at://did:plc:dmloxxszdkad4z5ld4cuw2ps/app.bsky.feed.post/3mw4lwpmdps2a,"Your gonnae struggle mate moving to Android - have an iPhone for personal use and Android work phone.

Android battery life is great but hate Android as an operating system - too used tae Apple now",2026-09-22T16:01:05.252Z,2026-09-22T16:01:05.860Z,2026-09-22T16:43:30Z,hoops1967.bsky.social,did:plc:dmloxxszdkad4z5ld4cuw2ps,0,0,0,0,https://bsky.app/profile/hoops1967.bsky.social/post/3mw4lwpmdps2a,Apple iPhone
at://did:plc:pcievrygrnjjg5ni7mjfgctb/app.bsky.feed.post/3mw4m3tkbtk2d,"Claim up to $95 today from Apple’s Siri AI settlement – here’s how

Got an iPhone 15 Pro, Pro Max, or 16? Apple is doling out $250 million – here’s how to qualify and file a claim to get your cut.
#apple #hackernews #news",2026-09-22T16:03:56.724Z,2026-09-22T16:03:58.260Z,2026-09-22T16:43:30Z,hacker.at.thenote.app,did:plc:pcievrygrnjjg5ni7mjfgctb,0,0,0,0,https://bsky.app/profile/hacker.at.thenote.app/post/3mw4m3tkbtk2d,Apple iPhone
at://did:plc:qt34fdb5di4hsny5wncomxtt/app.bsky.feed.post/3mw4m5ugyjw2v,"Understanding iPhone 18 series: New and upcoming models

#Rumors #iPhone

https://justpaste.in/tech/understanding-iphone-18-series-new-and-upcoming-models/",2026-09-22T16:05:03Z,2026-09-22T16:05:05.371Z,2026-09-22T16:43:30Z,techworlddaily.bsky.social,did:plc:qt34fdb5di4hsny5wncomxtt,0,0,0,0,https://bsky.app/profile/techworlddaily.bsky.social/post/3mw4m5ugyjw2v,iphone
at://did:plc:kyw4ephzix5pcnu4asbew5b6/app.bsky.feed.post/3mw4ma3jsuc2k,"iPhone 18 Pro Max has been out a few days. Here is my first impression review using it over the weekend. 

Full video here:  youtu.be/EujE05BpH7Y?...",2026-09-22T16:06:19.739Z,2026-09-22T16:06:19.965Z,2026-09-22T16:43:30Z,zollotech.bsky.social,did:plc:kyw4ephzix5pcnu4asbew5b6,1,0,0,0,https://bsky.app/profile/zollotech.bsky.social/post/3mw4ma3jsuc2k,iphone
at://did:plc:bgakgsp7rz6ioyaqbvd7p7ew/app.bsky.feed.post/3mw4md7vptd2n,Here’s how iPhone Duo and iPad mini compare in size,2026-09-22T16:08:04Z,2026-09-22T16:08:05.462Z,2026-09-22T16:43:30Z,9to5mac.com,did:plc:bgakgsp7rz6ioyaqbvd7p7ew,2,0,0,0,https://bsky.app/profile/9to5mac.com/post/3mw4md7vptd2n,iphone
at://did:plc:x6cb3fa3jtmx2ydrjownzpol/app.bsky.feed.post/3mw4mizr4oo2c,Apple arbeitet weiter an iPhone-Sperre bei Handydiebstahl,2026-09-22T16:11:19+00:00,2026-09-22T16:11:20.059Z,2026-09-22T16:43:30Z,caschy.bsky.social,did:plc:x6cb3fa3jtmx2ydrjownzpol,0,0,0,0,https://bsky.app/profile/caschy.bsky.social/post/3mw4mizr4oo2c,Apple iPhone
at://did:plc:76bvotsz4jmfjcpnnuqileth/app.bsky.feed.post/3mw4mlcq3m62u,1TB iPhone 18 Pro Max storage speed craters under sustained heavy workloads,2026-09-22T16:12:36Z,2026-09-22T16:12:38.061Z,2026-09-22T16:43:30Z,cultofmac.com,did:plc:76bvotsz4jmfjcpnnuqileth,1,0,0,0,https://bsky.app/profile/cultofmac.com/post/3mw4mlcq3m62u,Apple iPhone
at://did:plc:x7hsy2oflzo2do7u4zq5xea5/app.bsky.feed.post/3mw4mlkmbpi2f,"iPhone 17eで、あなたの毎日をもっとスマートに！✨ ブラック、ホワイト、ソフトピンクの3色展開。
https://hb.afl.rakuten.co.jp/ichiba/55c89ea4.29b98f70.55c89ea5.eb2be847/?pc=https://item.rakuten.co.jp/icockaden/iphone17e/",2026-09-22T16:12:44.349Z,2026-09-22T16:12:44.870Z,2026-09-22T16:43:30Z,bsky-nokes.bsky.social,did:plc:x7hsy2oflzo2do7u4zq5xea5,0,0,0,0,https://bsky.app/profile/bsky-nokes.bsky.social/post/3mw4mlkmbpi2f,iphone
at://did:plc:2pw2hjrpyntqqijtnbh77stm/app.bsky.feed.post/3mw4mn45g6s2y,"#AI #Education #App #Stock #Game #Investment #iPhone  #StockMarket #SPX #NDX #dopamine #AI #GME #crypto 
Master your skills with virtual  trading.
Investment Strategies
apps.apple.com/us/app/patte...",2026-09-22T16:13:36.590Z,2026-09-22T16:13:36.868Z,2026-09-22T16:43:30Z,coolxyzmedia.bsky.social,did:plc:2pw2hjrpyntqqijtnbh77stm,0,0,0,0,https://bsky.app/profile/coolxyzmedia.bsky.social/post/3mw4mn45g6s2y,iphone
at://did:plc:hmtbe2a5xzwqxhqtfgyfmcwa/app.bsky.feed.post/3mw4mnrh55v26,"Speck PRESIDIO2 Grip for iPhone 17 Pro Case, MagSafe-Compatible, Slim… → now $32.95, 34% off
https://www.amazon.com/dp/B0FFXDKB3G?tag=birdxdeal-20 #speck #presidio2",2026-09-22T16:13:58Z,2026-09-22T16:13:59.266Z,2026-09-22T16:43:30Z,birdxdealss.bsky.social,did:plc:hmtbe2a5xzwqxhqtfgyfmcwa,0,0,0,0,https://bsky.app/profile/birdxdealss.bsky.social/post/3mw4mnrh55v26,iphone
at://did:plc:gwihi3uoh3dahj3m4haniv6x/app.bsky.feed.post/3mw4mpqawsv2a,"The window is now open for people who purchased certain recent iPhone models to begin filing claims to receive their share of the quarter-billion-dollar settlement fund established in the wake of the class-action lawsuit filed against Apple, accusing the tech giant of false advertising.",2026-09-22T16:15:04Z,2026-09-22T16:15:05.572Z,2026-09-22T16:43:30Z,fox7austin.bsky.social,did:plc:gwihi3uoh3dahj3m4haniv6x,0,0,0,0,https://bsky.app/profile/fox7austin.bsky.social/post/3mw4mpqawsv2a,Apple iPhone
at://did:plc:veo53ltwwlnxhptlpoltqgvi/app.bsky.feed.post/3mw4mtb7roe2z,"The Apple Watch Beats the iPhone. Fight Me.

Why the hell has it taken you this long to just put a cell phone in the thing"" — my actual reaction the day cellular finally arrived. Plus the MTM watch Jack Bauer wore on 24 that I was too scared to buy, and why Apple Watch Cellular is the single best…",2026-09-22T16:17:03Z,2026-09-22T16:17:06.279Z,2026-09-22T16:43:30Z,osmond.bsky.social,did:plc:veo53ltwwlnxhptlpoltqgvi,0,0,0,0,https://bsky.app/profile/osmond.bsky.social/post/3mw4mtb7roe2z,Apple iPhone
at://did:plc:mes2cq5c4kbe2gc64u7yxblm/app.bsky.feed.post/3mw4mvzgquc26,i like how he dropped his iPhone on the concrete too,2026-09-22T16:18:35.742Z,2026-09-22T16:18:36.763Z,2026-09-22T16:43:30Z,nirebryce.breadthcharge.net,did:plc:mes2cq5c4kbe2gc64u7yxblm,0,0,0,0,https://bsky.app/profile/nirebryce.breadthcharge.net/post/3mw4mvzgquc26,iphone
at://did:plc:ddkklel4ketz3qoxpx5lvqmp/app.bsky.feed.post/3mw4mws3e7k26,"No. It’s not quite as quick to pick up delays caused by accidents, and can get wonky on under-construction highway interchanges. It’s fine on my iPhone 12.",2026-09-22T16:19:01.583Z,2026-09-22T16:19:03.060Z,2026-09-22T16:43:30Z,joejeph.bsky.social,did:plc:ddkklel4ketz3qoxpx5lvqmp,0,0,0,0,https://bsky.app/profile/joejeph.bsky.social/post/3mw4mws3e7k26,iphone
at://did:plc:hmtbe2a5xzwqxhqtfgyfmcwa/app.bsky.feed.post/3mw4mz34x7a2l,"Speck PRESIDIO2 Grip for iPhone 17 Pro Max Case, MagSafe-Compatible,… → now $32.99, 34% off
https://www.amazon.com/dp/B0FFXT5WQ7?tag=birdxdeal-20 #speck #presidio2",2026-09-22T16:20:17Z,2026-09-22T16:20:18.457Z,2026-09-22T16:43:30Z,birdxdealss.bsky.social,did:plc:hmtbe2a5xzwqxhqtfgyfmcwa,0,0,0,0,https://bsky.app/profile/birdxdealss.bsky.social/post/3mw4mz34x7a2l,iphone
at://did:plc:gp4ccwxzidfsqbetq2hroybi/app.bsky.feed.post/3mw4n2ekc4e2q,"Customising the iPhone Lock Screen is better in iOS 27: here’s everything we can do
hanaringo.com/en/customisi...",2026-09-22T16:21:01.582Z,2026-09-22T16:21:02.959Z,2026-09-22T16:43:30Z,davidbernalraspall.bsky.social,did:plc:gp4ccwxzidfsqbetq2hroybi,0,0,0,0,https://bsky.app/profile/davidbernalraspall.bsky.social/post/3mw4n2ekc4e2q,iphone
at://did:plc:zjalrqolq46y2e64au5fz6eb/app.bsky.feed.post/3mw4n3qha3k2o,"Does this utopian yellong dead-end in a quiet fart of an admission, after a DOWNLOAD ME NOW UNIVERSAL SOLUTION!!! link, that all you've actually *built*, and all you'll *have* for the foreseeable future, is an iPhone-only app?",2026-09-22T16:21:47.626Z,2026-09-22T16:21:50.305Z,2026-09-22T16:43:30Z,caffeinatedotter.bsky.social,did:plc:zjalrqolq46y2e64au5fz6eb,1,0,1,0,https://bsky.app/profile/caffeinatedotter.bsky.social/post/3mw4n3qha3k2o,iphone
at://did:plc:7a4qbw7neeanelywj7hfypca/app.bsky.feed.post/3mw4n4gy5gc22,"📷 #iPhone12Pro 

#iPhone #iPhonephotography 
#RockinTuesday
#streetphotography #scape #ECK
#urbangaze #ExploreSTL 
#ratkeydesigns #forestparkpassport #STL #SLAM #arthistory #museum #missouri #WeekendAdventure 
@forestparkforever.bsky.social",2026-09-22T16:22:11.265Z,2026-09-22T16:22:17.868Z,2026-09-22T16:43:30Z,ratkeydesigns.bsky.social,did:plc:7a4qbw7neeanelywj7hfypca,0,0,0,0,https://bsky.app/profile/ratkeydesigns.bsky.social/post/3mw4n4gy5gc22,iphone
at://did:plc:fsftz5ue2bvlvkb6zx2bqdnh/app.bsky.feed.post/3mw4n5ahd3y2b,One of my favorite iOS 27 features is a convenient addition for quickly pasting items from the iPhone clipboard. Here’s how it works.,2026-09-22T16:22:37.874421+00:00,2026-09-22T16:22:38.565Z,2026-09-22T16:43:30Z,technology-news.bsky.social,did:plc:fsftz5ue2bvlvkb6zx2bqdnh,1,0,0,0,https://bsky.app/profile/technology-news.bsky.social/post/3mw4n5ahd3y2b,iphone
at://did:plc:rh7gfeyis6fhixmqagrzpkaa/app.bsky.feed.post/3mw4n5ejctz2p,"New iPhone app Veridenz cryptographically “witnesses” photos via Nostr, proving file integrity *without* uploading originals. Privacy-focused! 📸 #nostr

Source: https://apple.slashdot.org/story/26/08/08/2328239/slashdot-reader-builds-a-photo-verification-app-for-iphones",2026-09-22T16:22:42.213243+00:00,2026-09-22T16:22:43.068Z,2026-09-22T16:43:30Z,gltch.io,did:plc:rh7gfeyis6fhixmqagrzpkaa,0,0,0,0,https://bsky.app/profile/gltch.io/post/3mw4n5ejctz2p,iphone
at://did:plc:wjnf54w4k4zkwmrwe5urtqgs/app.bsky.feed.post/3mw4n7cjgq22w,oh gente o fundo da contagem da taylor igual a cor do novo iphone PELO AMOR DE DEUS,2026-09-22T16:23:47.257Z,2026-09-22T16:23:47.460Z,2026-09-22T16:43:30Z,thehype.bsky.social,did:plc:wjnf54w4k4zkwmrwe5urtqgs,0,0,0,0,https://bsky.app/profile/thehype.bsky.social/post/3mw4n7cjgq22w,iphone
at://did:plc:phnnbjjjwxuc45coxobsmp6j/app.bsky.feed.post/3mw4ne6qmec2w,"iPhone 20 Pro Display Leak Hints at Quad Curved Design and Higher Resolution
www.androbranch.in/post/iphone-...
#IPhone20Pro #Apple #AndroBranch",2026-09-22T16:26:31.069Z,2026-09-22T16:26:35.168Z,2026-09-22T16:43:30Z,androbranch.bsky.social,did:plc:phnnbjjjwxuc45coxobsmp6j,0,0,0,0,https://bsky.app/profile/androbranch.bsky.social/post/3mw4ne6qmec2w,Apple iPhone
at://did:plc:hmtbe2a5xzwqxhqtfgyfmcwa/app.bsky.feed.post/3mw4neerpn426,"Mitesbony USB C to Lightning Cable [MFi Certified] 3Pack 6FT iPhone… → now $6.64, 34% off
https://www.amazon.com/dp/B09QL8B3YF?tag=birdxdeal-20 #mitesbony #usb",2026-09-22T16:26:36Z,2026-09-22T16:26:37.665Z,2026-09-22T16:43:30Z,birdxdealss.bsky.social,did:plc:hmtbe2a5xzwqxhqtfgyfmcwa,0,0,0,0,https://bsky.app/profile/birdxdealss.bsky.social/post/3mw4neerpn426,iphone
at://did:plc:yv7pogy7iyeiksowtjecdiii/app.bsky.feed.post/3mw4gtjzlbg2k,Apple: Neue Kamerastile doch nicht für iPhone 16 (Pro) und 17 (Pro) #Appel #iPhone,2026-09-22T16:29:49+02:00,2026-09-22T14:29:50.667Z,2026-09-22T16:43:30Z,computerbase.de,did:plc:yv7pogy7iyeiksowtjecdiii,0,0,0,0,https://bsky.app/profile/computerbase.de/post/3mw4gtjzlbg2k,Apple iPhone
at://did:plc:722obe4ror33sra2nwvvdpjf/app.bsky.feed.post/3mw4nl2ii4m2n,"Der erste riesige Vorteil des #iPhone 17 Pro gegenüber meinem alten 14 Pro, es wackelt nicht mehr auf dem Tisch beim Tippen! 😆",2026-09-22T16:30:21.393Z,2026-09-22T16:30:22.865Z,2026-09-22T16:43:30Z,andrekaiser.bsky.social,did:plc:722obe4ror33sra2nwvvdpjf,0,0,0,0,https://bsky.app/profile/andrekaiser.bsky.social/post/3mw4nl2ii4m2n,iphone
at://did:plc:hmtbe2a5xzwqxhqtfgyfmcwa/app.bsky.feed.post/3mw4nmrcucv2t,"All in One Vlogging Kit for iPhone & Android Phone, Content Creator… → now $34.99, 34% off
https://www.amazon.com/dp/B0GY37WCZB?tag=birdxdeal-20 #all #one",2026-09-22T16:31:18Z,2026-09-22T16:31:19.171Z,2026-09-22T16:43:30Z,birdxdealss.bsky.social,did:plc:hmtbe2a5xzwqxhqtfgyfmcwa,0,0,0,0,https://bsky.app/profile/birdxdealss.bsky.social/post/3mw4nmrcucv2t,iphone
at://did:plc:7a4qbw7neeanelywj7hfypca/app.bsky.feed.post/3mw4no2gacs22,"📷 #iPhone12Pro 

#iPhone #iPhonephotography 
#RockinTuesday
#streetphotography #scape #ECK
#urbangaze #ExploreSTL 
#ratkeydesigns #forestparkpassport #STL #SLAM #arthistory #museum #missouri #WeekendAdventure 
@forestparkforever.bsky.social",2026-09-22T16:32:02.075Z,2026-09-22T16:32:08.468Z,2026-09-22T16:43:30Z,ratkeydesigns.bsky.social,did:plc:7a4qbw7neeanelywj7hfypca,0,0,0,0,https://bsky.app/profile/ratkeydesigns.bsky.social/post/3mw4no2gacs22,iphone
at://did:plc:bk2rsuppft7i6r6voztdlcy2/app.bsky.feed.post/3mw4no6vwql2e,"How iPhone 15 and 16 Owners Can Claim Up to $95 Compensation

Eligibility Overview Apple has opened a reimbursement program for owners of the iPhone 15 and iPhone 16 models. The offer covers devices that

https://bloggersminds.com/post/how-iphone-15-and-16-owners-can-claim-up-to-95-compensation-6391",2026-09-22T16:32:03.000Z,2026-09-22T16:32:07.576Z,2026-09-22T16:43:30Z,bloggersminds.com,did:plc:bk2rsuppft7i6r6voztdlcy2,0,0,0,0,https://bsky.app/profile/bloggersminds.com/post/3mw4no6vwql2e,Apple iPhone
at://did:plc:7a4qbw7neeanelywj7hfypca/app.bsky.feed.post/3mw4nrmmxic22,"📷 #iPhone12Pro 

#iPhone #iPhonephotography 
#RockinTuesday
#streetphotography #scape #ECK
#urbangaze #ExploreSTL 
#ratkeydesigns
#forestparkpassport #STL #SLAM #arthistory #museum #missouri #WeekendAdventure 
@forestparkforever.bsky.social",2026-09-22T16:34:01.835Z,2026-09-22T16:34:08.660Z,2026-09-22T16:43:30Z,ratkeydesigns.bsky.social,did:plc:7a4qbw7neeanelywj7hfypca,0,0,0,0,https://bsky.app/profile/ratkeydesigns.bsky.social/post/3mw4nrmmxic22,iphone
at://did:plc:gwzc6lrhzxrkxwuu66l7ycr4/app.bsky.feed.post/3mw4nrodxas2q,"iPhone duo買おうと思いよるよぉ🤥
そのお金でスマホとiPad買えるとかいう気持ちもまあ分かるんだけどねぇ🤥
1日の中で最も触ってるものだからねぇ🤥",2026-09-22T16:34:03.637Z,2026-09-22T16:34:05.763Z,2026-09-22T16:43:30Z,youmeemee.bsky.social,did:plc:gwzc6lrhzxrkxwuu66l7ycr4,5,0,3,0,https://bsky.app/profile/youmeemee.bsky.social/post/3mw4nrodxas2q,iphone
at://did:plc:7a4qbw7neeanelywj7hfypca/app.bsky.feed.post/3mw4nws5awk22,"📷 #iPhone12Pro 

#iPhone #iPhonephotography 
#RockinTuesday
#streetphotography #scape #ECK
#urbangaze #ExploreSTL 
#ratkeydesigns #forestparkpassport #STL #SLAM #arthistory #museum #missouri #WeekendAdventure 
@forestparkforever.bsky.social",2026-09-22T16:36:55.383Z,2026-09-22T16:37:02.260Z,2026-09-22T16:43:30Z,ratkeydesigns.bsky.social,did:plc:7a4qbw7neeanelywj7hfypca,0,0,0,0,https://bsky.app/profile/ratkeydesigns.bsky.social/post/3mw4nws5awk22,iphone
at://did:plc:bx2one6aaewknjwqo4d56tpe/app.bsky.feed.post/3mw4nzndkoc2q,Here’s how to get your share of Apple’s $250 million iPhone settlement.,2026-09-22T16:38:31.014Z,2026-09-22T16:38:33.360Z,2026-09-22T16:43:30Z,djnoneya.bsky.social,did:plc:bx2one6aaewknjwqo4d56tpe,1,0,0,0,https://bsky.app/profile/djnoneya.bsky.social/post/3mw4nzndkoc2q,iphone
at://did:plc:uf6566ur4zv2h7yl4les2ygh/app.bsky.feed.post/3mw4o2iloch2v,"Have an Apple iPhone 15 or 16? How to file a claim for up to $95.

The claims window is open until Dec. 21, 2026. To file a claim, iPhone users must enter basic personal info and their iPhone's serial number.",2026-09-22T16:38:59Z,2026-09-22T16:39:00.772Z,2026-09-22T16:43:30Z,umlegacypress.com,did:plc:uf6566ur4zv2h7yl4les2ygh,0,0,0,0,https://bsky.app/profile/umlegacypress.com/post/3mw4o2iloch2v,Apple iPhone
at://did:plc:tz7qf6mdveu43sunaf7q6i2c/app.bsky.feed.post/3mw4o4kkwh22q,"Die Sterne haben geleuchtet ☺️
Aber das alte iPhone konnte sie nicht abbilden",2026-09-22T16:40:08.773Z,2026-09-22T16:40:09.172Z,2026-09-22T16:43:30Z,jensandmie.bsky.social,did:plc:tz7qf6mdveu43sunaf7q6i2c,0,0,0,0,https://bsky.app/profile/jensandmie.bsky.social/post/3mw4o4kkwh22q,iphone
at://did:plc:vifof4tbn5o34m22o3iqvhyu/app.bsky.feed.post/3mw4o5hwksk27," Bob’s Picture of the Day
#Photography, #Calibrachoa, #Flowers, #BloomScrolling, #PhotoOfTheDay, #PhotographersOnBluesky, #ArtistsOnBluesky, #DailyPhoto, #iPhone",2026-09-22T16:40:39.562Z,2026-09-22T16:40:43.171Z,2026-09-22T16:43:30Z,bobsegel.com,did:plc:vifof4tbn5o34m22o3iqvhyu,15,3,0,0,https://bsky.app/profile/bobsegel.com/post/3mw4o5hwksk27,iphone
at://did:plc:6lgvutvz3xaeecpkqu7qmrqd/app.bsky.feed.post/3mw4o6z6cuc2r,"🔥 Apple iPhone 18 Pro Max Global Launch: A20 Pro 2nm Chip, Variable Aperture & Satellite 5G Tested

Read the full guide on Tech Boss 👇
https://imtechboss.com/post?id=apple-iphone-18-pro-max-official-review-specs-2026

#iPhone18ProMax #AppleA20Pro #Smartphones",2026-09-22T16:41:28.965Z,2026-09-22T16:41:31.674Z,2026-09-22T16:43:30Z,imtechboss.bsky.social,did:plc:6lgvutvz3xaeecpkqu7qmrqd,0,0,0,0,https://bsky.app/profile/imtechboss.bsky.social/post/3mw4o6z6cuc2r,Apple iPhone
at://did:plc:hmtbe2a5xzwqxhqtfgyfmcwa/app.bsky.feed.post/3mw4o6ybibr2y,"Acer Gadget Auto Face Tracking Tripod for iPhone – Magnetic Phone… → now $53.98, 33% off
https://www.amazon.com/dp/B0GWD89DRZ?tag=birdxdeal-20 #acer #gadget",2026-09-22T16:41:29Z,2026-09-22T16:41:30.462Z,2026-09-22T16:43:30Z,birdxdealss.bsky.social,did:plc:hmtbe2a5xzwqxhqtfgyfmcwa,0,0,0,0,https://bsky.app/profile/birdxdealss.bsky.social/post/3mw4o6ybibr2y,iphone
at://did:plc:ue2lccon7x7eedrx3r6gclg3/app.bsky.feed.post/3mw4ob5twu22b,"na hora que vi aquela cortina pensei na cor do novo iphone, a tradição kkkkkkkkkkkkkk",2026-09-22T16:42:43.208Z,2026-09-22T16:42:44.071Z,2026-09-22T16:43:30Z,whiteflowrs.bsky.social,did:plc:ue2lccon7x7eedrx3r6gclg3,0,0,0,0,https://bsky.app/profile/whiteflowrs.bsky.social/post/3mw4ob5twu22b,iphone
at://did:plc:7a4qbw7neeanelywj7hfypca/app.bsky.feed.post/3mw4oclbz4s22,"📷 #iPhone12Pro 

#iPhone #iPhonephotography 
#RockinTuesday
#streetphotography #scape #ECK
#urbangaze #ExploreSTL 
#ratkeydesigns #forestparkpassport #STL #SLAM #arthistory #museum #missouri #WeekendAdventure 
@forestparkforever.bsky.social",2026-09-22T16:43:30.853Z,2026-09-22T16:43:37.364Z,2026-09-22T16:43:30Z,ratkeydesigns.bsky.social,did:plc:7a4qbw7neeanelywj7hfypca,0,0,0,0,https://bsky.app/profile/ratkeydesigns.bsky.social/post/3mw4oclbz4s22,iphone
at://did:plc:vxv5tfxszwan5x4j6gnpiuf7/app.bsky.feed.post/3mw4oczofkc2x,Ich glaube ich musste bei der Lohnarbeit die fragile Männlichkeit vor einem violette iPhone retten.,2026-09-22T16:43:45.939Z,2026-09-22T16:43:46.257Z,2026-09-22T16:43:30Z,tortenboden.bsky.social,did:plc:vxv5tfxszwan5x4j6gnpiuf7,1,0,0,0,https://bsky.app/profile/tortenboden.bsky.social/post/3mw4oczofkc2x,iphone
at://did:plc:aogdurvzsxrrj6oxtrqvqkmy/app.bsky.feed.post/3mw4ofyf3pmh2,"Curiosidad: A un conocido, VoiceOver le pone como separador éste carácter:  que yo no consigo reproducir en Mi iPhone:
Alguien sabe qué es? Eventualmente: Como eliminarlo? Gracias!",2026-09-22T16:44:47.000Z,2026-09-22T16:45:30.558Z,2026-09-22T16:43:30Z,tiflonet.mastodon.social.ap.brid.gy,did:plc:aogdurvzsxrrj6oxtrqvqkmy,0,0,0,0,https://bsky.app/profile/tiflonet.mastodon.social.ap.brid.gy/post/3mw4ofyf3pmh2,iphone
at://did:plc:hmtbe2a5xzwqxhqtfgyfmcwa/app.bsky.feed.post/3mw4ofqzg7a2n,"MOSNOVO Case for iPhone 15, [Buffertech 6.6ft Military-Grade Drop… → now $19.99, 33% off
https://www.amazon.com/dp/B0CD7PP4L9?tag=birdxdeal-20 #mosnovo #case",2026-09-22T16:45:16Z,2026-09-22T16:45:17.859Z,2026-09-22T16:43:30Z,birdxdealss.bsky.social,did:plc:hmtbe2a5xzwqxhqtfgyfmcwa,0,0,0,0,https://bsky.app/profile/birdxdealss.bsky.social/post/3mw4ofqzg7a2n,iphone
at://did:plc:7iht34ecggshxxbhwawk2bgk/app.bsky.feed.post/3mw4ogevu6s2m,¡XIAOMI SE HA PASADO! 😱 EL 18 Fold puede HUMILLAR al iPhone DUO. Ya en el canal: youtu.be/JW7lzwX2Efs,2026-09-22T16:45:38.382Z,2026-09-22T16:45:41.068Z,2026-09-22T16:43:30Z,elrincondechina.bsky.social,did:plc:7iht34ecggshxxbhwawk2bgk,0,0,0,0,https://bsky.app/profile/elrincondechina.bsky.social/post/3mw4ogevu6s2m,iphone
at://did:plc:4y7bypfkgtz6l5utri4fmxjy/app.bsky.feed.post/3mw47ilxdhy2f,"Apple has officially stopped signing iOS 26.6.2, blocking iPhone users on iOS 27 from downgrading back to iOS 26. Read more on the latest update:

https://macbreeze.com/apple-stops-signing-ios-26-6-2-downgrade/

#Apple #iOS27 #iPhone #TechNews",2026-09-22T18:18:25+06:00,2026-09-22T12:18:27.168Z,2026-09-22T16:43:30Z,macbreeze.bsky.social,did:plc:4y7bypfkgtz6l5utri4fmxjy,0,0,0,0,https://bsky.app/profile/macbreeze.bsky.social/post/3mw47ilxdhy2f,Apple iPhone
at://did:plc:pfy6356qs7lj365z5mouungw/app.bsky.feed.post/3mw4ns74piv2l,"La manette Xbox en vente flash à 42€ : le bon plan pour jouer sur iPhone, iPad, Mac et PC !",2026-09-22T18:34:20.783992Z,2026-09-22T16:34:22.062Z,2026-09-22T16:43:30Z,mac4ever.bsky.social,did:plc:pfy6356qs7lj365z5mouungw,0,0,0,0,https://bsky.app/profile/mac4ever.bsky.social/post/3mw4ns74piv2l,iphone
at://did:plc:tnfqyyktoyszfco5lcxnyiax/app.bsky.feed.post/3mw4m3db7ck2l,"Apple has added persistent 'ads' to iOS, and it's driving users crazy https://www.techradar.com/phones/iphone/i-wish-apple-would-just-stop-that-crap-apple-has-added-persistent-ads-to-ios-and-its-driving-users-crazy (http://news.ycombinator.com/item?id=49801939)",2026-09-22T19:03:39+03:00,2026-09-22T16:03:40.263Z,2026-09-22T16:43:30Z,newsyc200.bsky.social,did:plc:tnfqyyktoyszfco5lcxnyiax,0,0,0,0,https://bsky.app/profile/newsyc200.bsky.social/post/3mw4m3db7ck2l,Apple iPhone
at://did:plc:ngq4y7h2tlxtn6qi6zokimms/app.bsky.feed.post/3mw4n6uypyp2g,"Apple has added persistent 'ads' to iOS, and it's driving users crazy https://www.techradar.com/phones/iphone/i-wish-apple-would-just-stop-that-crap-apple-has-added-persistent-ads-to-ios-and-its-driving-users-crazy (http://news.ycombinator.com/item?id=49801939)",2026-09-22T19:23:31+03:00,2026-09-22T16:23:33.264Z,2026-09-22T16:43:30Z,newsyc250.bsky.social,did:plc:ngq4y7h2tlxtn6qi6zokimms,0,0,0,0,https://bsky.app/profile/newsyc250.bsky.social/post/3mw4n6uypyp2g,Apple iPhone
at://did:plc:jrsl4nxyqa3mmlmhwv4gpx6b/app.bsky.feed.post/3mw4es5vu4v2y,"iPhone 18 Proが母艦からミラーリングで繋がらない顛末を書いた。機種変とmacOSバージョンアップを同時にやったので、どっちが悪いのかよくわからんが何とかなった。
--
macOS 27でiPhoneミラーリングが「ペアリングが進行中」のまま接続できない場合の対処 #Mac - Qiita https://qiita.com/ohtsuka/items/e6a103269d1020d24076",2026-09-22T22:53:14+09:00,2026-09-22T13:53:17.066Z,2026-09-22T16:43:30Z,ohtsuka.bsky.social,did:plc:jrsl4nxyqa3mmlmhwv4gpx6b,0,0,0,0,https://bsky.app/profile/ohtsuka.bsky.social/post/3mw4es5vu4v2y,iphone
at://did:plc:3hjj6wzstzbzxkda72mvofcz/app.bsky.feed.post/3mw4gxox5jj2l,[PGX] Appleは折りたたみ式スマートフォンiPhone Duo向けに専用の小型Apple Pencilを開発していましたが、技術的問題により量産前に計画を中止しました。代替策として、既存のApple Pencil（USB-C）を2026年内に対応させる計画です。iPhone Duoは日本で10月23日に発売されますが、発売時点ではペンが利用できず、年内のアップデートを待つ必要があります。 https://www.zaikei.co.jp/article/20260922/870863.html,2026-09-22T23:32:07+09:00,2026-09-22T14:32:10.569Z,2026-09-22T16:43:30Z,hanaguro.bsky.social,did:plc:3hjj6wzstzbzxkda72mvofcz,0,0,1,0,https://bsky.app/profile/hanaguro.bsky.social/post/3mw4gxox5jj2l,Apple iPhone
at://did:plc:3hjj6wzstzbzxkda72mvofcz/app.bsky.feed.post/3mw4lyaesxk2p,[PGX] Appleから初の折りたたみ型スマートフォンiPhone Duoが登場しました。7.6インチのメイン画面と5.4インチのサブ画面を備え、折り目が目立ちにくい設計が特徴です。A20 Proチップを搭載し、AI機能にも対応していますが、価格は36万4800円からと非常に高額です。10月16日に予約が開始され、23日に発売される予定となっています。 https://news.yahoo.co.jp/articles/15bb0deca91d34b0a1a2a8f1f0c639ece188b763?page=2,2026-09-23T01:01:54+09:00,2026-09-22T16:01:57.368Z,2026-09-22T16:43:30Z,hanaguro.bsky.social,did:plc:3hjj6wzstzbzxkda72mvofcz,0,0,1,0,https://bsky.app/profile/hanaguro.bsky.social/post/3mw4lyaesxk2p,Apple iPhone
