post_uri,text,created_at,indexed_at,collected_at,author_handle,author_did,like_count,repost_count,reply_count,quote_count,permalink,query_term
at://did:plc:65ed5c73pwt2adi42gikcufc/app.bsky.feed.post/5uu4gb2n5ohtw,Apple iPhone 17 de 256GB8GB Ram,2026-09-21T19:47:10-03:00,2026-09-21T22:47:11.558Z,2026-09-22T16:43:30Z,promobit-promo.bsky.social,did:plc:65ed5c73pwt2adi42gikcufc,0,0,0,0,https://bsky.app/profile/promobit-promo.bsky.social/post/5uu4gb2n5ohtw,Apple iPhone
at://did:plc:gcxz3qj7atud5f5jjwmg3tcc/app.bsky.feed.post/3mw2nm2pamg2t,"How to Submit a Siri Apple Intelligence Settlement Claim

Ryan Haines / Android Authority Add Android permissions on Google: long story short Apple has been exaggerating some of the capabilities of Siri Apple Intelligence and has agreed to settle with users who feel it wasn't committed. Shoppers…",2026-09-21T21:25:34Z,2026-09-21T21:25:36.458Z,2026-09-22T16:43:30Z,nanobytes24.bsky.social,did:plc:gcxz3qj7atud5f5jjwmg3tcc,0,0,0,0,https://bsky.app/profile/nanobytes24.bsky.social/post/3mw2nm2pamg2t,Apple iPhone
at://did:plc:snpwqhfe7ii5c75tudnzpddc/app.bsky.feed.post/3mw2nmaj4tn2q,"How to Submit a Siri Apple Intelligence Settlement Claim

Ryan Haines / Android Authority Add Android permissions on Google: long story short Apple has been exaggerating some of the capabilities of Siri Apple Intelligence and has agreed to settle with users who feel it wasn't committed. Shoppers…",2026-09-21T21:25:40Z,2026-09-21T21:25:42.672Z,2026-09-22T16:43:30Z,techbreak.bsky.social,did:plc:snpwqhfe7ii5c75tudnzpddc,0,0,0,0,https://bsky.app/profile/techbreak.bsky.social/post/3mw2nmaj4tn2q,Apple iPhone
at://did:plc:u5z5pkxbqlvzxwtgggrxv3uw/app.bsky.feed.post/3mw2nqm6uf327,Bought an iPhone 2 years ago? Don’t forget to claim your piece of Apple’s settlement,2026-09-21T21:28:08.283Z,2026-09-21T21:28:08.560Z,2026-09-22T16:43:30Z,androidauthority.com,did:plc:u5z5pkxbqlvzxwtgggrxv3uw,1,0,0,0,https://bsky.app/profile/androidauthority.com/post/3mw2nqm6uf327,Apple iPhone
at://did:plc:2zrav4rcsqjxswz6yxo45uiw/app.bsky.feed.post/3mw2nu4axbo2a,"Apple’s $1,999 iPhone Duo is its most expensive iPhone yet, but the company is betting customers will pay for a genuinely new form factor. Foldable smartphone revenue rose 16% globally last year, outpacing nonfoldable phones. 

Read more insights: https://thein.fo/4rolOql",2026-09-21T21:30:05.815908708Z,2026-09-21T21:30:06.659Z,2026-09-22T16:43:30Z,theinformation.com,did:plc:2zrav4rcsqjxswz6yxo45uiw,0,0,0,0,https://bsky.app/profile/theinformation.com/post/3mw2nu4axbo2a,Apple iPhone
at://did:plc:gjkyztsuy662gtns7yk3lbc3/app.bsky.feed.post/3mw2o3wdwpu2w,"Upgrade 638: I Stared Directly into the M6 

The new products are here! Jason reviews the M6 Mac mini, and then Jason and Myke both talk about their hands-on experiences with the iPhone 18 Pro and Apple Watch series 12. This is apparently just the beginning of a busy... http://relay.fm/upgrade/638",2026-09-21T21:34:25.692374Z,2026-09-21T21:34:28.563Z,2026-09-22T16:43:30Z,relay.fm,did:plc:gjkyztsuy662gtns7yk3lbc3,0,0,0,0,https://bsky.app/profile/relay.fm/post/3mw2o3wdwpu2w,Apple iPhone
at://did:plc:xdfjmzwdrewelkxj43foispw/app.bsky.feed.post/3mw2o6wal7z2q,iPhone 18 Pro Max battery is capped below 20Wh until activation. We explain why and how Prepare to Ship works.,2026-09-21T21:36:07Z,2026-09-21T21:36:08.865Z,2026-09-22T16:43:30Z,tech-ish.com,did:plc:xdfjmzwdrewelkxj43foispw,0,0,0,0,https://bsky.app/profile/tech-ish.com/post/3mw2o6wal7z2q,Apple iPhone
at://did:plc:hgord3dqwzta3khfmbqcln22/app.bsky.feed.post/3mw2ooydjua2z,"A new episode of Upgrade is out: The new products are here! Jason reviews the M6 Mac mini, and then Jason and Myke both talk about their hands-on experiences with the iPhone 18 Pro and Apple Watch series 12. This is just the beginning of a busy season!

",2026-09-21T21:45:07.584Z,2026-09-21T21:45:07.871Z,2026-09-22T16:43:30Z,snell.zone,did:plc:hgord3dqwzta3khfmbqcln22,5,1,0,0,https://bsky.app/profile/snell.zone/post/3mw2ooydjua2z,Apple iPhone
at://did:plc:uwdvpzbalngqhfmbfjf5eev3/app.bsky.feed.post/3mw2oxv7zkk2n,"＼＼\\\ 新着記事 ///／／

Apple、iPhone Duo専用「Pencil」を発表予定だった　量産前の技術問題で計画変更
www.danshihack.com/2026/09/22/j...",2026-09-21T21:50:06.443Z,2026-09-21T21:50:12.158Z,2026-09-22T16:43:30Z,danshihack.bsky.social,did:plc:uwdvpzbalngqhfmbfjf5eev3,0,0,0,0,https://bsky.app/profile/danshihack.bsky.social/post/3mw2oxv7zkk2n,Apple iPhone
at://did:plc:vv6ueloqxhb334zertn6rnfs/app.bsky.feed.post/3mw2oxxjs5e2y,"Apple iPhone 17e 256 GB Soft Pink, 6.1"", 5G, 256 GB, NFC, IP68
R$ 4.229,10 no PIX
Frete Grátis (consulte o CEP)
Avaliação: ⭐⭐⭐⭐
Loja: Amazon

Menor preço em 90 dias: R$ 4.229,10
Mediana dos preços de 90 dias: R$ 4.299,00",2026-09-21T21:50:08.8087199Z,2026-09-21T21:50:08.961Z,2026-09-22T16:43:30Z,visioneiro.com.br,did:plc:vv6ueloqxhb334zertn6rnfs,0,0,0,0,https://bsky.app/profile/visioneiro.com.br/post/3mw2oxxjs5e2y,Apple iPhone
at://did:plc:h6disr7eqpr3ws2eqsd7rnft/app.bsky.feed.post/3mw2oyoo62k23,"Apple Iphone 16 (256 Gb) - Ultramarino - Distribuidor Autorizado -- Mercado Livre
 
R$ 5.000,26
Compre aqui ⬇️⬇️",2026-09-21T21:50:31.556211+00:00,2026-09-21T21:50:33.462Z,2026-09-22T16:43:30Z,ofertas.bsky.social,did:plc:h6disr7eqpr3ws2eqsd7rnft,0,0,0,0,https://bsky.app/profile/ofertas.bsky.social/post/3mw2oyoo62k23,Apple iPhone
at://did:plc:dwecjm5n7fyljcjk3vi7x5oa/app.bsky.feed.post/3mw2p2ca56a2n,"9to5Google より

Apple didn’t give up on stylus support for iPhone Duo; Samsung’s Galaxy Z Fold should take notes
AppleはiPhone Duoのスタイラスサポートを放棄しませんでした; サムスンのGalaxy Z Foldはメモを取るべきです
",2026-09-21T21:51:26.632755+00:00,2026-09-21T21:51:27.663Z,2026-09-22T16:43:30Z,gigowat.bsky.social,did:plc:dwecjm5n7fyljcjk3vi7x5oa,0,0,0,0,https://bsky.app/profile/gigowat.bsky.social/post/3mw2p2ca56a2n,Apple iPhone
at://did:plc:iwcbeqbnyctohhzcndzie3rc/app.bsky.feed.post/3mw2p62bxls26,"Find My App Glitches on a New iPhone Can Trigger Serious Family Panic

techaeris.com/2026/09/21/f...

Find My location sharing issues on a brand new iPhone can cause unexpected stress, and my recent Apple Support chat revealed how invisible backend migration syncs break family tracking. #technews",2026-09-21T21:53:33.076Z,2026-09-21T21:53:33.657Z,2026-09-22T16:43:30Z,techaeris.com,did:plc:iwcbeqbnyctohhzcndzie3rc,0,0,0,0,https://bsky.app/profile/techaeris.com/post/3mw2p62bxls26,Apple iPhone
at://did:plc:s6aepfdltjflp62edxfnv35b/app.bsky.feed.post/3mw3xtamiohg2,,2026-09-21T21:53:37.000Z,2026-09-22T10:01:46.062Z,2026-09-22T16:43:30Z,9to5mac.com.web.brid.gy,did:plc:s6aepfdltjflp62edxfnv35b,0,0,0,0,https://bsky.app/profile/9to5mac.com.web.brid.gy/post/3mw3xtamiohg2,Apple iPhone
at://did:plc:d5p2j2zrhu5j7vw5wpormayc/app.bsky.feed.post/3mw2pbefzgc2a,"Apple'ın yeni Donanım Mühendisliği Başkan Yardımcısı Marieb, ekran koruyucu takılmış bir iPhone gördüğünde rahatsız olduğunu dile getirdi.

TechRadar'a konuşan Apple yöneticisi,""Şahsen birinin iPhone'una ekran koruyucu taktığını gördüğümde tüylerim ürperiyor. Çünkü güzel ön ekranlar geliştirmek için",2026-09-21T21:55:24.356Z,2026-09-21T21:55:30.069Z,2026-09-22T16:43:30Z,gazimustafa-kemal.bsky.social,did:plc:d5p2j2zrhu5j7vw5wpormayc,0,0,0,0,https://bsky.app/profile/gazimustafa-kemal.bsky.social/post/3mw2pbefzgc2a,Apple iPhone
at://did:plc:gcxz3qj7atud5f5jjwmg3tcc/app.bsky.feed.post/3mw2pf2a3gc2i,"Apple isn’t giving up support for the iPhone Duo stylus; Samsung is

Apple's iPhone Duo may not revolutionize Android foldable phones, but it does improve on it in many ways. Included in that list is stylus support on the iPhone Duo, which is more complicated behind the scenes than it initially…",2026-09-21T21:57:26Z,2026-09-21T21:57:28.568Z,2026-09-22T16:43:30Z,nanobytes24.bsky.social,did:plc:gcxz3qj7atud5f5jjwmg3tcc,0,0,0,0,https://bsky.app/profile/nanobytes24.bsky.social/post/3mw2pf2a3gc2i,Apple iPhone
at://did:plc:snpwqhfe7ii5c75tudnzpddc/app.bsky.feed.post/3mw2pfanqgy2x,"Apple isn’t giving up support for the iPhone Duo stylus; Samsung is

Apple's iPhone Duo may not revolutionize Android foldable phones, but it does improve on it in many ways. Included in that list is stylus support on the iPhone Duo, which is more complicated behind the scenes than it initially…",2026-09-21T21:57:32Z,2026-09-21T21:57:35.557Z,2026-09-22T16:43:30Z,techbreak.bsky.social,did:plc:snpwqhfe7ii5c75tudnzpddc,0,0,0,0,https://bsky.app/profile/techbreak.bsky.social/post/3mw2pfanqgy2x,Apple iPhone
at://did:plc:4w7jzkpdswrg7tf4azxu3gsc/app.bsky.feed.post/3mw2pgirt4a2n,"Signal or noise? > Apple didn’t give up on stylus support for iPhone Duo;
Samsung’s Galaxy Z Fold should take notes >> Comment below! #AI #mhealth #industry40 #IoT #healthtech",2026-09-21T21:58:16Z,2026-09-21T21:58:17.664Z,2026-09-22T16:43:30Z,drtimos.bsky.social,did:plc:4w7jzkpdswrg7tf4azxu3gsc,0,0,0,0,https://bsky.app/profile/drtimos.bsky.social/post/3mw2pgirt4a2n,Apple iPhone
at://did:plc:gsgf2k67faxbiag6fyer4wjl/app.bsky.feed.post/3mw2pjuerh52n,Illinois' Digital Licenses And IDs: When Does Android Get Them?,2026-09-21T22:00:08.518Z,2026-09-21T22:00:10.160Z,2026-09-22T16:43:30Z,thisisillinois.bsky.social,did:plc:gsgf2k67faxbiag6fyer4wjl,0,0,0,0,https://bsky.app/profile/thisisillinois.bsky.social/post/3mw2pjuerh52n,Apple iPhone
at://did:plc:4axwsf5hlk2omckvoolonim6/app.bsky.feed.post/3mw2pl457uom2,"La primera keynote de John Ternus fue deliberadamente conservadora. Gurman cree que Siri AI desbloqueará una oleada de hardware, pero la privacidad será el obstáculo más delicado.",2026-09-21T22:00:48.000Z,2026-09-21T22:03:48.565Z,2026-09-22T16:43:30Z,index.fomoera.com.ap.brid.gy,did:plc:4axwsf5hlk2omckvoolonim6,0,0,0,0,https://bsky.app/profile/index.fomoera.com.ap.brid.gy/post/3mw2pl457uom2,Apple iPhone
at://did:plc:n3xg3j7lqslngdzjb2trmcpz/app.bsky.feed.post/3mw2plcn7uv2z,"https://developer.apple.com/design/human-interface-guidelines/designing-for-iphone-duo

I can’t link direct, but see “Adapt your layout when the device folds.”  

I’m guessing it is basically impossible to touch near the crease easy when folding, hence this design structure?",2026-09-21T22:00:57Z,2026-09-21T22:00:58.860Z,2026-09-22T16:43:30Z,cameronbanga.com,did:plc:n3xg3j7lqslngdzjb2trmcpz,1,0,1,0,https://bsky.app/profile/cameronbanga.com/post/3mw2plcn7uv2z,Apple iPhone
at://did:plc:2lko2ihg7qei3jurjbexml3a/app.bsky.feed.post/3mw3jxwpylml2,,2026-09-21T22:01:23.000Z,2026-09-22T05:53:22.466Z,2026-09-22T16:43:30Z,sixcolors.com.web.brid.gy,did:plc:2lko2ihg7qei3jurjbexml3a,0,0,0,0,https://bsky.app/profile/sixcolors.com.web.brid.gy/post/3mw3jxwpylml2,Apple iPhone
at://did:plc:bgakgsp7rz6ioyaqbvd7p7ew/app.bsky.feed.post/3mw2pszkqn22l,iOS 27.2 beta 2 reveals new details about unnanounced iPhone anti-snatching feature,2026-09-21T22:05:16Z,2026-09-21T22:05:17.159Z,2026-09-22T16:43:30Z,9to5mac.com,did:plc:bgakgsp7rz6ioyaqbvd7p7ew,6,1,0,0,https://bsky.app/profile/9to5mac.com/post/3mw2pszkqn22l,Apple iPhone
at://did:plc:jmk6ftd2tkmyxhnnoas4i7x5/app.bsky.feed.post/3mw2px2uens27,"はてなブログに投稿しました
待望の折りたたみ式iPhone、買えないですが実物は見てみたいですね - やね日記 www.yaneshin.net/entry/2026/0...
#はてなブログ",2026-09-21T22:07:32.539Z,2026-09-21T22:07:35.660Z,2026-09-22T16:43:30Z,yaneshin.bsky.social,did:plc:jmk6ftd2tkmyxhnnoas4i7x5,0,0,0,0,https://bsky.app/profile/yaneshin.bsky.social/post/3mw2px2uens27,Apple iPhone
at://did:plc:dls2f7yfz2dfh34syo6cintb/app.bsky.feed.post/3mw2q4wfxgs2g,"📱 Apple тестує iPhone 20 Pro з екраном 6,41"" та iPhone 20 Pro Max з 6,96"" — більше, ніж у iPhone 18 Pro (6,27""/6,86""). Прототипи мають вигнутий по краях дисплей і менший виріз під Dynamic Island. #Apple #iPhone20Pro #технології 

👉 t.me/dplse/1129",2026-09-21T22:10:49.194Z,2026-09-21T22:10:51.564Z,2026-09-22T16:43:30Z,digitalpullse.bsky.social,did:plc:dls2f7yfz2dfh34syo6cintb,1,0,0,0,https://bsky.app/profile/digitalpullse.bsky.social/post/3mw2q4wfxgs2g,Apple iPhone
at://did:plc:xppt5x3qkxiikhbunendgcj5/app.bsky.feed.post/3mw2qbz6vodo2,"I was impressed with iPhone 17 Pro to 18 Pro as it successfully updated springboard correctly with all my apps but then I realized it used to have gaps for lol the internal Apple apps that obviously don’t come from App Store so were skipped.

That said it was pretty fast (using Wi-Fi - was […]",2026-09-21T22:13:31.000Z,2026-09-21T22:13:44.566Z,2026-09-22T16:43:30Z,mattcraig.mastodon.social.ap.brid.gy,did:plc:xppt5x3qkxiikhbunendgcj5,0,0,0,0,https://bsky.app/profile/mattcraig.mastodon.social.ap.brid.gy/post/3mw2qbz6vodo2,Apple iPhone
at://did:plc:qewh2yezt7wj5yoztbraopzw/app.bsky.feed.post/3mw2qeth36q22,"Bought an iPhone 2 years ago? Don’t forget to claim your piece of Apple’s settlement
Article",2026-09-21T22:15:14.519482+00:00,2026-09-21T22:15:15.858Z,2026-09-22T16:43:30Z,starfallrealm.com,did:plc:qewh2yezt7wj5yoztbraopzw,0,0,0,0,https://bsky.app/profile/starfallrealm.com/post/3mw2qeth36q22,Apple iPhone
at://did:plc:aqq5joj3ypz22owfspumw54w/app.bsky.feed.post/3mw2qiz3sdc2r,"As is tradition, Apple in store techs don’t get to even see the training certs for new kit until launch day so we always turned to Ifixit. I’m really impressed that so much of the space inside is thermal management and his section on the mechanical iris function is cool.",2026-09-21T22:17:34.663Z,2026-09-21T22:17:36.865Z,2026-09-22T16:43:30Z,spotto.bsky.social,did:plc:aqq5joj3ypz22owfspumw54w,0,0,0,0,https://bsky.app/profile/spotto.bsky.social/post/3mw2qiz3sdc2r,Apple iPhone
at://did:plc:jmk6ftd2tkmyxhnnoas4i7x5/app.bsky.feed.post/3mw2qoadrys27,"はてなブログに投稿しました
iPhoneに関してはOSのアップデートは様子見ですね - やね日記 www.yaneshin.net/entry/2026/0...
#はてなブログ",2026-09-21T22:20:30.039Z,2026-09-21T22:20:33.764Z,2026-09-22T16:43:30Z,yaneshin.bsky.social,did:plc:jmk6ftd2tkmyxhnnoas4i7x5,0,0,0,0,https://bsky.app/profile/yaneshin.bsky.social/post/3mw2qoadrys27,Apple iPhone
at://did:plc:oyb7chqe2ed7dekjbrcdsjol/app.bsky.feed.post/3mw2qr7liek2c,全然使えない(Siriと変わらない)Apple Intelligence で10GB超えってデカ過ぎる。Macの容量はiPhone並みなのに⊂((・x・))((・x・))⊃,2026-09-21T22:22:09.906Z,2026-09-21T22:22:12.365Z,2026-09-22T16:43:30Z,izumillion.bsky.social,did:plc:oyb7chqe2ed7dekjbrcdsjol,6,0,0,0,https://bsky.app/profile/izumillion.bsky.social/post/3mw2qr7liek2c,Apple iPhone
at://did:plc:nxmjxl2wiyat43p3gikkt37w/app.bsky.feed.post/3mw2r2zqizw26,Apple is testing an iPhone security feature designed to recognize snatch-and-grab theft and lock the device before the thief can exploit it.,2026-09-21T22:27:38+00:00,2026-09-21T22:27:39.863Z,2026-09-22T16:43:30Z,appleinsider.com,did:plc:nxmjxl2wiyat43p3gikkt37w,15,0,0,1,https://bsky.app/profile/appleinsider.com/post/3mw2r2zqizw26,Apple iPhone
at://did:plc:dwecjm5n7fyljcjk3vi7x5oa/app.bsky.feed.post/3mw2rbfap2w2j,"9to5Mac より

iPhone 18 Pro Max’s battery is so big Apple had to add this new feature to iOS 27
iPhone 18 Pro Maxのバッテリーは、AppleがiOS 27にこの新しい機能を追加する必要がありました
",2026-09-21T22:31:12.222687+00:00,2026-09-21T22:31:12.863Z,2026-09-22T16:43:30Z,gigowat.bsky.social,did:plc:dwecjm5n7fyljcjk3vi7x5oa,0,0,0,0,https://bsky.app/profile/gigowat.bsky.social/post/3mw2rbfap2w2j,Apple iPhone
at://did:plc:agcqudpf7hamxornkiw7ij4s/app.bsky.feed.post/3mw2ruqvfps2z,Apple $250M iPhone settlement claims now open — eligible users could get $25 per device,2026-09-21T22:42:01.414Z,2026-09-21T22:42:03.258Z,2026-09-22T16:43:30Z,chicagoconnected.bsky.social,did:plc:agcqudpf7hamxornkiw7ij4s,0,0,0,0,https://bsky.app/profile/chicagoconnected.bsky.social/post/3mw2ruqvfps2z,Apple iPhone
at://did:plc:klelekgf6ka2eljdifg3r6rm/app.bsky.feed.post/3mw2rwlhcok2d,"my iPhone can’t launch Apple Music Hits via Siri since updating to iOS 27. invariably launches Purchase Music within Apple Music instead, whether invoked in the car or via AirPods  

shall erase and restore and hope this is a one-off fluke",2026-09-21T22:43:03.864Z,2026-09-21T22:43:04.659Z,2026-09-22T16:43:30Z,shikataganai.bsky.social,did:plc:klelekgf6ka2eljdifg3r6rm,1,0,1,0,https://bsky.app/profile/shikataganai.bsky.social/post/3mw2rwlhcok2d,Apple iPhone
at://did:plc:wu5loguf7uszgxnowhmcq532/app.bsky.feed.post/3mw2s27iprs2l,Just walked passed an Apple Store with a long ass line it for the new iPhone. I didn’t know that was still a thing?,2026-09-21T22:45:05.544Z,2026-09-21T22:45:05.871Z,2026-09-22T16:43:30Z,halloimgreg.bsky.social,did:plc:wu5loguf7uszgxnowhmcq532,11,0,0,1,https://bsky.app/profile/halloimgreg.bsky.social/post/3mw2s27iprs2l,Apple iPhone
at://did:plc:6w3kjcciwqifbfcyqnrddoda/app.bsky.feed.post/3mw2s47dpbv2a,[iOS] Free - Stelline: Star Logic Puzzles (Was $2.99) @ Apple App Store,2026-09-21T22:46:12Z,2026-09-21T22:46:13.362Z,2026-09-22T16:43:30Z,ozbargain-com-au.bsky.social,did:plc:6w3kjcciwqifbfcyqnrddoda,0,0,0,0,https://bsky.app/profile/ozbargain-com-au.bsky.social/post/3mw2s47dpbv2a,Apple iPhone
at://did:plc:lt5rhwyfaxxx5rwquq7zawbr/app.bsky.feed.post/3mw2so3h7pn2i,"Dig deeper:
iPhone 18 Pro – Apple
iPhone 18 Pro Specs – Apple",2026-09-21T22:56:12.2801605Z,2026-09-21T22:56:12.557Z,2026-09-22T16:43:30Z,ltt-tracker-bot.bsky.social,did:plc:lt5rhwyfaxxx5rwquq7zawbr,0,0,0,0,https://bsky.app/profile/ltt-tracker-bot.bsky.social/post/3mw2so3h7pn2i,Apple iPhone
at://did:plc:cqjrpijdov3kpnnbvhuijuu7/app.bsky.feed.post/3mw2sqiqzpk2j,is Apple going to email this to everyone with an iPhone,2026-09-21T22:57:33.450Z,2026-09-21T22:57:33.861Z,2026-09-22T16:43:30Z,fivepoundbag.bsky.social,did:plc:cqjrpijdov3kpnnbvhuijuu7,3,0,0,0,https://bsky.app/profile/fivepoundbag.bsky.social/post/3mw2sqiqzpk2j,Apple iPhone
at://did:plc:hmtbe2a5xzwqxhqtfgyfmcwa/app.bsky.feed.post/3mw2t3262yb2o,"Apple iPhone 11, 64GB, Black - Unlocked (Renewed) → now $169.50, 5% off
https://www.amazon.com/dp/B07ZPKN6YR?tag=birdxdeal-20 #apple #iphone",2026-09-21T23:03:26Z,2026-09-21T23:03:27.469Z,2026-09-22T16:43:30Z,birdxdealss.bsky.social,did:plc:hmtbe2a5xzwqxhqtfgyfmcwa,0,0,0,0,https://bsky.app/profile/birdxdealss.bsky.social/post/3mw2t3262yb2o,Apple iPhone
at://did:plc:i4dsxssilbnhadkiatskjmgy/app.bsky.feed.post/3mw2taugtpk2l,"It's September 21st, and First of Autumn Special Event has begun. The leaves fall on the lower slopes, and every Pebble you earn pays double through Wednesday, Sep 23. One More Push, out now on iPhone.

apps.apple.com/app/apple-st...

#indiegame #FirstOfAutumn",2026-09-21T23:06:42.575Z,2026-09-21T23:06:44.170Z,2026-09-22T16:43:30Z,orefishllc.bsky.social,did:plc:i4dsxssilbnhadkiatskjmgy,5,4,0,0,https://bsky.app/profile/orefishllc.bsky.social/post/3mw2taugtpk2l,Apple iPhone
at://did:plc:3rcx5d6v3fumeyhqnqlqtxet/app.bsky.feed.post/3mw2tawlwnk2p,"Next month, Apple will open pre-orders for iPhone Duo, the first folding iPhone since the iPhone 6! 
en.wikipedia.org/wiki/IPhone_...",2026-09-21T23:06:44.839Z,2026-09-21T23:06:45.860Z,2026-09-22T16:43:30Z,maxleibman.bsky.social,did:plc:3rcx5d6v3fumeyhqnqlqtxet,0,0,0,0,https://bsky.app/profile/maxleibman.bsky.social/post/3mw2tawlwnk2p,Apple iPhone
at://did:plc:s6aepfdltjflp62edxfnv35b/app.bsky.feed.post/3mw3xsrejk2g2,,2026-09-21T23:12:03.000Z,2026-09-22T10:01:40.757Z,2026-09-22T16:43:30Z,9to5mac.com.web.brid.gy,did:plc:s6aepfdltjflp62edxfnv35b,0,0,0,0,https://bsky.app/profile/9to5mac.com.web.brid.gy/post/3mw3xsrejk2g2,Apple iPhone
at://did:plc:piu6o3yjztvb2lzpxqeerabi/app.bsky.feed.post/3mw2u55trllo2,,2026-09-21T23:12:27.000Z,2026-09-21T23:22:33.570Z,2026-09-22T16:43:30Z,macrumors.com.web.brid.gy,did:plc:piu6o3yjztvb2lzpxqeerabi,0,0,0,0,https://bsky.app/profile/macrumors.com.web.brid.gy/post/3mw2u55trllo2,Apple iPhone
at://did:plc:ritv6l6udmzeuwbit4omuq4x/app.bsky.feed.post/3mw2tltizjr2h,"Apple CEO John Ternus Talks iPhone Duo Design, Siri AI, and Becoming CEO",2026-09-21T23:12:50Z,2026-09-21T23:12:51.162Z,2026-09-22T16:43:30Z,macrumors.bsky.social,did:plc:ritv6l6udmzeuwbit4omuq4x,12,0,0,0,https://bsky.app/profile/macrumors.bsky.social/post/3mw2tltizjr2h,Apple iPhone
at://did:plc:3bcvnwdwijowyttknedljmgj/app.bsky.feed.post/3mw2u32eubzi2,"AI boom pripomína rok 1999? Galloway varuje pred bublinou v AI a dátových centrách, odhaľuje riziká spojené s dlhom a rastúcu skepsu investorov. Apple prešiel k modelu predplatného.",2026-09-21T23:21:15.000Z,2026-09-21T23:21:27.769Z,2026-09-22T16:43:30Z,index.altky.sk.ap.brid.gy,did:plc:3bcvnwdwijowyttknedljmgj,0,0,0,0,https://bsky.app/profile/index.altky.sk.ap.brid.gy/post/3mw2u32eubzi2,Apple iPhone
at://did:plc:tfub5ainr5suavnrts4echbz/app.bsky.feed.post/3mw2zzklccd62,,2026-09-21T23:22:02.000Z,2026-09-22T01:07:57.664Z,2026-09-22T16:43:30Z,gsmarena.com.web.brid.gy,did:plc:tfub5ainr5suavnrts4echbz,0,0,0,0,https://bsky.app/profile/gsmarena.com.web.brid.gy/post/3mw2zzklccd62,Apple iPhone
at://did:plc:amkuy3dcsfpm7s6hxl7dllv4/app.bsky.feed.post/3mw2u5uzb2222,now I just realised we are going to have a bunch duo only games out by Xmas www.youtube.com/watch?v=7uOp...,2026-09-21T23:22:56.256Z,2026-09-21T23:22:57.167Z,2026-09-22T16:43:30Z,realphilgold.bsky.social,did:plc:amkuy3dcsfpm7s6hxl7dllv4,0,0,0,0,https://bsky.app/profile/realphilgold.bsky.social/post/3mw2u5uzb2222,Apple iPhone
at://did:plc:6ufy2dvibkifj7sootpk3pmf/app.bsky.feed.post/3mw2u7mnjs22p,"❄️ The iPhone 18 Pro Max in Glacier is HERE! 📱 Quick unboxing + a look at what's in the box.

But if you're buying a case, WATCH 5:48 FIRST! 🚨 There's something you need to know before spending your money.

Full video on YouTube! youtu.be/xZJSXbA3klA?...

#iPhone18ProMax #Apple #BobbyGsCorner",2026-09-21T23:23:54.592Z,2026-09-21T23:23:56.763Z,2026-09-22T16:43:30Z,bobbygscorner.bsky.social,did:plc:6ufy2dvibkifj7sootpk3pmf,0,0,0,0,https://bsky.app/profile/bobbygscorner.bsky.social/post/3mw2u7mnjs22p,Apple iPhone
at://did:plc:xufkpss2nqyftgyfwehq6o3s/app.bsky.feed.post/3mw2ublm7v42k,"🚨 BREAKING: Apple shares have gained approximately 23.6% in 2026. Using next year's projected EPS of $9.59, Apple trades at 35.06 times earnings.

https://www.thestreet.com/investing/stocks/apple-stock-jim-cramer-iphone-duo",2026-09-21T23:25:00.546Z,2026-09-21T23:25:00.770Z,2026-09-22T16:43:30Z,mgmarkets.bsky.social,did:plc:xufkpss2nqyftgyfwehq6o3s,0,0,0,0,https://bsky.app/profile/mgmarkets.bsky.social/post/3mw2ublm7v42k,Apple iPhone
at://did:plc:enzomtwe6v5mm6ntypsd5vbg/app.bsky.feed.post/3mw2uceutik2s,"「iPhone 20 Pro」「iPhone 20 Pro Max」のディスプレイサイズがリーク - こぼねみ 
www.kobonemi.com/entry/2026/0...
 #iPhone20 #iPhone20Pro #iPhone20ProMax #iPhone2027 #Apple #新型iPhone20 #新型iPhone",2026-09-21T23:25:27.106Z,2026-09-21T23:25:30.160Z,2026-09-22T16:43:30Z,kobonemi.bsky.social,did:plc:enzomtwe6v5mm6ntypsd5vbg,0,0,0,0,https://bsky.app/profile/kobonemi.bsky.social/post/3mw2uceutik2s,Apple iPhone
at://did:plc:vvgmswdud2nbxob3r64vdtcn/app.bsky.feed.post/3mw2ughhr3c2k,"iOS27.2 beta2アップデート来ました。

#iphone #Apple",2026-09-21T23:27:44.039Z,2026-09-21T23:27:47.456Z,2026-09-22T16:43:30Z,menhealer-namapo.bsky.social,did:plc:vvgmswdud2nbxob3r64vdtcn,0,0,0,0,https://bsky.app/profile/menhealer-namapo.bsky.social/post/3mw2ughhr3c2k,Apple iPhone
at://did:plc:t6dygygdpdbmpcunuv735suq/app.bsky.feed.post/3mw2ugrxasy24,Here are the display sizes and resolutions for next year’s Pro iPhones - https://www.gsmarena.com/here_are_the_display_sizes_and_resolutions_for_next_years_pro_iphones-news-74702.php,2026-09-21T23:27:54.716Z,2026-09-21T23:27:56.265Z,2026-09-22T16:43:30Z,gsmarena-poster.bsky.social,did:plc:t6dygygdpdbmpcunuv735suq,0,0,0,0,https://bsky.app/profile/gsmarena-poster.bsky.social/post/3mw2ugrxasy24,Apple iPhone
at://did:plc:neh7y5s6j3jccwox7qbf4qwd/app.bsky.feed.post/3mw2umtj2gz2y,"Apple's new CEO says nothing needs to replace the iPhone. AI pins keep landing in drawers, so maybe he's right. BlackBerry thought the same about keyboards though. Is Apple's phone-first AI bet smart or too safe?

#Apple #Iphone",2026-09-21T23:31:17.561Z,2026-09-21T23:31:18.764Z,2026-09-22T16:43:30Z,countervox.bsky.social,did:plc:neh7y5s6j3jccwox7qbf4qwd,0,0,1,0,https://bsky.app/profile/countervox.bsky.social/post/3mw2umtj2gz2y,Apple iPhone
at://did:plc:b4eicqrguc4by4jxy5bns54h/app.bsky.feed.post/3mw2vc6auhk25,"Some dahlia to cheer you up.  Feel better, Eileen. 🫂",2026-09-21T23:43:13.894Z,2026-09-21T23:43:36.759Z,2026-09-22T16:43:30Z,shlead.bsky.social,did:plc:b4eicqrguc4by4jxy5bns54h,2,0,1,0,https://bsky.app/profile/shlead.bsky.social/post/3mw2vc6auhk25,Apple iPhone
at://did:plc:sk44rhbmaca3ltsa4c6v6da2/app.bsky.feed.post/3mw2vfhk6ua2v,Apple settlement could mean a payout for some iPhone owners,2026-09-21T23:45:02.590Z,2026-09-21T23:45:05.366Z,2026-09-22T16:43:30Z,worldnewsguru.bsky.social,did:plc:sk44rhbmaca3ltsa4c6v6da2,0,0,0,0,https://bsky.app/profile/worldnewsguru.bsky.social/post/3mw2vfhk6ua2v,Apple iPhone
at://did:plc:dwecjm5n7fyljcjk3vi7x5oa/app.bsky.feed.post/3mw2vp2uqru2t,"SlashGear より

Why Apple CarPlay Is Draining Your iPhone's Battery
Apple CarPlayがあなたのiPhoneのバッテリーを引く理由
",2026-09-21T23:50:26.089570+00:00,2026-09-21T23:50:27.159Z,2026-09-22T16:43:30Z,gigowat.bsky.social,did:plc:dwecjm5n7fyljcjk3vi7x5oa,0,0,0,0,https://bsky.app/profile/gigowat.bsky.social/post/3mw2vp2uqru2t,Apple iPhone
at://did:plc:hmtbe2a5xzwqxhqtfgyfmcwa/app.bsky.feed.post/3mw2vx7535z2t,"Apple iPhone 16e, 256GB, White, Unlocked → now $459.00, 5% off
https://www.amazon.com/dp/B0F8NSN2LZ?tag=birdxdeal-20 #apple #iphone",2026-09-21T23:54:58Z,2026-09-21T23:54:59.666Z,2026-09-22T16:43:30Z,birdxdealss.bsky.social,did:plc:hmtbe2a5xzwqxhqtfgyfmcwa,0,0,0,0,https://bsky.app/profile/birdxdealss.bsky.social/post/3mw2vx7535z2t,Apple iPhone
at://did:plc:bgakgsp7rz6ioyaqbvd7p7ew/app.bsky.feed.post/3mw2w7hhrh62e,iPhone users running iOS 27 can no longer downgrade to iOS 26,2026-09-21T23:59:36Z,2026-09-21T23:59:36.866Z,2026-09-22T16:43:30Z,9to5mac.com,did:plc:bgakgsp7rz6ioyaqbvd7p7ew,7,1,0,0,https://bsky.app/profile/9to5mac.com/post/3mw2w7hhrh62e,Apple iPhone
at://did:plc:pxqyzwu6oyexgxsagpy4kdfm/app.bsky.feed.post/3mw2w7ngb5k2q,"【Apple製品 × ハードウェア検証】
iPhone 18 Pro Max、長時間の重負荷書き込み時にストレージ速度がHDD未満（1.1 MB/s）に低下する挙動が判明

Tom's Hardwareの最新ベンチマーク調査によると、発売されたばかりの「iPhone 18 Pro Max」において、大容量データや4K ProRes動画の長時間連続転送など激しい書き込みを続けた際、SLCキャッシュの枯渇と発熱抑制（サーマルスロットリング）により、ストレージ書き込み速度がハードディスク（HDD）以下の「1.1 MB/s」まで極端に落ち込む現象が確認されました。",2026-09-21T23:59:42.887Z,2026-09-21T23:59:43.266Z,2026-09-22T16:43:30Z,techbeginnerguide.bsky.social,did:plc:pxqyzwu6oyexgxsagpy4kdfm,0,0,0,0,https://bsky.app/profile/techbeginnerguide.bsky.social/post/3mw2w7ngb5k2q,Apple iPhone
at://did:plc:hmtbe2a5xzwqxhqtfgyfmcwa/app.bsky.feed.post/3mw2wbwh2cr24,"Apple iPhone 13, 128GB, Midnight - Unlocked (Renewed) → now $265.00, 5% off
https://www.amazon.com/dp/B09LNW3CY2?tag=birdxdeal-20 #apple #iphone",2026-09-22T00:00:58Z,2026-09-22T00:00:59.565Z,2026-09-22T16:43:30Z,birdxdealss.bsky.social,did:plc:hmtbe2a5xzwqxhqtfgyfmcwa,0,0,0,0,https://bsky.app/profile/birdxdealss.bsky.social/post/3mw2wbwh2cr24,Apple iPhone
at://did:plc:wzlw5nsbpcebsiccs6iu7ipj/app.bsky.feed.post/3mw2wmnmlal22,"JUST IN: Apple opens claims for its $250 million Siri settlement, with eligible iPhone owners potentially receiving up to $95.",2026-09-22T00:06:59.198611+00:00,2026-09-22T00:06:59.458Z,2026-09-22T16:43:30Z,polymarket.extwitter.link,did:plc:wzlw5nsbpcebsiccs6iu7ipj,0,0,0,0,https://bsky.app/profile/polymarket.extwitter.link/post/3mw2wmnmlal22,Apple iPhone
at://did:plc:eoprkmorvbv6bw4p3hzj3jns/app.bsky.feed.post/3mw2wsajjw22r,"Apple iPhone 16e de 128 GB — Preto

Por apenas R$3.509,10 no Pix
ou R$3.899 em 12x sem juros

Amazon - link.amazon/B0d3q8N6H
Mercado Livre - meli.la/1gCxFrK",2026-09-22T00:10:06.897Z,2026-09-22T00:10:09.462Z,2026-09-22T16:43:30Z,caramelopromo.bsky.social,did:plc:eoprkmorvbv6bw4p3hzj3jns,2,1,0,0,https://bsky.app/profile/caramelopromo.bsky.social/post/3mw2wsajjw22r,Apple iPhone
at://did:plc:jdt6clbwgpn6soov5fqsxtbj/app.bsky.feed.post/3mw2x45boec23,iPhone 18 ProのテレビCM「iPhone 18 Pro、登場」公開。『月に到達したら、次はどこへ向かうのか』 arigato-ipod.com/2026/09/ipho...,2026-09-22T00:15:39.035Z,2026-09-22T00:15:46.382Z,2026-09-22T16:43:30Z,iarigato.bsky.social,did:plc:jdt6clbwgpn6soov5fqsxtbj,0,0,0,0,https://bsky.app/profile/iarigato.bsky.social/post/3mw2x45boec23,Apple iPhone
at://did:plc:756cbnzfbs3v3wbdmj35tdfy/app.bsky.feed.post/3mw2xbgpjf22v,"What was saying Steve Ballmer a long time ago? 😎

apple.news/A60QBnIhlRw6...",2026-09-22T00:18:36.701Z,2026-09-22T00:18:38.659Z,2026-09-22T16:43:30Z,digicali.com,did:plc:756cbnzfbs3v3wbdmj35tdfy,0,0,0,0,https://bsky.app/profile/digicali.com/post/3mw2xbgpjf22v,Apple iPhone
at://did:plc:7x3skqr64ypmqca7oaiytqmx/app.bsky.feed.post/3mw2xc6oh7w24,"Apple stopped signing iOS 26.6.2. If you are on iOS 27, you cannot downgrade to iOS 26 anymore. The server check for that version now fails.

https://wesearch.press/s/iphone-users-running-ios-27-can-no-longer-downgrade-to-ios-2-d0c99b5d?utm_source=social&utm_medium=auto&utm_campaign=bluesky",2026-09-22T00:19:00.686Z,2026-09-22T00:19:03.972Z,2026-09-22T16:43:30Z,wesearch.press,did:plc:7x3skqr64ypmqca7oaiytqmx,0,0,0,0,https://bsky.app/profile/wesearch.press/post/3mw2xc6oh7w24,Apple iPhone
at://did:plc:hmtbe2a5xzwqxhqtfgyfmcwa/app.bsky.feed.post/3mw2y7wlp7o26,"Apple iPhone SE 2nd Generation, 64GB, White - Unlocked (Renewed) → now $97.97, 5% off
https://www.amazon.com/dp/B088NQSLGN?tag=birdxdeal-20 #apple #iphone",2026-09-22T00:35:39Z,2026-09-22T00:35:40.264Z,2026-09-22T16:43:30Z,birdxdealss.bsky.social,did:plc:hmtbe2a5xzwqxhqtfgyfmcwa,0,0,0,0,https://bsky.app/profile/birdxdealss.bsky.social/post/3mw2y7wlp7o26,Apple iPhone
at://did:plc:hmtbe2a5xzwqxhqtfgyfmcwa/app.bsky.feed.post/3mw2ykkpjet2m,"Apple iPhone 12, 64GB, Purple - Unlocked (Renewed) → now $189.88, 5% off
https://www.amazon.com/dp/B09HP4H4VG?tag=birdxdeal-20 #apple #iphone",2026-09-22T00:41:36Z,2026-09-22T00:41:36.762Z,2026-09-22T16:43:30Z,birdxdealss.bsky.social,did:plc:hmtbe2a5xzwqxhqtfgyfmcwa,0,0,0,0,https://bsky.app/profile/birdxdealss.bsky.social/post/3mw2ykkpjet2m,Apple iPhone
at://did:plc:cgvawmxwjkqhom35yq6lm3hv/app.bsky.feed.post/3mw2yqpvjfj2u,"Did you know? Apple's native iOS #PasswordsApp combines password management & #2FA codes built-in!

Remember to keep iOS and apps updated daily for your iPhone.

🔒 Tech Insights @ rebrand.ly/lookinsyde-S...

Stay safe!

#TechInsight #Apple #CyberSecurity #SSISG",2026-09-22T00:45:03.214Z,2026-09-22T00:45:03.662Z,2026-09-22T16:43:30Z,ssisg.bsky.social,did:plc:cgvawmxwjkqhom35yq6lm3hv,0,0,0,0,https://bsky.app/profile/ssisg.bsky.social/post/3mw2yqpvjfj2u,Apple iPhone
at://did:plc:b4eicqrguc4by4jxy5bns54h/app.bsky.feed.post/3mw2yv5pg6k25,"“The most incredible beauty and the most satisfying way of life come from affirming your own uniqueness.” 
- Jane Fonda

Wishing you a lovely evening and terrific Tuesday! 🩷💙

#ColorADay #PinkMon #ECK
#dailyflowers 🌱  #flowerreport #bloomscrolling

From a neighborhood walk. A unique bicolor rainbow.",2026-09-22T00:47:32.089Z,2026-09-22T00:47:44.956Z,2026-09-22T16:43:30Z,shlead.bsky.social,did:plc:b4eicqrguc4by4jxy5bns54h,81,10,4,0,https://bsky.app/profile/shlead.bsky.social/post/3mw2yv5pg6k25,Apple iPhone
at://did:plc:hmtbe2a5xzwqxhqtfgyfmcwa/app.bsky.feed.post/3mw2yv7spxj2t,"Apple iPhone 13 Mini, 128GB, Pink - Unlocked (Renewed) → now $224.99, 5% off
https://www.amazon.com/dp/B09LKF2RPP?tag=birdxdeal-20 #apple #iphone",2026-09-22T00:47:33Z,2026-09-22T00:47:34.460Z,2026-09-22T16:43:30Z,birdxdealss.bsky.social,did:plc:hmtbe2a5xzwqxhqtfgyfmcwa,0,0,0,0,https://bsky.app/profile/birdxdealss.bsky.social/post/3mw2yv7spxj2t,Apple iPhone
at://did:plc:hmtbe2a5xzwqxhqtfgyfmcwa/app.bsky.feed.post/3mw2z77ovld2t,"Apple iPhone 14 Pro, 512GB, Deep Purple - Unlocked (Renewed) → now $509.46, 5% off
https://www.amazon.com/dp/B0BN9P8PQD?tag=birdxdeal-20 #apple #iphone",2026-09-22T00:53:08Z,2026-09-22T00:53:09.962Z,2026-09-22T16:43:30Z,birdxdealss.bsky.social,did:plc:hmtbe2a5xzwqxhqtfgyfmcwa,0,0,0,0,https://bsky.app/profile/birdxdealss.bsky.social/post/3mw2z77ovld2t,Apple iPhone
at://did:plc:hmtbe2a5xzwqxhqtfgyfmcwa/app.bsky.feed.post/3mw2zhlcoeb2z,"Apple iPhone 17 Pro, US Version, 1TB, eSIM, Deep Blue for T-Mobile… → now $1,369.97, 5% off
https://www.amazon.com/dp/B0G452TPF3?tag=birdxdeal-20 #apple #iphone",2026-09-22T00:57:49Z,2026-09-22T00:57:50.858Z,2026-09-22T16:43:30Z,birdxdealss.bsky.social,did:plc:hmtbe2a5xzwqxhqtfgyfmcwa,0,0,0,0,https://bsky.app/profile/birdxdealss.bsky.social/post/3mw2zhlcoeb2z,Apple iPhone
at://did:plc:sap3rllabzsr3feookvxlobw/app.bsky.feed.post/3mw2zmrzsgu2r,"‏📱 جان ترنس، مدیرعامل اپل، در مصاحبه‌ای از چالش‌های مهندسی iPhone Duo گفت. او تأکید کرد که طراحی تاشوی اپل با هدف ارائه تجربه‌ای مشابه iPad انجام شده و Siri AI قرار نیست جایگزین روابط انسانی شود.
‏
‏‎ #Apple #iPhoneDuo",2026-09-22T01:00:44.818Z,2026-09-22T01:00:45.264Z,2026-09-22T16:43:30Z,saeediphone.bsky.social,did:plc:sap3rllabzsr3feookvxlobw,0,0,0,0,https://bsky.app/profile/saeediphone.bsky.social/post/3mw2zmrzsgu2r,Apple iPhone
at://did:plc:hmtbe2a5xzwqxhqtfgyfmcwa/app.bsky.feed.post/3mw2zoe2edw24,"Apple iPhone 16 Plus, US Version, 512GB, Pink for Cricket (Renewed… → now $819.97, 5% off
https://www.amazon.com/dp/B0DWDGX5TB?tag=birdxdeal-20 #apple #iphone",2026-09-22T01:01:36Z,2026-09-22T01:01:37.858Z,2026-09-22T16:43:30Z,birdxdealss.bsky.social,did:plc:hmtbe2a5xzwqxhqtfgyfmcwa,0,0,0,0,https://bsky.app/profile/birdxdealss.bsky.social/post/3mw2zoe2edw24,Apple iPhone
at://did:plc:udn2kimfhuc2ec2x7zft36yw/app.bsky.feed.post/3mw2zr77uuk22,"雲多め☁の札幌市から、おはようサンです。

（妻の）iPhoneを（妻用の）Win11PCにitunesでバックアップしときたいのだけれど『デバイスとして認識されない』のと、そもそもiPhoneの操作体系が俺には💩すぎて気が狂いそうになっている穏やかな連休中日の朝。

よくもまあこんなもん使い続けられるな💢
湯水の様にサブスク（Apple）に金が掛けられる奴だけ使ってろよ💢💢
※異論は受け付けない

今の気分（写真）
#落ち葉 #FallenLeaves",2026-09-22T01:03:13.182Z,2026-09-22T01:03:24.861Z,2026-09-22T16:43:30Z,ninja1000red.bsky.social,did:plc:udn2kimfhuc2ec2x7zft36yw,24,0,1,0,https://bsky.app/profile/ninja1000red.bsky.social/post/3mw2zr77uuk22,Apple iPhone
at://did:plc:dwecjm5n7fyljcjk3vi7x5oa/app.bsky.feed.post/3mw2zucwkcj2u,"MacRumors より

Apple CEO John Ternus Talks iPhone Duo Design, Siri AI, and Becoming CEO
Apple CEO ジョン・テルヌスがiPhone Duo Design、Siri AI、そしてCEOになるについて語る
",2026-09-22T01:04:57.240572+00:00,2026-09-22T01:04:58.260Z,2026-09-22T16:43:30Z,gigowat.bsky.social,did:plc:dwecjm5n7fyljcjk3vi7x5oa,0,0,0,0,https://bsky.app/profile/gigowat.bsky.social/post/3mw2zucwkcj2u,Apple iPhone
at://did:plc:oqeomi7e4wwflntgpswgcjzs/app.bsky.feed.post/3mw3277h43c2n,"Apple iPhone 17 Pro 256 GB – 1139,00 €
https://www.amazon.de/dp/B0FQG8MFKP/?tag=buypilot21-21
#apple #iphone #shopping",2026-09-22T01:11:03.112Z,2026-09-22T01:11:03.477Z,2026-09-22T16:43:30Z,buypilot.bsky.social,did:plc:oqeomi7e4wwflntgpswgcjzs,0,0,0,0,https://bsky.app/profile/buypilot.bsky.social/post/3mw3277h43c2n,Apple iPhone
at://did:plc:x4ogjsrxf75khpne4zt7fsuf/app.bsky.feed.post/3mw32gex57s2t,Are iPhone 17 Pro Cases Compatible With iPhone 18 Pro? Here’s What Apple Says,2026-09-22T01:15:02.593Z,2026-09-22T01:15:04.265Z,2026-09-22T16:43:30Z,betteridgeslaw.bsky.social,did:plc:x4ogjsrxf75khpne4zt7fsuf,0,0,0,0,https://bsky.app/profile/betteridgeslaw.bsky.social/post/3mw32gex57s2t,Apple iPhone
at://did:plc:ps45ygfiqgebi2mz5me3oz36/app.bsky.feed.post/3mw32jdgf2r2t,"Apple CEO John Ternus just broke down the foldable iPhone Duo 📱 and its 7.6-inch inner screen. He also confirmed Siri AI isn't built to be your friend.

Keeping AI strictly as a utility instead of an emotional companion is a calculated way to dodge PR disasters.",2026-09-22T01:16:42.077Z,2026-09-22T01:16:43.759Z,2026-09-22T16:43:30Z,zubiqo.bsky.social,did:plc:ps45ygfiqgebi2mz5me3oz36,0,0,0,0,https://bsky.app/profile/zubiqo.bsky.social/post/3mw32jdgf2r2t,Apple iPhone
at://did:plc:mrvbh3rnv4jmde3ijv4hj4mh/app.bsky.feed.post/3mw32lyc6jp2i,,2026-09-22T01:18:06+00:00,2026-09-22T01:18:12.759Z,2026-09-22T16:43:30Z,us-med.bsky.social,did:plc:mrvbh3rnv4jmde3ijv4hj4mh,0,0,0,0,https://bsky.app/profile/us-med.bsky.social/post/3mw32lyc6jp2i,Apple iPhone
at://did:plc:jgpukyfuonvlwdptqjmeff3p/app.bsky.feed.post/3mw4o3gyq5xe2,,2026-09-22T01:19:06.000Z,2026-09-22T16:39:37.068Z,2026-09-22T16:43:30Z,gazlog.com.web.brid.gy,did:plc:jgpukyfuonvlwdptqjmeff3p,0,0,0,0,https://bsky.app/profile/gazlog.com.web.brid.gy/post/3mw4o3gyq5xe2,Apple iPhone
at://did:plc:45xwgi2ikaqmqgarsrqmcrbq/app.bsky.feed.post/3mw32o7lov62r,Bought An iPhone 15 Pro Or 16? Apple Could Be Sending You Up To $95 Per Device,2026-09-22T01:19:26Z,2026-09-22T01:19:27.464Z,2026-09-22T16:43:30Z,balleralert.com,did:plc:45xwgi2ikaqmqgarsrqmcrbq,2,0,0,0,https://bsky.app/profile/balleralert.com/post/3mw32o7lov62r,Apple iPhone
at://did:plc:fsftz5ue2bvlvkb6zx2bqdnh/app.bsky.feed.post/3mw32vbf7sb2h,"The Investing Club holds its ""Morning Meeting"" every weekday at 10:20 a.m. ET.",2026-09-22T01:23:23.325648+00:00,2026-09-22T01:23:24.268Z,2026-09-22T16:43:30Z,technology-news.bsky.social,did:plc:fsftz5ue2bvlvkb6zx2bqdnh,1,0,0,0,https://bsky.app/profile/technology-news.bsky.social/post/3mw32vbf7sb2h,Apple iPhone
at://did:plc:2oeda5t4c33umy262xnjvrie/app.bsky.feed.post/3mw33cgfkcs2m,"🍰 エリタージュ
☕️ ホットチョコレート
🏬 エリタージュ（大阪市）
📷 Apple iPhone SE3
　
至福のひと時
　
#photography #fotografía 
#monochrome #blackandwhite 
@bskyphotos.bsky.social",2026-09-22T01:30:44.883Z,2026-09-22T01:30:49.158Z,2026-09-22T16:43:30Z,n-teru.bsky.social,did:plc:2oeda5t4c33umy262xnjvrie,14,3,0,0,https://bsky.app/profile/n-teru.bsky.social/post/3mw33cgfkcs2m,Apple iPhone
at://did:plc:s7m4ydgxv6csx3bzbii2aphe/app.bsky.feed.post/3mw42zmzgxzp2,,2026-09-22T01:33:29.000Z,2026-09-22T10:58:40.465Z,2026-09-22T16:43:30Z,tuaw.com.web.brid.gy,did:plc:s7m4ydgxv6csx3bzbii2aphe,0,0,0,0,https://bsky.app/profile/tuaw.com.web.brid.gy/post/3mw42zmzgxzp2,Apple iPhone
at://did:plc:4gd5thywh4hjtwlesyft3bwe/app.bsky.feed.post/3mw33u3xf6c2y,"🟣 Que les Parece el Color Borgoña? 💜

💟 #iPhone18Pro Apple #Apple #iPhone 📱",2026-09-22T01:40:37.925Z,2026-09-22T01:40:44.759Z,2026-09-22T16:43:30Z,edgarben10.bsky.social,did:plc:4gd5thywh4hjtwlesyft3bwe,1,0,0,0,https://bsky.app/profile/edgarben10.bsky.social/post/3mw33u3xf6c2y,Apple iPhone
at://did:plc:nsrm47ykrs3kpy5ji7umev6c/app.bsky.feed.post/3mw34l54grs2u,Apple Starts $250 Million Siri Settlement Claims for US iPhone Users www.waredata.com/apple-starts...,2026-09-22T01:53:30.891Z,2026-09-22T01:52:12.561Z,2026-09-22T16:43:30Z,waredata.bsky.social,did:plc:nsrm47ykrs3kpy5ji7umev6c,1,0,0,0,https://bsky.app/profile/waredata.bsky.social/post/3mw34l54grs2u,Apple iPhone
at://did:plc:be4e2mnx7ol537y4hszsaxaw/app.bsky.feed.post/3mw34qshmw762,"こちらも昨日から話題になってるけど、我が家では不具合らしきものには今のところ遭遇してはいない様子。とはいえ、気になる。アップデートで解消されるといいのだけど。

Apple Watch Series 12とUltra 4、勝手に再起動する不具合が報告 | ゴリミー https://gori.me/apple-watch/watch-news/170475

Apple Watch Series 12/Ultra 4で突然再起動の不具合報告 - iPhone Mania https://iphone-mania.jp/iwatch-606411/

｢Apple Watch Ultra […]",2026-09-22T01:56:38.000Z,2026-09-22T01:56:46.958Z,2026-09-22T16:43:30Z,ririyeye.bookwor.ms.ap.brid.gy,did:plc:be4e2mnx7ol537y4hszsaxaw,0,1,0,0,https://bsky.app/profile/ririyeye.bookwor.ms.ap.brid.gy/post/3mw34qshmw762,Apple iPhone
at://did:plc:dwecjm5n7fyljcjk3vi7x5oa/app.bsky.feed.post/3mw353newzo2u,"9to5Mac より

Apple is taking a little bit of a gamble with iPhone Duo software: Will it pay off?
Apple は、iPhone Duo ソフトウェアでちょっとのギャンブルを取っています: それは報じますか?
",2026-09-22T02:02:44.239014+00:00,2026-09-22T02:02:44.865Z,2026-09-22T16:43:30Z,gigowat.bsky.social,did:plc:dwecjm5n7fyljcjk3vi7x5oa,0,0,0,0,https://bsky.app/profile/gigowat.bsky.social/post/3mw353newzo2u,Apple iPhone
at://did:plc:yobcexnscwcuz6jqnvnvl24i/app.bsky.feed.post/3mw355cosv62y,The app that I've been using to make timelapse photos of me and my kids for 15 years no longer exists and can't be installed on my new iPhone 😕 It still works perfectly fine on my old phone. Everyone wants a subscription for their similar apps. #appstore #iphone #ios #apple,2026-09-22T02:03:40.022Z,2026-09-22T02:03:41.457Z,2026-09-22T16:43:30Z,mschaffer.bsky.social,did:plc:yobcexnscwcuz6jqnvnvl24i,0,0,0,0,https://bsky.app/profile/mschaffer.bsky.social/post/3mw355cosv62y,Apple iPhone
at://did:plc:qt34fdb5di4hsny5wncomxtt/app.bsky.feed.post/3mw356qrnsr2d,"iPhone Duo: Apple missed its chance to do what Samsung couldn’t: A Practical Look

#Reintroduction #iPhone #Smartphones

https://justpaste.in/tech/iphone-duo-apple-missed-its-chance-to-do-what-samsung-couldnt-a-practical-look/",2026-09-22T02:04:28Z,2026-09-22T02:04:29.765Z,2026-09-22T16:43:30Z,techworlddaily.bsky.social,did:plc:qt34fdb5di4hsny5wncomxtt,0,0,0,0,https://bsky.app/profile/techworlddaily.bsky.social/post/3mw356qrnsr2d,Apple iPhone
at://did:plc:meqmwbhzho65fuef7notuzr5/app.bsky.feed.post/3mw362vytbm27,🇨🇮 Quel est le prix du nouvel iPhone 18 pro? [Linfodrome] #Afropages,2026-09-22T02:20:03.000Z,2026-09-22T02:20:14.262Z,2026-09-22T16:43:30Z,afropages.bsky.social,did:plc:meqmwbhzho65fuef7notuzr5,0,0,0,0,https://bsky.app/profile/afropages.bsky.social/post/3mw362vytbm27,Apple iPhone
at://did:plc:ie6cpb6ae6ko4rbao7yreirz/app.bsky.feed.post/3mw362oowgb2z,"The window is now open for people who purchased certain recent iPhone models to begin filing claims to receive their share of the quarter-billion-dollar settlement fund established in the wake of the class-action lawsuit filed against Apple, accusing the tech giant of false advertising.",2026-09-22T02:20:06Z,2026-09-22T02:20:07.556Z,2026-09-22T16:43:30Z,foxla.bsky.social,did:plc:ie6cpb6ae6ko4rbao7yreirz,0,0,0,0,https://bsky.app/profile/foxla.bsky.social/post/3mw362oowgb2z,Apple iPhone
at://did:plc:dwecjm5n7fyljcjk3vi7x5oa/app.bsky.feed.post/3mw36g6fc3n2e,"9to5Mac より

iPhone 18 Pro and Apple Watch Series 12 hands-on review, iOS 27 released
iPhone 18 ProとApple Watch Series 12のハンドオンレビュー、iOS 27がリリースされました
",2026-09-22T02:26:31.375568+00:00,2026-09-22T02:26:32.158Z,2026-09-22T16:43:30Z,gigowat.bsky.social,did:plc:dwecjm5n7fyljcjk3vi7x5oa,0,0,0,0,https://bsky.app/profile/gigowat.bsky.social/post/3mw36g6fc3n2e,Apple iPhone
at://did:plc:guwtiq3rddhntdnckyp3g7bb/app.bsky.feed.post/3mw36rp77tws2,iPhoneの音楽再生デフォルトアプリ、デフォルトアプリなのに定期的に全面広告でApple Musicのサブスクすすめてくるのやめてくれんか？,2026-09-22T02:32:57.701Z,2026-09-22T02:33:03.260Z,2026-09-22T16:43:30Z,papi-gone.omunchu.life.ap.brid.gy,did:plc:guwtiq3rddhntdnckyp3g7bb,0,0,0,0,https://bsky.app/profile/papi-gone.omunchu.life.ap.brid.gy/post/3mw36rp77tws2,Apple iPhone
at://did:plc:dwecjm5n7fyljcjk3vi7x5oa/app.bsky.feed.post/3mw36tvkeaa23,"9to5Mac より

Apple showcases iPhone 18 Pro camera with new ‘What Holds Us’ photography exhibition
Appleは、新しい「私たちを保持する」写真展とiPhone 18 Proカメラを展示
",2026-09-22T02:34:11.821557+00:00,2026-09-22T02:34:12.656Z,2026-09-22T16:43:30Z,gigowat.bsky.social,did:plc:dwecjm5n7fyljcjk3vi7x5oa,0,0,0,0,https://bsky.app/profile/gigowat.bsky.social/post/3mw36tvkeaa23,Apple iPhone
at://did:plc:mhvdm6ujoanyg5lnfvlc24fu/app.bsky.feed.post/3mw376hzron25,iPhone owners included in Apple’s $250 million settlement can begin filing claims,2026-09-22T02:40:06Z,2026-09-22T02:40:08.264Z,2026-09-22T16:43:30Z,fox32chicago.bsky.social,did:plc:mhvdm6ujoanyg5lnfvlc24fu,0,0,0,0,https://bsky.app/profile/fox32chicago.bsky.social/post/3mw376hzron25,Apple iPhone
at://did:plc:gfnye2a24mb7ekvdpy2qx3ye/app.bsky.feed.post/3mw377yz7tk2l,"I wonder how much more money Apple is making from Americans increasing their Mac, iPad and iPhone storage plans for all the great memes we save!!!!",2026-09-22T02:40:58.719Z,2026-09-22T02:40:59.465Z,2026-09-22T16:43:30Z,seasidechic.bsky.social,did:plc:gfnye2a24mb7ekvdpy2qx3ye,1,0,0,0,https://bsky.app/profile/seasidechic.bsky.social/post/3mw377yz7tk2l,Apple iPhone
at://did:plc:fsftz5ue2bvlvkb6zx2bqdnh/app.bsky.feed.post/3mw37djm3ob2b,Remember: We're pretty sure Apple is skipping iPhone 19.,2026-09-22T02:42:56.670137+00:00,2026-09-22T02:42:57.567Z,2026-09-22T16:43:30Z,technology-news.bsky.social,did:plc:fsftz5ue2bvlvkb6zx2bqdnh,1,0,0,0,https://bsky.app/profile/technology-news.bsky.social/post/3mw37djm3ob2b,Apple iPhone
at://did:plc:kz2rkvdoe3pksjl3vidvs4bg/app.bsky.feed.post/3mw37hhlkez2n,"The window is now open for people who purchased certain recent iPhone models to begin filing claims to receive their share of the quarter-billion-dollar settlement fund established in the wake of the class-action lawsuit filed against Apple, accusing the tech giant of false advertising.",2026-09-22T02:45:08Z,2026-09-22T02:45:09.360Z,2026-09-22T16:43:30Z,fox5dc.bsky.social,did:plc:kz2rkvdoe3pksjl3vidvs4bg,1,0,0,0,https://bsky.app/profile/fox5dc.bsky.social/post/3mw37hhlkez2n,Apple iPhone
at://did:plc:6icxbje44gqv5hevnhuamotf/app.bsky.feed.post/3mw37hofs2s2v,"En 2014, Xiaomi logró lo impensable: agotar un móvil en apenas 37 segundos. Lo verdaderamente importante fue lo que omitió www.xatakamovil.com/xiaomi/2014-...",2026-09-22T02:45:16.032Z,2026-09-22T02:45:17.362Z,2026-09-22T16:43:30Z,zerommx.bsky.social,did:plc:6icxbje44gqv5hevnhuamotf,0,0,0,0,https://bsky.app/profile/zerommx.bsky.social/post/3mw37hofs2s2v,Apple iPhone
at://did:plc:7kfk23fqey55vt6cuyahraxn/app.bsky.feed.post/3mw3acbthdc2h,"The window is now open for people who purchased certain recent iPhone models to begin filing claims to receive their share of the quarter-billion-dollar settlement fund established in the wake of the class-action lawsuit filed against Apple, accusing the tech giant of false advertising.",2026-09-22T03:00:08Z,2026-09-22T03:00:09.461Z,2026-09-22T16:43:30Z,fox13seattle.bsky.social,did:plc:7kfk23fqey55vt6cuyahraxn,0,0,0,0,https://bsky.app/profile/fox13seattle.bsky.social/post/3mw3acbthdc2h,Apple iPhone
at://did:plc:x3jgwjzqn6rgzykzjxtpx4hd/app.bsky.feed.post/3mw3adxlkju2i,"🤖 iPhoneに搭載されたApple製AIとチャットする方法、無料アプリで「Apple Foundation Models」のローカル処理能力を試せる

要約:
iOS 27やmacOS 27に搭載されたApple製AIモデル「Apple Foundation Models」のローカル処理能力を無料アプリ「Locally AI」で試すことができます。テキスト生成や画像認識機能を手軽に体験でき、開発者が自作アプリに組み込む際の参考にもなります。",2026-09-22T03:01:04Z,2026-09-22T03:01:05.261Z,2026-09-22T16:43:30Z,ai-bs-bot.bsky.social,did:plc:x3jgwjzqn6rgzykzjxtpx4hd,0,0,0,0,https://bsky.app/profile/ai-bs-bot.bsky.social/post/3mw3adxlkju2i,Apple iPhone
at://did:plc:x3jgwjzqn6rgzykzjxtpx4hd/app.bsky.feed.post/3mw3adz2jgh2x,"🤖 The Circuit：Apple幹部が語るAppleシリコンの真実 | NEWS | Mac OTAKARA

要約:
Appleシリコンの技術革新に焦点を当てた記事で、最新の2ナノメートルプロセスを採用したチップによる電力効率の向上や熱管理の最適化、デュアルNeural Engineの実現などが詳しく説明されています。これらの技術革新は、iPhoneやMacにおける高度なAI機能やカメラ性能、持続的なゲーミング体験の基盤となっています。また、ハードウェアレベルで組み込まれたSecure Enclaveなどの設計が、ユーザーのプライバシー保護と高性能な演算を両立させている点も強調さ...",2026-09-22T03:01:06Z,2026-09-22T03:01:06.867Z,2026-09-22T16:43:30Z,ai-bs-bot.bsky.social,did:plc:x3jgwjzqn6rgzykzjxtpx4hd,0,0,0,0,https://bsky.app/profile/ai-bs-bot.bsky.social/post/3mw3adz2jgh2x,Apple iPhone
at://did:plc:vrcsr5hdv3bsi47jqbtjmsxi/app.bsky.feed.post/3mw3ayuaczd2e,"Acer Prime 3 in 1 Charging Station for Apple - Magnetic iPhone Wireless Charging Station, Magsafe Charger Stand for iPhone (Charger & USB-C Included) only $39.98 (Reg $59.99)
https://www.amazon.com/gp/product/B0F1CRLQPN?smid=&th=1&linkCode=ll2&tag=bluesky0d2-20",2026-09-22T03:12:44.981872Z,2026-09-22T03:12:46.857Z,2026-09-22T16:43:30Z,glitchdeals.bsky.social,did:plc:vrcsr5hdv3bsi47jqbtjmsxi,0,0,0,0,https://bsky.app/profile/glitchdeals.bsky.social/post/3mw3ayuaczd2e,Apple iPhone
at://did:plc:bbiuovrkbsbjrdehtqxagczh/app.bsky.feed.post/3mw3byoooas2j,"These people then went on to ruin the world.

Also that cabinet is amazing.",2026-09-22T03:30:34.231Z,2026-09-22T03:30:35.664Z,2026-09-22T16:43:30Z,matthewoliphant.com,did:plc:bbiuovrkbsbjrdehtqxagczh,1,0,0,0,https://bsky.app/profile/matthewoliphant.com/post/3mw3byoooas2j,Apple iPhone
at://did:plc:o3gsvvpo4nbtnpw3kffl4p7z/app.bsky.feed.post/3mw3c6jzbfk2v,macOS 27 Golden Gateでは、iPhoneミラーリングを利用し特定のアプリをiPhone DuoのようにリサイズしてMac上に表示することが可能に。 | AAPL Ch. applech2.com/archives/mac...,2026-09-22T03:33:50.663Z,2026-09-22T03:33:52.560Z,2026-09-22T16:43:30Z,sakak.bsky.social,did:plc:o3gsvvpo4nbtnpw3kffl4p7z,0,0,0,0,https://bsky.app/profile/sakak.bsky.social/post/3mw3c6jzbfk2v,Apple iPhone
at://did:plc:jsvjaiqrrit3ozkvyqas6uds/app.bsky.feed.post/3mw3csp3tlp2r,"The window is now open for people who purchased certain recent iPhone models to begin filing claims to receive their share of the quarter-billion-dollar settlement fund established in the wake of the class-action lawsuit filed against Apple, accusing the tech giant of false advertising.",2026-09-22T03:45:07Z,2026-09-22T03:45:08.059Z,2026-09-22T16:43:30Z,fox2detroit.bsky.social,did:plc:jsvjaiqrrit3ozkvyqas6uds,0,0,0,0,https://bsky.app/profile/fox2detroit.bsky.social/post/3mw3csp3tlp2r,Apple iPhone
at://did:plc:7soxm6ggjw5rwiybovutp5tr/app.bsky.feed.post/3mw3d4cj6uz2o,Apple iPhone 18 Pro: Probleme mit Face ID häufen sich,2026-09-22T03:50:28Z,2026-09-22T03:50:29.961Z,2026-09-22T16:43:30Z,mobiflip.de,did:plc:7soxm6ggjw5rwiybovutp5tr,0,0,0,0,https://bsky.app/profile/mobiflip.de/post/3mw3d4cj6uz2o,Apple iPhone
at://did:plc:x7y6m7jvkc23hsxstr3nlrgj/app.bsky.feed.post/3mw3h6khct6v2,,2026-09-22T03:56:03.000Z,2026-09-22T05:03:27.063Z,2026-09-22T16:43:30Z,handle.invalid,did:plc:x7y6m7jvkc23hsxstr3nlrgj,0,0,0,0,https://bsky.app/profile/handle.invalid/post/3mw3h6khct6v2,Apple iPhone
at://did:plc:ksypn6kbrlwppsfny6ksos2x/app.bsky.feed.post/3mw3eqh6o6hs2,,2026-09-22T04:00:00.000Z,2026-09-22T04:19:44.559Z,2026-09-22T16:43:30Z,tomsguide.com.web.brid.gy,did:plc:ksypn6kbrlwppsfny6ksos2x,0,0,0,0,https://bsky.app/profile/tomsguide.com.web.brid.gy/post/3mw3eqh6o6hs2,Apple iPhone
at://did:plc:thgj2ylmicdol6loa6ui7nar/app.bsky.feed.post/3mw3dom6jux2o,【新商品】iPhone 18 Pro対応の強化ガラス保護フィルムや充電アクセサリーなどBelkinより発売: ベルキン株式会社は、iPhone 18 Proシリーズに対応するアクセサリーコレクションを発表しています。保護ケース、強化ガラス保護フィルム、GaN充電器、マグネット式モバイルバッテリー、3-in-1ワイヤレス充電ドック […] #新商品 #AirPods #Amazon #Apple #AppleWatch,2026-09-22T04:00:43Z,2026-09-22T04:00:44.257Z,2026-09-22T16:43:30Z,kcehccom.bsky.social,did:plc:thgj2ylmicdol6loa6ui7nar,0,0,0,0,https://bsky.app/profile/kcehccom.bsky.social/post/3mw3dom6jux2o,Apple iPhone
at://did:plc:4d726pbkwqdkmojkwhyhzsoy/app.bsky.feed.post/3mw3dowu5ph2h,"Die Fotos-App von iPhone, iPad und Mac kann neuerdings Bilder erweitern (Outpainting) und die Perspektive verändern. Das ist ein echtes Dilemma: Einerseits ist das im Alltag enorm praktisch. Andererseits bergen diese KI-Bearbeitungen ein riesiges Betrugs- und Blamage-Potenzial. #clickomaniach",2026-09-22T04:00:52Z,2026-09-22T04:00:55.457Z,2026-09-22T16:43:30Z,handle.invalid,did:plc:4d726pbkwqdkmojkwhyhzsoy,0,0,0,0,https://bsky.app/profile/handle.invalid/post/3mw3dowu5ph2h,Apple iPhone
at://did:plc:kwjrzmhejkkmh7nzh6vyvumn/app.bsky.feed.post/3mw3dqy7ihg2d,"2/ See What Eats Space

Before deleting anything, check the per-app list. Apple puts its own optimization recommendations on the same screen.

Go to: Settings → General → iPhone Storage",2026-09-22T04:02:03.148Z,2026-09-22T04:02:03.360Z,2026-09-22T16:43:30Z,ai-prompts.bsky.social,did:plc:kwjrzmhejkkmh7nzh6vyvumn,0,0,1,0,https://bsky.app/profile/ai-prompts.bsky.social/post/3mw3dqy7ihg2d,Apple iPhone
at://did:plc:nt6hhsj2ip7bir5srdw4qok7/app.bsky.feed.post/3mw3dvqn4cd2s,,2026-09-22T04:04:43Z,2026-09-22T04:04:43.863Z,2026-09-22T16:43:30Z,apfeltalk.de,did:plc:nt6hhsj2ip7bir5srdw4qok7,0,0,0,0,https://bsky.app/profile/apfeltalk.de/post/3mw3dvqn4cd2s,Apple iPhone
at://did:plc:474viri76zzrnt26u3kzpocr/app.bsky.feed.post/3mw3eeqcf7r2i,"Apple has started using QLC NAND extensively in the 1TB and 2TB versions of the iPhone 18 Pro series. The problem is simple: compared with TLC, QLC is a storage technology that prioritizes higher density and lower cost. (2/11)",2026-09-22T04:06:57.000Z,2026-09-22T04:13:06.157Z,2026-09-22T16:43:30Z,iceuniverse-x.bsky.social,did:plc:474viri76zzrnt26u3kzpocr,0,0,1,0,https://bsky.app/profile/iceuniverse-x.bsky.social/post/3mw3eeqcf7r2i,Apple iPhone
at://did:plc:dwecjm5n7fyljcjk3vi7x5oa/app.bsky.feed.post/3mw3e6xmnlx2e,"9to5Mac より

Apple Music in iOS 27: Five new features just added for iPhone
Apple Music in iOS 27: iPhoneに新たに追加された5つの新機能
",2026-09-22T04:09:51.909803+00:00,2026-09-22T04:09:52.461Z,2026-09-22T16:43:30Z,gigowat.bsky.social,did:plc:dwecjm5n7fyljcjk3vi7x5oa,0,0,0,0,https://bsky.app/profile/gigowat.bsky.social/post/3mw3e6xmnlx2e,Apple iPhone
at://did:plc:e7uqplbts44gccjyhn4fdvzk/app.bsky.feed.post/3mw3emyoacb2a,Update! IPhone 18 Pro https://kimagurenote.net/kn/IPhone_18_Pro - /* Face ID */ 画面内に埋め込まれたFaceIDカメラに干渉する保護フィルムがあり、メーカーが回収する事態になっている。Face ID が嫌という理由で iPhone SE を使い続けている人も散見されるが、iPhoneも指紋認証を選べるようにしたらいいのにと思う,2026-09-22T04:17:40.000000Z,2026-09-22T04:17:43.961Z,2026-09-22T16:43:30Z,kimagurenote.net,did:plc:e7uqplbts44gccjyhn4fdvzk,0,0,0,0,https://bsky.app/profile/kimagurenote.net/post/3mw3emyoacb2a,Apple iPhone
at://did:plc:dwecjm5n7fyljcjk3vi7x5oa/app.bsky.feed.post/3mw3f5aoulz2t,"9to5Mac より

Here are all of Apple’s official accessories for iPhone 18 Pro, Apple Watch Series 12, more
ここでは、iPhone 18 Pro、Apple Watch Series 12、その他のAppleの公式アクセサリーのすべてです。
",2026-09-22T04:26:47.993968+00:00,2026-09-22T04:26:48.768Z,2026-09-22T16:43:30Z,gigowat.bsky.social,did:plc:dwecjm5n7fyljcjk3vi7x5oa,0,0,0,0,https://bsky.app/profile/gigowat.bsky.social/post/3mw3f5aoulz2t,Apple iPhone
at://did:plc:dwecjm5n7fyljcjk3vi7x5oa/app.bsky.feed.post/3mw3ffpoytj2k,"9to5Mac より

Apple Intelligence now requires almost double the iPhone storage on latest models
アップルインテリジェンスは、最新モデルのiPhoneストレージのほぼ2倍を必要としています
",2026-09-22T04:31:32.231499+00:00,2026-09-22T04:31:32.863Z,2026-09-22T16:43:30Z,gigowat.bsky.social,did:plc:dwecjm5n7fyljcjk3vi7x5oa,0,0,0,0,https://bsky.app/profile/gigowat.bsky.social/post/3mw3ffpoytj2k,Apple iPhone
at://did:plc:fdnsnknu5i6af4ccf32r5qf7/app.bsky.feed.post/3mw3fn427rs24,"iPhoneのカメラで撮ったファイルの保存形式はHEIFですが、これは、知的財産権で守られた性能の高い仕組みを積極的に利用しようという、いかにもAppleらしいやり方です。
ただ、FireWire（IEEE 1394）の時もそうですが、ライセンス料がゆえに原価を下げられず、知的財産権の縛りがない／緩い後発（この場合はUSB）に市場を奪われてしまうことがないよう願いたいものです。メディアのコンバートという、コンシューマに無駄な労力を強いることになるので😅",2026-09-22T04:35:40.556Z,2026-09-22T04:35:39.763Z,2026-09-22T16:43:30Z,pahoo.org,did:plc:fdnsnknu5i6af4ccf32r5qf7,1,0,0,0,https://bsky.app/profile/pahoo.org/post/3mw3fn427rs24,Apple iPhone
at://did:plc:hmtbe2a5xzwqxhqtfgyfmcwa/app.bsky.feed.post/3mw3fvy6auj2t,"25W[Apple MFi Certified] Magnetic Wireless Charger iPhone Charger… → now $9.99, 74% off
https://www.amazon.com/dp/B0G46L1NZC?tag=birdxdeal-20 #25wapple #mfi",2026-09-22T04:40:37Z,2026-09-22T04:40:38.561Z,2026-09-22T16:43:30Z,birdxdealss.bsky.social,did:plc:hmtbe2a5xzwqxhqtfgyfmcwa,0,0,0,0,https://bsky.app/profile/birdxdealss.bsky.social/post/3mw3fvy6auj2t,Apple iPhone
at://did:plc:cxeoay4fze3plflx7hf52rst/app.bsky.feed.post/3mw3g3yeyxw22,"🧠 iPhone owners can now submit claims to receive compensation from Apple's $250 million settlement related to Siri privacy practices. The claims process allows eligible users to…

💬 Hacker News
🔗 https://www.theverge.com/tech/998191/apple-siri-ai-iphone-16-class-action-lawsuit-settlement

#AI #tech",2026-09-22T04:43:59.982151+00:00,2026-09-22T04:44:20.883Z,2026-09-22T16:43:30Z,beyondthecode.bsky.social,did:plc:cxeoay4fze3plflx7hf52rst,0,0,0,0,https://bsky.app/profile/beyondthecode.bsky.social/post/3mw3g3yeyxw22,Apple iPhone
at://did:plc:5atysk2a6gnwzsuio6y3hmlv/app.bsky.feed.post/3mw3g52ofjk2c,are apple watches worth it? basically all i want to do is track my step count and have it tell my iphone,2026-09-22T04:44:35.989Z,2026-09-22T04:44:36.658Z,2026-09-22T16:43:30Z,holoswift.swifties.social,did:plc:5atysk2a6gnwzsuio6y3hmlv,0,0,3,0,https://bsky.app/profile/holoswift.swifties.social/post/3mw3g52ofjk2c,Apple iPhone
at://did:plc:dwecjm5n7fyljcjk3vi7x5oa/app.bsky.feed.post/3mw3gh4qtw42c,"9to5Mac より

iPhone 18 Pro, Apple Watch Series 12 and Ultra 4, AirPods 5 now available in stores
iPhone 18 Pro, Apple Watch Series 12 and Ultra 4, AirPods 5が店舗で販売開始
",2026-09-22T04:50:13.169585+00:00,2026-09-22T04:50:13.958Z,2026-09-22T16:43:30Z,gigowat.bsky.social,did:plc:dwecjm5n7fyljcjk3vi7x5oa,0,0,0,0,https://bsky.app/profile/gigowat.bsky.social/post/3mw3gh4qtw42c,Apple iPhone
at://did:plc:dwecjm5n7fyljcjk3vi7x5oa/app.bsky.feed.post/3mw3gohbw4k2m,"9to5Mac より

Here’s why Apple scrapped its shorter Apple Pencil designed for iPhone Duo: report
AppleがiPhone Duo向けに設計した短いAppleペンシルを廃止した理由:レポート
",2026-09-22T04:54:19.024558+00:00,2026-09-22T04:54:19.865Z,2026-09-22T16:43:30Z,gigowat.bsky.social,did:plc:dwecjm5n7fyljcjk3vi7x5oa,0,0,0,0,https://bsky.app/profile/gigowat.bsky.social/post/3mw3gohbw4k2m,Apple iPhone
at://did:plc:4w5gvggjpwm624gjwlwwd2kt/app.bsky.feed.post/3mw3h2cb32322,Apple is developing an iPhone feature that could automatically lock it when snatched www.theapplepost.com/2026/09/22/7...,2026-09-22T05:00:56.203Z,2026-09-22T05:00:57.259Z,2026-09-22T16:43:30Z,theapplepost.com,did:plc:4w5gvggjpwm624gjwlwwd2kt,0,0,0,0,https://bsky.app/profile/theapplepost.com/post/3mw3h2cb32322,Apple iPhone
at://did:plc:czkrwlz7vybwv4fgqokfzlkw/app.bsky.feed.post/3mw43zqhxke22,,2026-09-22T05:02:00.000Z,2026-09-22T11:16:35.458Z,2026-09-22T16:43:30Z,tudocelular.com.web.brid.gy,did:plc:czkrwlz7vybwv4fgqokfzlkw,0,0,0,0,https://bsky.app/profile/tudocelular.com.web.brid.gy/post/3mw43zqhxke22,Apple iPhone
at://did:plc:f7pexxyt5pjzznauadacsw7z/app.bsky.feed.post/3mw3hb7r2pg2t,,2026-09-22T05:04:49Z,2026-09-22T05:04:50.161Z,2026-09-22T16:43:30Z,itmagazine.bsky.social,did:plc:f7pexxyt5pjzznauadacsw7z,0,0,0,0,https://bsky.app/profile/itmagazine.bsky.social/post/3mw3hb7r2pg2t,Apple iPhone
at://did:plc:ujuit2bewatz6cjp6ofeux3m/app.bsky.feed.post/3mw3hf72saw2c,,2026-09-22T05:07:00+00:00,2026-09-22T05:07:05.675Z,2026-09-22T16:43:30Z,schmidtisblog.bsky.social,did:plc:ujuit2bewatz6cjp6ofeux3m,0,0,0,0,https://bsky.app/profile/schmidtisblog.bsky.social/post/3mw3hf72saw2c,Apple iPhone
at://did:plc:v7nvkhezqq33xrcgasafhbw4/app.bsky.feed.post/3mw3hf7ze3m2i,"iOS 27.2 Beta 2 Yayımlandı: iPhone’lara Gelecek Yeni Özellikler

Apple, yeni iOS sürümü iOS 27’yi geçtiğimiz hafta yayımladıktan sonra bu sürümün ilerleyen haftalarda gelecek güncellemesi iOS 27.2’nin ilk betasını da yayımlamıştı. Şimdi ise şirket, geliştiriciler için iOS 27.2’nin ikinci betasını…",2026-09-22T05:07:02Z,2026-09-22T05:07:05.170Z,2026-09-22T16:43:30Z,ercanceviz.bsky.social,did:plc:v7nvkhezqq33xrcgasafhbw4,0,0,0,0,https://bsky.app/profile/ercanceviz.bsky.social/post/3mw3hf7ze3m2i,Apple iPhone
at://did:plc:s7m4ydgxv6csx3bzbii2aphe/app.bsky.feed.post/3mw42zazhhue2,,2026-09-22T05:08:23.000Z,2026-09-22T10:58:20.660Z,2026-09-22T16:43:30Z,tuaw.com.web.brid.gy,did:plc:s7m4ydgxv6csx3bzbii2aphe,0,0,0,0,https://bsky.app/profile/tuaw.com.web.brid.gy/post/3mw42zazhhue2,Apple iPhone
at://did:plc:r2fq2x5fgndqcegzcgs7mt2w/app.bsky.feed.post/3mw3hicikt22q,"到着予想は9/26位だったけど、先ほど発送された！明日には届く！！
明日明後日でセットアップかな
#Apple #iPhone18ProMax #iPhone",2026-09-22T05:08:47.020Z,2026-09-22T05:08:49.663Z,2026-09-22T16:43:30Z,bonggrit.bsky.social,did:plc:r2fq2x5fgndqcegzcgs7mt2w,0,0,0,0,https://bsky.app/profile/bonggrit.bsky.social/post/3mw3hicikt22q,Apple iPhone
at://did:plc:dwecjm5n7fyljcjk3vi7x5oa/app.bsky.feed.post/3mw3honcxwv2c,"9to5Mac より

Five ways that the new Siri AI is frustrating iPhone and Apple Watch users
新しいSiri AIがiPhoneとApple Watchユーザーに不満を与える5つの方法
",2026-09-22T05:12:19.185343+00:00,2026-09-22T05:12:19.958Z,2026-09-22T16:43:30Z,gigowat.bsky.social,did:plc:dwecjm5n7fyljcjk3vi7x5oa,0,0,0,0,https://bsky.app/profile/gigowat.bsky.social/post/3mw3honcxwv2c,Apple iPhone
at://did:plc:cdp7jsmylt6uoc72pt24lc4e/app.bsky.feed.post/3mw3hvoecuh23,"Apple sender iOS 27.2 beta 2 ud til udviklere med build 24B5089g

Apple har sendt iOS 27.2 beta 2 til udviklere med build 24B5089g. Den største praktiske pointe for iPhone-brugere er, at Apple endnu…

Læs mere: https://fw.ms/weloveapple-news-bluesky-530935-apple-sender-ios-27-2-beta-2-ud-u2heh4",2026-09-22T05:16:15.554Z,2026-09-22T05:16:16.657Z,2026-09-22T16:43:30Z,weloveappledk.bsky.social,did:plc:cdp7jsmylt6uoc72pt24lc4e,0,0,0,0,https://bsky.app/profile/weloveappledk.bsky.social/post/3mw3hvoecuh23,Apple iPhone
at://did:plc:nho2vsjylpqxuynxuskohvxp/app.bsky.feed.post/3mw3hw322ws2d,"📱 iPhone 11 Pro Max: rendimiento real, pros, contras y consejos de compra. ¿Merece la pena hoy? 👇
aplicacionmovil.net/iphone-11-pr...
#iPhone #Apple #Tech",2026-09-22T05:16:28.976Z,2026-09-22T05:16:30.063Z,2026-09-22T16:43:30Z,xtechai.bsky.social,did:plc:nho2vsjylpqxuynxuskohvxp,0,0,0,0,https://bsky.app/profile/xtechai.bsky.social/post/3mw3hw322ws2d,Apple iPhone
at://did:plc:7soxm6ggjw5rwiybovutp5tr/app.bsky.feed.post/3mw3hwlr7vx2y,iOS 27: Apple streicht neue Kamera-Funktion für ältere iPhones,2026-09-22T05:16:45Z,2026-09-22T05:16:47.265Z,2026-09-22T16:43:30Z,mobiflip.de,did:plc:7soxm6ggjw5rwiybovutp5tr,0,0,0,0,https://bsky.app/profile/mobiflip.de/post/3mw3hwlr7vx2y,Apple iPhone
at://did:plc:njrh5n5btdob77u6tbjiyf6m/app.bsky.feed.post/3mw3i76pocz2p,iPhone Air（eSIMしか使えないゴミ）、29万4800円に… 円安にしてくれてありがとう🦎,2026-09-22T05:21:34.743556+00:00,2026-09-22T05:21:35.463Z,2026-09-22T16:43:30Z,mng5ch.bsky.social,did:plc:njrh5n5btdob77u6tbjiyf6m,7,0,0,0,https://bsky.app/profile/mng5ch.bsky.social/post/3mw3i76pocz2p,Apple iPhone
at://did:plc:7pdka2yoj3bl72r4d45snuna/app.bsky.feed.post/3mw3ib2kxb62k,,2026-09-22T05:22:37Z,2026-09-22T05:22:38.360Z,2026-09-22T16:43:30Z,macg.co,did:plc:7pdka2yoj3bl72r4d45snuna,0,0,0,0,https://bsky.app/profile/macg.co/post/3mw3ib2kxb62k,Apple iPhone
at://did:plc:lmwcopv72vddqhyu26r4tsr4/app.bsky.feed.post/3mw3ikvdhcw27,,2026-09-22T05:28:07Z,2026-09-22T05:28:08.565Z,2026-09-22T16:43:30Z,ifun-news.bsky.social,did:plc:lmwcopv72vddqhyu26r4tsr4,0,0,0,0,https://bsky.app/profile/ifun-news.bsky.social/post/3mw3ikvdhcw27,Apple iPhone
at://did:plc:popl452z2lbsvkx4rsgywvlr/app.bsky.feed.post/3mw3iogkn732b,,2026-09-22T05:29:13+00:00,2026-09-22T05:30:07.761Z,2026-09-22T16:43:30Z,elchapuzasinformatico.com,did:plc:popl452z2lbsvkx4rsgywvlr,0,0,0,0,https://bsky.app/profile/elchapuzasinformatico.com/post/3mw3iogkn732b,Apple iPhone
at://did:plc:mpov2hf6getj6xny3tlf7wvm/app.bsky.feed.post/3mw3jkps4iuy2,,2026-09-22T05:29:13.000Z,2026-09-22T05:46:04.557Z,2026-09-22T16:43:30Z,elchapuzasinformatico.com.web.brid.gy,did:plc:mpov2hf6getj6xny3tlf7wvm,0,0,0,0,https://bsky.app/profile/elchapuzasinformatico.com.web.brid.gy/post/3mw3jkps4iuy2,Apple iPhone
at://did:plc:52dixbyyk4msf77gdtgdm63c/app.bsky.feed.post/3mw3iuqxjm22f,Updated Post: 前回のバンドよりパーツが減ってシンプルになった MOFT Apple Watch用マグネット式シリコンバンド Active装着レビュー,2026-09-22T05:33:37.647Z,2026-09-22T05:33:39.356Z,2026-09-22T16:43:30Z,favlife.bsky.social,did:plc:52dixbyyk4msf77gdtgdm63c,0,0,0,0,https://bsky.app/profile/favlife.bsky.social/post/3mw3iuqxjm22f,Apple iPhone
at://did:plc:v7nvkhezqq33xrcgasafhbw4/app.bsky.feed.post/3mw3iwr2oi52l,"iOS 27 Geçenler Dikkat: Sürüm Düşürmek Artık Mümkün Değil

Apple, iOS 26.6.2 imzalama desteğini sonlandırdı. Artık iPhone kullanıcıları iOS 27'den eski sürümlere dönüş yapamıyor. Detaylar haberimizde.",2026-09-22T05:34:44Z,2026-09-22T05:34:45.965Z,2026-09-22T16:43:30Z,ercanceviz.bsky.social,did:plc:v7nvkhezqq33xrcgasafhbw4,0,0,0,0,https://bsky.app/profile/ercanceviz.bsky.social/post/3mw3iwr2oi52l,Apple iPhone
at://did:plc:vq4ilt5a37mnj46lscqltftp/app.bsky.feed.post/3mw3ixkd3xl2h,"Apple settling Siri AI delay lawsuit for $250M! 🍎 US iPhone users eligible for $25-$95 compensation. File claims Sept 21 - Dec 21, 2026. iPhone purchased in US between June 10, 2024 - March 29, 2025, not for resale.",2026-09-22T05:35:12.188219+00:00,2026-09-22T05:35:12.459Z,2026-09-22T16:43:30Z,techimo.bsky.social,did:plc:vq4ilt5a37mnj46lscqltftp,1,0,0,0,https://bsky.app/profile/techimo.bsky.social/post/3mw3ixkd3xl2h,Apple iPhone
at://did:plc:jgpukyfuonvlwdptqjmeff3p/app.bsky.feed.post/3mw4o2v3zru22,,2026-09-22T05:40:00.000Z,2026-09-22T16:39:18.972Z,2026-09-22T16:43:30Z,gazlog.com.web.brid.gy,did:plc:jgpukyfuonvlwdptqjmeff3p,0,0,0,0,https://bsky.app/profile/gazlog.com.web.brid.gy/post/3mw4o2v3zru22,Apple iPhone
at://did:plc:4sfblfe56ajtkh65pzh3ct4y/app.bsky.feed.post/3mw3jldetrz2x,"Un iPhone tout en écran, sans la moindre bordure ni bouton apparent : Apple pousserait le concept jusqu'au bout pour son 20e anniversaire 📱 On vous détaille à quoi ressemblerait ce design. #iPhone20Pro https://www.1001web.fr/iphone-20-pro-ecran-incurve-189512.html",2026-09-22T05:46:15.686368Z,2026-09-22T05:46:16.259Z,2026-09-22T16:43:30Z,1001web.bsky.social,did:plc:4sfblfe56ajtkh65pzh3ct4y,0,0,0,0,https://bsky.app/profile/1001web.bsky.social/post/3mw3jldetrz2x,Apple iPhone
at://did:plc:utvok47j7mgksycien576au5/app.bsky.feed.post/3mw3jwuhucc2l,Det kom med iOS 13 macmost.com/using-the-ne...,2026-09-22T05:52:43.123Z,2026-09-22T05:52:44.564Z,2026-09-22T16:43:30Z,michaeldk.eurosky.social,did:plc:utvok47j7mgksycien576au5,0,0,0,0,https://bsky.app/profile/michaeldk.eurosky.social/post/3mw3jwuhucc2l,Apple iPhone
at://did:plc:f4zd4xisqekm67uxze3rbpdp/app.bsky.feed.post/3mw3jxj2hik2o,"IPTV uses internet-based communication to transport digital audiovisual content. At the source, television programming is captured and converted into a digital format. It can then be encoded, managed by servers, and distributed. To get more information visit #danskiptv danskiptv.com",2026-09-22T05:53:04.707Z,2026-09-22T05:53:07.562Z,2026-09-22T16:43:30Z,jordanbinnington9.bsky.social,did:plc:f4zd4xisqekm67uxze3rbpdp,0,0,0,0,https://bsky.app/profile/jordanbinnington9.bsky.social/post/3mw3jxj2hik2o,Apple iPhone
at://did:plc:cgolxbk7btbtqqgdvhrc763k/app.bsky.feed.post/3mw3ka522t22o,"Selecting an internet-based television service requires more than checking available programming. Viewers should consider reliability, technical performance, usability, compatibility, and support before committing to a platform. Click here to know more about #iptvnordic danskiptv.com",2026-09-22T05:57:54.100Z,2026-09-22T05:57:56.559Z,2026-09-22T16:43:30Z,dalehawerchuk.bsky.social,did:plc:cgolxbk7btbtqqgdvhrc763k,0,0,0,0,https://bsky.app/profile/dalehawerchuk.bsky.social/post/3mw3ka522t22o,Apple iPhone
at://did:plc:utqzmatjcjp6xcbx464evunu/app.bsky.feed.post/3mw3lablubhg2,,2026-09-22T06:00:00.000Z,2026-09-22T06:16:16.465Z,2026-09-22T16:43:30Z,maclife.de.web.brid.gy,did:plc:utqzmatjcjp6xcbx464evunu,0,0,0,0,https://bsky.app/profile/maclife.de.web.brid.gy/post/3mw3lablubhg2,Apple iPhone
at://did:plc:rc5fi4rab7a4w5vydsdrrohj/app.bsky.feed.post/3mw3ke4nssi2y,"A smaller Dynamic Island-style cutout is also reportedly being tested.

If these leaks hold up, Apple’s 20th-anniversary iPhone could be one of its biggest design changes since the iPhone X.

But there’s still a long road to 2027 — and these are early leaks, not confirmed specs.

#iPhone20 #Apple",2026-09-22T06:00:07.881Z,2026-09-22T06:00:07.989Z,2026-09-22T16:43:30Z,crumbd.com,did:plc:rc5fi4rab7a4w5vydsdrrohj,0,0,0,0,https://bsky.app/profile/crumbd.com/post/3mw3ke4nssi2y,Apple iPhone
at://did:plc:vnnu5hidkikugiiyszwkxzyq/app.bsky.feed.post/3mw3kgfxdjv2d,iPhone owners included in Apple’s $250 million settlement can begin filing claims,2026-09-22T06:00:15Z,2026-09-22T06:01:25.559Z,2026-09-22T16:43:30Z,fox35orlando.bsky.social,did:plc:vnnu5hidkikugiiyszwkxzyq,0,0,0,0,https://bsky.app/profile/fox35orlando.bsky.social/post/3mw3kgfxdjv2d,Apple iPhone
at://did:plc:nt6hhsj2ip7bir5srdw4qok7/app.bsky.feed.post/3mw3kgf4yfp2w,,2026-09-22T06:01:23Z,2026-09-22T06:01:24.265Z,2026-09-22T16:43:30Z,apfeltalk.de,did:plc:nt6hhsj2ip7bir5srdw4qok7,0,0,0,0,https://bsky.app/profile/apfeltalk.de/post/3mw3kgf4yfp2w,Apple iPhone
at://did:plc:pxwnibflohvprne5qrjthokl/app.bsky.feed.post/3mw3kmfkr3n23,"iPhone 18 Pro Max tackles battery transport issues! Apple limits battery capacity to <20 Wh during shipping due to international regs. Once activated, full capacity unlocks. For repairs, ""Prepare for Transportation"" feature re-limits it. (Via Sina News)",2026-09-22T06:04:45.543044+00:00,2026-09-22T06:04:45.857Z,2026-09-22T16:43:30Z,apple-adepts.bsky.social,did:plc:pxwnibflohvprne5qrjthokl,1,0,0,0,https://bsky.app/profile/apple-adepts.bsky.social/post/3mw3kmfkr3n23,Apple iPhone
at://did:plc:uoshhpyjd42oki3lcmjnwems/app.bsky.feed.post/3mw3kpatk3f2v,"Apple macht ernst: Der Rückweg von #iOS27 auf ältere Versionen ist dicht. Wer das Update auf seinem #iPhone installiert hat, kann ab sofort kein Downgrade auf iOS 26 mehr durchführen.",2026-09-22T06:06:21.253Z,2026-09-22T06:06:21.758Z,2026-09-22T16:43:30Z,winfuture.de,did:plc:uoshhpyjd42oki3lcmjnwems,0,0,0,0,https://bsky.app/profile/winfuture.de/post/3mw3kpatk3f2v,Apple iPhone
at://did:plc:lroelm2gtwcr3rgjztmibruo/app.bsky.feed.post/3mw3kruwt5c2y,"Not the first time Apple limited features to newer iPhones

iPhone 2G and iPhone 3G got iPhone OS 3 (before renamed to iOS) didn't get the option to show the battery percentage in status bar, only exclusive to the iPhone 3GS

Until iPod Touch 7th gen, there's no option to show the battery percentage",2026-09-22T06:07:49.585Z,2026-09-22T06:07:51.163Z,2026-09-22T16:43:30Z,bobpony.com,did:plc:lroelm2gtwcr3rgjztmibruo,20,2,0,0,https://bsky.app/profile/bobpony.com/post/3mw3kruwt5c2y,Apple iPhone
at://did:plc:ujuit2bewatz6cjp6ofeux3m/app.bsky.feed.post/3mw3ksb3i6q2t,,2026-09-22T06:08:00+00:00,2026-09-22T06:08:05.158Z,2026-09-22T16:43:30Z,schmidtisblog.bsky.social,did:plc:ujuit2bewatz6cjp6ofeux3m,0,0,0,0,https://bsky.app/profile/schmidtisblog.bsky.social/post/3mw3ksb3i6q2t,Apple iPhone
at://did:plc:czkrwlz7vybwv4fgqokfzlkw/app.bsky.feed.post/3mw43yjbwvmf2,,2026-09-22T06:08:00.000Z,2026-09-22T11:15:50.163Z,2026-09-22T16:43:30Z,tudocelular.com.web.brid.gy,did:plc:czkrwlz7vybwv4fgqokfzlkw,0,0,0,0,https://bsky.app/profile/tudocelular.com.web.brid.gy/post/3mw43yjbwvmf2,Apple iPhone
at://did:plc:nho2vsjylpqxuynxuskohvxp/app.bsky.feed.post/3mw3kwt65j22g,"📲 iOS 26.1: cómo actualizar sin problemas y optimizar tu iPhone. Guía práctica 👇
aplicacionmovil.net/ios-26-1-gui...
#iOS #Apple",2026-09-22T06:10:35.501Z,2026-09-22T06:10:35.864Z,2026-09-22T16:43:30Z,xtechai.bsky.social,did:plc:nho2vsjylpqxuynxuskohvxp,0,0,0,0,https://bsky.app/profile/xtechai.bsky.social/post/3mw3kwt65j22g,Apple iPhone
at://did:plc:mqyjzq64pdtyeyqsaazj3vep/app.bsky.feed.post/3mw3kxiib4p2w,"The iPhone 18 Pro’s fancy variable aperture camera is incredibly hard to repair

Apple&#8217;s variable aperture might capture better photos, but is near impossible to fix if it...

🔗 https://www.madshrimps.be/news/the-iphone-18-pros-fancy-variable-aperture-camera-is-incredibly-hard-to-repair/",2026-09-22T06:10:57.692460+00:00,2026-09-22T06:10:58.157Z,2026-09-22T16:43:30Z,madshrimps.be,did:plc:mqyjzq64pdtyeyqsaazj3vep,0,0,0,0,https://bsky.app/profile/madshrimps.be/post/3mw3kxiib4p2w,Apple iPhone
at://did:plc:2e4bpotb3wcniy643vo6xg57/app.bsky.feed.post/3mw3kzssj5k2m,"Por qué Apple lanzó el iPhone Duo a pesar de que los teléfonos plegables tiene poco éxito
Actualmente los celulares plegables representan menos del 2% del mercado global
www.infobae.com/tecno/2026/0...",2026-09-22T06:12:15.783Z,2026-09-22T06:12:17.558Z,2026-09-22T16:43:30Z,mazdigitaldiario.bsky.social,did:plc:2e4bpotb3wcniy643vo6xg57,0,0,0,0,https://bsky.app/profile/mazdigitaldiario.bsky.social/post/3mw3kzssj5k2m,Apple iPhone
at://did:plc:4lwh2iz3jjex36udrlb4ocsi/app.bsky.feed.post/3mw3l6w37yo2d,"The window is now open for people who purchased certain recent iPhone models to begin filing claims to receive their share of the quarter-billion-dollar settlement fund established in the wake of the class-action lawsuit filed against Apple, accusing the tech giant of false advertising.",2026-09-22T06:15:06Z,2026-09-22T06:15:07.464Z,2026-09-22T16:43:30Z,fox9mn.bsky.social,did:plc:4lwh2iz3jjex36udrlb4ocsi,2,0,1,0,https://bsky.app/profile/fox9mn.bsky.social/post/3mw3l6w37yo2d,Apple iPhone
at://did:plc:popl452z2lbsvkx4rsgywvlr/app.bsky.feed.post/3mw3lanwy4o2y,,2026-09-22T06:15:58+00:00,2026-09-22T06:16:06.160Z,2026-09-22T16:43:30Z,elchapuzasinformatico.com,did:plc:popl452z2lbsvkx4rsgywvlr,0,0,0,0,https://bsky.app/profile/elchapuzasinformatico.com/post/3mw3lanwy4o2y,Apple iPhone
at://did:plc:mpov2hf6getj6xny3tlf7wvm/app.bsky.feed.post/3mw3qblg3sqf2,,2026-09-22T06:15:58.000Z,2026-09-22T07:46:14.060Z,2026-09-22T16:43:30Z,elchapuzasinformatico.com.web.brid.gy,did:plc:mpov2hf6getj6xny3tlf7wvm,0,0,0,0,https://bsky.app/profile/elchapuzasinformatico.com.web.brid.gy/post/3mw3qblg3sqf2,Apple iPhone
at://did:plc:qt34fdb5di4hsny5wncomxtt/app.bsky.feed.post/3mw3lbtm3en26,"Someone made an iPhone Duo animation for the Galaxy Z Fold 8, with a huge caveat

#Apple #GalaxyZFold8 #iPhoneDuo #Phone

https://justpaste.in/tech/someone-made-an-iphone-duo-animation-for-the-galaxy-z-fold-8-with-a-huge-caveat/",2026-09-22T06:16:43Z,2026-09-22T06:16:45.160Z,2026-09-22T16:43:30Z,techworlddaily.bsky.social,did:plc:qt34fdb5di4hsny5wncomxtt,0,0,0,0,https://bsky.app/profile/techworlddaily.bsky.social/post/3mw3lbtm3en26,Apple iPhone
at://did:plc:76bvotsz4jmfjcpnnuqileth/app.bsky.feed.post/3mw3lfxqlt62z,ICYMI: iPhone 18 Pro’s clever new camera comes with one big repair catch,2026-09-22T06:19:03Z,2026-09-22T06:19:11.461Z,2026-09-22T16:43:30Z,cultofmac.com,did:plc:76bvotsz4jmfjcpnnuqileth,1,0,0,0,https://bsky.app/profile/cultofmac.com/post/3mw3lfxqlt62z,Apple iPhone
at://did:plc:lmixcwvpedkln52dtdj3v6s2/app.bsky.feed.post/3mw3lgd2z7s2b,"This man uses APPLE NOTES on his IPHONE to draft business documents, which he then prints at FEDEX. This process, mind you, was described to me as ""using google docs to make invoices on his computer.""

I don't drink anymore, for health reasons. I wish I still could.",2026-09-22T06:19:15.492Z,2026-09-22T06:19:16.257Z,2026-09-22T16:43:30Z,pdxjenni.bsky.social,did:plc:lmixcwvpedkln52dtdj3v6s2,0,0,0,0,https://bsky.app/profile/pdxjenni.bsky.social/post/3mw3lgd2z7s2b,Apple iPhone
at://did:plc:xuutbtra6nrnnw3dd6kgyrsp/app.bsky.feed.post/3mw3lt54ao52z,"🔥 Apple iPhone 17 Air 256 Go, Bleu ciel, garantie 02/2028, comme neuf
eBay · 791.08 €
#BonPlan #HighTech #Promo",2026-09-22T06:26:24.975240Z,2026-09-22T06:26:26.257Z,2026-09-22T16:43:30Z,chasseurdedeals.bsky.social,did:plc:xuutbtra6nrnnw3dd6kgyrsp,0,0,0,0,https://bsky.app/profile/chasseurdedeals.bsky.social/post/3mw3lt54ao52z,Apple iPhone
at://did:plc:cxncoweemhtejhll325wfswt/app.bsky.feed.post/3mw3lwebe4k2e,iPhone 15 Pro のバッテリー最大容量がついに80%を切ったので Apple Care で交換してもらえるようになった！ ちょうど36カ月,2026-09-22T06:28:13.584Z,2026-09-22T06:28:14.168Z,2026-09-22T16:43:30Z,rewse.jp,did:plc:cxncoweemhtejhll325wfswt,0,0,0,0,https://bsky.app/profile/rewse.jp/post/3mw3lwebe4k2e,Apple iPhone
at://did:plc:ny3xsq7q2ylh6zbrgbezn5cv/app.bsky.feed.post/3mw3m6va2hh2v,,2026-09-22T06:32:59Z,2026-09-22T06:33:00.961Z,2026-09-22T16:43:30Z,avcesarcom.bsky.social,did:plc:ny3xsq7q2ylh6zbrgbezn5cv,0,0,0,0,https://bsky.app/profile/avcesarcom.bsky.social/post/3mw3m6va2hh2v,Apple iPhone
at://did:plc:27tzszvb6fvtc6vinuemvl3x/app.bsky.feed.post/3mw3mbhshep32,"iPhone Duo: Apples erstes Foldable im Vergleich zur Android-Konkurrenz

Seit 2019 bieten Android-Hersteller Foldables – nun hat Apple auch eins. Vor allem bei der Software scheint der iPhone-Bauer es aber teilweise besser zu machen […]",2026-09-22T06:34:04.000Z,2026-09-22T06:34:34.570Z,2026-09-22T16:43:30Z,heiseonline.social.heise.de.ap.brid.gy,did:plc:27tzszvb6fvtc6vinuemvl3x,1,3,0,0,https://bsky.app/profile/heiseonline.social.heise.de.ap.brid.gy/post/3mw3mbhshep32,Apple iPhone
at://did:plc:zv657bpskxtjkvbdd5wymjam/app.bsky.feed.post/3mw3mau7gw32j,Seit 2019 bieten Android-Hersteller Foldables – nun hat Apple auch eins. Vor allem bei der Software scheint der iPhone-Bauer es aber teilweise besser zu machen. #Apple,2026-09-22T06:34:05.466Z,2026-09-22T06:34:06.957Z,2026-09-22T16:43:30Z,heise.de,did:plc:zv657bpskxtjkvbdd5wymjam,6,2,0,1,https://bsky.app/profile/heise.de/post/3mw3mau7gw32j,Apple iPhone
at://did:plc:2pkyay2fi6v2w47yjlpmxzdn/app.bsky.feed.post/3mw3nf52nqc2s,Apple StoreでiPhoneのバッテリー交換。時間指定で予約して行ったのに、結局予定時間から30分ほど待たされた。待つことより、「あとどのくらいかかるのか」の説明がないのがストレス。つい店員さんに「遅いよー」と言ってしまった。あとになって「そんな言い方しなきゃよかったな」と後悔。,2026-09-22T06:54:23.118Z,2026-09-22T06:54:24.057Z,2026-09-22T16:43:30Z,junichiro.bsky.social,did:plc:2pkyay2fi6v2w47yjlpmxzdn,2,0,1,0,https://bsky.app/profile/junichiro.bsky.social/post/3mw3nf52nqc2s,Apple iPhone
at://did:plc:mu3x6q4vc7xvrifos5635bmn/app.bsky.feed.post/3mw3nh3rp6n2r,Googlebook за $899: Google придумала новий формат ноутбука для AI-ери #Googlebook #новиниТехнологій #ноутбук #AI #Android,2026-09-22T06:55:28Z,2026-09-22T06:55:29.860Z,2026-09-22T16:43:30Z,rootnationua.bsky.social,did:plc:mu3x6q4vc7xvrifos5635bmn,0,0,0,0,https://bsky.app/profile/rootnationua.bsky.social/post/3mw3nh3rp6n2r,Apple iPhone
at://did:plc:ryrqylbqv7izbppbd3g5pxf4/app.bsky.feed.post/3mw3nlqbfi72r,"Apple-Chef John Ternus hat neue Einblicke in die Entwicklung des iPhone Duo gegeben. Im Interview spricht er über das ungewöhnliche Format des Foldables, technische Herausforderungen, Apples Ansatz bei KI und seinen Wechsel an die Konzernspitze.",2026-09-22T06:58:04.498063+00:00,2026-09-22T06:58:05.359Z,2026-09-22T16:43:30Z,de-nachrichten.bsky.social,did:plc:ryrqylbqv7izbppbd3g5pxf4,1,0,0,0,https://bsky.app/profile/de-nachrichten.bsky.social/post/3mw3nlqbfi72r,Apple iPhone
at://did:plc:pj4y7pann5og2phaz2akst6d/app.bsky.feed.post/3mw3nmnl6aym2,"Prepared the upgrade for @arbory for @plausible, which is now ready for iPhone Duo. Updating for a new viewport was a lot of fun.",2026-09-22T06:58:27.000Z,2026-09-22T06:58:38.858Z,2026-09-22T16:43:30Z,jorijn.jorijn.com.ap.brid.gy,did:plc:pj4y7pann5og2phaz2akst6d,0,0,0,0,https://bsky.app/profile/jorijn.jorijn.com.ap.brid.gy/post/3mw3nmnl6aym2,Apple iPhone
at://did:plc:echwbhqhh7jo6hk56nov6mt5/app.bsky.feed.post/3mw3npiypey2z,"Paradoks roku? Premierę iPhone’a 18 Pro i składanego iPhone’a może najmocniej odczuć… Samsung. Nie przez Galaxy, a przez ekrany OLED, zwłaszcza do „folda”, gdzie sam panel ma być wielokrotnie droższy niż w Pro 📱",2026-09-22T07:00:08.043024Z,2026-09-22T07:00:12.269Z,2026-09-22T16:43:30Z,androidcompl.bsky.social,did:plc:echwbhqhh7jo6hk56nov6mt5,1,0,0,0,https://bsky.app/profile/androidcompl.bsky.social/post/3mw3npiypey2z,Apple iPhone
at://did:plc:2fxqwnhrwbwp4rwxi2pitfqp/app.bsky.feed.post/3mw4f6vd2ft2l,"iPhone 12 czy 12 mini? 📱
Sprawdź, który lepiej leży w dłoni i pasuje do codziennego użycia. Krótko porównujemy rozmiar, wygodę i wybór, który naprawdę ma znaczenie. Zobacz różnice. https://www.rfr.bz/baf99aac4",2026-09-22T07:00:13-07:00,2026-09-22T14:00:24.163Z,2026-09-22T16:43:30Z,applefix.bsky.social,did:plc:2fxqwnhrwbwp4rwxi2pitfqp,0,0,0,0,https://bsky.app/profile/applefix.bsky.social/post/3mw4f6vd2ft2l,iphone
at://did:plc:rhozh7ux4cxolkmwzbpx45cz/app.bsky.feed.post/3mw3nrbwjtk22,"ちなみにiPhone duoって予約日に争奪戦になりそうな感じなの???
こんなに高いのに?w、だからこそ在庫が少ないのか??

#apple #iphoneduo",2026-09-22T07:01:10.879Z,2026-09-22T07:01:06.170Z,2026-09-22T16:43:30Z,japanaction.bsky.social,did:plc:rhozh7ux4cxolkmwzbpx45cz,0,0,0,0,https://bsky.app/profile/japanaction.bsky.social/post/3mw3nrbwjtk22,Apple iPhone
at://did:plc:kvuqwjsw6lm23ucmh6gzfxmj/app.bsky.feed.post/3mw3skfgkajs2,"iPhone Duo: Apple’s first foldable compared to the Android competition
https://www.heise.de/en/news/iPhone-Duo-Apple-s-first-foldable-compared-to-the-Android-competition-11461000.html?utm_source=flipboard&utm_medium=activitypub 

Posted into heise online international […]",2026-09-22T07:05:00.000Z,2026-09-22T08:26:55.356Z,2026-09-22T16:43:30Z,heiseonline.flipboard.com.ap.brid.gy,did:plc:kvuqwjsw6lm23ucmh6gzfxmj,0,0,0,0,https://bsky.app/profile/heiseonline.flipboard.com.ap.brid.gy/post/3mw3skfgkajs2,Apple iPhone
at://did:plc:nt6hhsj2ip7bir5srdw4qok7/app.bsky.feed.post/3mw3nyhcvie2w,,2026-09-22T07:05:11Z,2026-09-22T07:05:11.965Z,2026-09-22T16:43:30Z,apfeltalk.de,did:plc:nt6hhsj2ip7bir5srdw4qok7,0,0,0,0,https://bsky.app/profile/apfeltalk.de/post/3mw3nyhcvie2w,Apple iPhone
at://did:plc:6oue7bcx5zgbpkl5upsuadwt/app.bsky.feed.post/3mw3o2pkxlq2i,"iOS 27.2 beta reveals how Apple plans to stop its anti-theft feature from locking your iPhone by mistake

Few things trigger panic faster than reaching for your phone and realizing it is no longer there. Losing one is bad enough, but having an unlocked phone snatched from your hand creates an even…",2026-09-22T07:06:25Z,2026-09-22T07:06:27.859Z,2026-09-22T16:43:30Z,articleweblog.bsky.social,did:plc:6oue7bcx5zgbpkl5upsuadwt,0,0,0,0,https://bsky.app/profile/articleweblog.bsky.social/post/3mw3o2pkxlq2i,Apple iPhone
at://did:plc:qt34fdb5di4hsny5wncomxtt/app.bsky.feed.post/3mw3o66rthd2c,"Everything the Galaxy Z Fold 8 does that the iPhone Duo doesn’t

#Apple #GalaxyZFold8 #iPhoneDuo #Phone

https://justpaste.in/tech/everything-galaxy-z-fold-8-does-iphone-duo-doesnt/",2026-09-22T07:08:22Z,2026-09-22T07:08:24.562Z,2026-09-22T16:43:30Z,techworlddaily.bsky.social,did:plc:qt34fdb5di4hsny5wncomxtt,0,0,0,0,https://bsky.app/profile/techworlddaily.bsky.social/post/3mw3o66rthd2c,Apple iPhone
at://did:plc:otuw3xhhe4xskqtpmfbax3zr/app.bsky.feed.post/3mw3o7lpigs2f,youtu.be/34dAyDUglrI,2026-09-22T07:09:10.896Z,2026-09-22T07:09:12.662Z,2026-09-22T16:43:30Z,glitchsister.com,did:plc:otuw3xhhe4xskqtpmfbax3zr,0,0,0,0,https://bsky.app/profile/glitchsister.com/post/3mw3o7lpigs2f,Apple iPhone
at://did:plc:celo3h47irzpe2mabdcgg2tj/app.bsky.feed.post/3mw3o7z7bqx2m,"Android manufacturers have offered foldables since 2019 – now Apple has one too. Apple seems to do better in some areas, especially when it comes to software.",2026-09-22T07:09:24.750Z,2026-09-22T07:09:26.464Z,2026-09-22T16:43:30Z,heiseonlineenglish.bsky.social,did:plc:celo3h47irzpe2mabdcgg2tj,0,0,0,0,https://bsky.app/profile/heiseonlineenglish.bsky.social/post/3mw3o7z7bqx2m,Apple iPhone
at://did:plc:cssmoyqlwbjffjn3e4yymvtu/app.bsky.feed.post/3mw3oiew2w52y,,2026-09-22T07:14:05Z,2026-09-22T07:14:05.970Z,2026-09-22T16:43:30Z,digital-trends.bsky.social,did:plc:cssmoyqlwbjffjn3e4yymvtu,0,0,0,0,https://bsky.app/profile/digital-trends.bsky.social/post/3mw3oiew2w52y,Apple iPhone
at://did:plc:wgelilqpahjmn3fkgohr4ine/app.bsky.feed.post/3mw3ooprulg2w,"Apple's Missing CEO, Hanson's 'Primitive' Remark and Hume's Sunrise Gotcha | Scam of the Week: Apple Australia has gone silent for ten days on questions about Israeli-designed chips in its iPhone 17. The House of Reps voted down the Red Lines bill to restrict financing of the Gaza… @MichaelWestBiz",2026-09-22T07:17:38Z,2026-09-22T07:17:38.757Z,2026-09-22T16:43:30Z,humanisingmen.bsky.social,did:plc:wgelilqpahjmn3fkgohr4ine,0,0,0,0,https://bsky.app/profile/humanisingmen.bsky.social/post/3mw3ooprulg2w,Apple iPhone
at://did:plc:bslc4rymjysuc26ktjoyewqw/app.bsky.feed.post/3mw3oopoche24,"Apple's Missing CEO, Hanson's 'Primitive' Remark and Hume's Sunrise Gotcha | Scam of the Week: Apple Australia has gone silent for ten days on questions about Israeli-designed chips in its iPhone 17. The House of Reps voted down the Red Lines bill to restrict financing of the Gaza… @MichaelWestBiz",2026-09-22T07:17:38Z,2026-09-22T07:17:38.661Z,2026-09-22T16:43:30Z,monashnews.bsky.social,did:plc:bslc4rymjysuc26ktjoyewqw,0,0,0,0,https://bsky.app/profile/monashnews.bsky.social/post/3mw3oopoche24,Apple iPhone
at://did:plc:q7desl3vr7swpd3wjej2hmxa/app.bsky.feed.post/3mw3ooqu2v52o,,2026-09-22T07:17:39Z,2026-09-22T07:17:39.760Z,2026-09-22T16:43:30Z,wyvernsrose.bsky.social,did:plc:q7desl3vr7swpd3wjej2hmxa,0,0,0,0,https://bsky.app/profile/wyvernsrose.bsky.social/post/3mw3ooqu2v52o,Apple iPhone
at://did:plc:uphqwkdmng53imwavsgltnuo/app.bsky.feed.post/3mw3ootpvy62s,"Apple's Missing CEO, Hanson's 'Primitive' Remark and Hume's Sunrise Gotcha | Scam of the Week @MichaelWestBiz",2026-09-22T07:17:42Z,2026-09-22T07:17:42.983Z,2026-09-22T16:43:30Z,stopthestigma.bsky.social,did:plc:uphqwkdmng53imwavsgltnuo,0,0,0,0,https://bsky.app/profile/stopthestigma.bsky.social/post/3mw3ootpvy62s,Apple iPhone
at://did:plc:xgvliprs2gr4jexn3ooqnjys/app.bsky.feed.post/3mw3ophqf5c2n,"เจ้าของ iPhone 16 ทุกรุ่น, 15 Pro และ 15 Pro Max (ซื้อ 10 มิ.ย. 2024 – 29 มี.ค. 2025) สามารถยื่นขอรับเงินชดเชยจากคดี Apple มูลค่า $250 ล้านดอลลาร์ได้แล้ว  
ได้ประมาณ $25–95 ดอลลาร์ต่อเครื่อง  
สามารถยื่นได้ถึง 21 ธ.ค. ที่ smartphoneaisettlement.com",2026-09-22T07:18:03.600Z,2026-09-22T07:18:06.662Z,2026-09-22T16:43:30Z,uptodateusa.bsky.social,did:plc:xgvliprs2gr4jexn3ooqnjys,0,0,0,0,https://bsky.app/profile/uptodateusa.bsky.social/post/3mw3ophqf5c2n,Apple iPhone
at://did:plc:y53crjqjctu4sn4lkkkmap4k/app.bsky.feed.post/3mw3ovlfi6uf2,"Appleの「1万円の紐」買ったぜ。9,800円から10,800円に値上がりしていたけど。
--
クロスボディストラップ – バーガンディ - Apple（日本） https://www.apple.com/jp/shop/product/mk974fe/a/クロスボディストラップ-バーガンディ",2026-09-22T07:21:24.000Z,2026-09-22T07:21:39.861Z,2026-09-22T16:43:30Z,ohtsuka.fedibird.com.ap.brid.gy,did:plc:y53crjqjctu4sn4lkkkmap4k,0,0,0,0,https://bsky.app/profile/ohtsuka.fedibird.com.ap.brid.gy/post/3mw3ovlfi6uf2,Apple iPhone
at://did:plc:47ynxndqdwbdvsahdaeh35fp/app.bsky.feed.post/3mw3oyq5ch5m2,"iPhone 18 Pro Max po prvních dnech testování: Apple vylepšil přesně to, co bylo potřeba
https://www.ceskymac.cz/iphone-18-pro-max-po-prvnich-dnech-testovani-apple-vylepsil-presne-to-co-bylo-potreba/",2026-09-22T07:22:42.000Z,2026-09-22T07:23:16.960Z,2026-09-22T16:43:30Z,ceskymac.zpravobot.news.ap.brid.gy,did:plc:47ynxndqdwbdvsahdaeh35fp,0,0,0,0,https://bsky.app/profile/ceskymac.zpravobot.news.ap.brid.gy/post/3mw3oyq5ch5m2,Apple iPhone
at://did:plc:xuutbtra6nrnnw3dd6kgyrsp/app.bsky.feed.post/3mw3pelb3tw24,"🔥 Apple iPhone 6s 64 Go Rose Smartphone iOS - Modèle iPhone 6s Apple
eBay · 83.90 €
#BonPlan #HighTech #Promo",2026-09-22T07:29:51.612454Z,2026-09-22T07:29:52.659Z,2026-09-22T16:43:30Z,chasseurdedeals.bsky.social,did:plc:xuutbtra6nrnnw3dd6kgyrsp,0,0,0,0,https://bsky.app/profile/chasseurdedeals.bsky.social/post/3mw3pelb3tw24,Apple iPhone
at://did:plc:zkjscpbzkyelvpwmyhosl5k7/app.bsky.feed.post/3mw3pfcz4sk2q,"Maybe Apple will one day sell a watch the size of an iPhone 5s, and I can buy the cellular version of it to carry around",2026-09-22T07:30:16.840Z,2026-09-22T07:30:17.564Z,2026-09-22T16:43:30Z,estherbester.bsky.social,did:plc:zkjscpbzkyelvpwmyhosl5k7,0,0,0,0,https://bsky.app/profile/estherbester.bsky.social/post/3mw3pfcz4sk2q,Apple iPhone
at://did:plc:fsftz5ue2bvlvkb6zx2bqdnh/app.bsky.feed.post/3mw3phc4wze25,Apple continues to work on a feature that automatically locks an iPhone when it detects that the device has been snatched from its owner’s hand.,2026-09-22T07:31:22.919682+00:00,2026-09-22T07:31:23.661Z,2026-09-22T16:43:30Z,technology-news.bsky.social,did:plc:fsftz5ue2bvlvkb6zx2bqdnh,1,0,0,0,https://bsky.app/profile/technology-news.bsky.social/post/3mw3phc4wze25,Apple iPhone
at://did:plc:dzhemdtztrjycgmopo5slzfp/app.bsky.feed.post/3mw3pmoauis2i,เพิ่งซื้อรุ่นใหม่ยังไม่ทันอุ่นใจ ข่าวลือ iPhone 20 Pro ก็หลุดมาดักคอแล้ว จอใหญ่เฉียด 7 นิ้ว แถมบอดี้กระจกทั้งตัวแบบ Quad-curved ไร้ขอบ สวยล้ำจริงแต่เสียวหล่นแตกไม่ไหว คิดว่าไงกันบ้าง? #iPhone20Pro #Apple #Hobbiesdose,2026-09-22T07:34:23.507Z,2026-09-22T07:34:28.858Z,2026-09-22T16:43:30Z,hobbiesdose.bsky.social,did:plc:dzhemdtztrjycgmopo5slzfp,0,0,0,0,https://bsky.app/profile/hobbiesdose.bsky.social/post/3mw3pmoauis2i,Apple iPhone
at://did:plc:xuutbtra6nrnnw3dd6kgyrsp/app.bsky.feed.post/3mw3pvvamqz24,"🔥 Apple iPhone 17 Pro Max 256 Go Orange neuf scellé jamais ouvert avec facture
eBay · 1188.88 €
#BonPlan #HighTech #Promo",2026-09-22T07:39:32.510832Z,2026-09-22T07:39:32.962Z,2026-09-22T16:43:30Z,chasseurdedeals.bsky.social,did:plc:xuutbtra6nrnnw3dd6kgyrsp,0,0,0,0,https://bsky.app/profile/chasseurdedeals.bsky.social/post/3mw3pvvamqz24,Apple iPhone
at://did:plc:s6aepfdltjflp62edxfnv35b/app.bsky.feed.post/3mw3xsbndujv2,,2026-09-22T07:40:50.000Z,2026-09-22T10:01:41.063Z,2026-09-22T16:43:30Z,9to5mac.com.web.brid.gy,did:plc:s6aepfdltjflp62edxfnv35b,0,0,0,0,https://bsky.app/profile/9to5mac.com.web.brid.gy/post/3mw3xsbndujv2,Apple iPhone
at://did:plc:mfbudxhxncvh5t4ijgc7yvji/app.bsky.feed.post/3mw3qffmix22f,"App preinstallate, Surfshark mette a confronto iPhone e Android su raccolta dati e privacy

www.tuttoandroid.net/news/2026/09...

> Tra Apple e Android quali sono gli smartphone con più app preinstallate e che raccolgono più dati? La risposta di #Surfshark",2026-09-22T07:48:13.316Z,2026-09-22T07:48:15.358Z,2026-09-22T16:43:30Z,pstrada.bsky.social,did:plc:mfbudxhxncvh5t4ijgc7yvji,0,0,0,0,https://bsky.app/profile/pstrada.bsky.social/post/3mw3qffmix22f,Apple iPhone
at://did:plc:pmdem3dvbxhy5p36quzn3sd5/app.bsky.feed.post/3mw3qla47qk22,"iPhone 17 Pro Max のモバイル部分、今回からApple謹製だよね。
なんか、条件特定できてないけど複数回線のeSIMを投入後に個々の動作を確認してるんだけど、切り替え色々してたら、1/nの回線が変になり以降圏外で接続できない。
回復させて、全回線使えるようなってんだけど、切替してたら今度は別のeSIMが圏外になった。なんか、不安しかないww",2026-09-22T07:51:28.861Z,2026-09-22T07:51:34.759Z,2026-09-22T16:43:30Z,zechi.bsky.social,did:plc:pmdem3dvbxhy5p36quzn3sd5,0,0,0,0,https://bsky.app/profile/zechi.bsky.social/post/3mw3qla47qk22,Apple iPhone
at://did:plc:xmlk4mq7l6k6cld5l45pvq3p/app.bsky.feed.post/3mw3r2x7iux2e,"The window is now open for people who purchased certain recent iPhone models to begin filing claims to receive their share of the quarter-billion-dollar settlement fund established in the wake of the class-action lawsuit filed against Apple, accusing the tech giant of false advertising.",2026-09-22T08:00:16Z,2026-09-22T08:00:17.358Z,2026-09-22T16:43:30Z,ktvufox2.bsky.social,did:plc:xmlk4mq7l6k6cld5l45pvq3p,0,0,0,0,https://bsky.app/profile/ktvufox2.bsky.social/post/3mw3r2x7iux2e,Apple iPhone
at://did:plc:lrcn6ac2xvtw72czu7ntlok3/app.bsky.feed.post/3mw436nymhz2c,Como fazer o iPhone ler um texto em voz alta usando a Inteligência Visual,2026-09-22T08:01:17Z,2026-09-22T11:01:18.958Z,2026-09-22T16:43:30Z,macmagazine.com.br,did:plc:lrcn6ac2xvtw72czu7ntlok3,0,0,0,0,https://bsky.app/profile/macmagazine.com.br/post/3mw436nymhz2c,Apple iPhone
at://did:plc:ujllcozu5vnnuw6vs4riisqb/app.bsky.feed.post/3mw3ra2wp5s26,"Vphone-cli boots virtual iPhones on Apple Silicon Macs so you can run and test iOS environments without physical hardware.
It has picked up 250 stars in the last week.

https://github.com/Lakr233/vphone-cli

Anyone running this in production yet?",2026-09-22T08:03:06.553753Z,2026-09-22T08:03:08.458Z,2026-09-22T16:43:30Z,latreon.bsky.social,did:plc:ujllcozu5vnnuw6vs4riisqb,0,0,0,0,https://bsky.app/profile/latreon.bsky.social/post/3mw3ra2wp5s26,Apple iPhone
at://did:plc:m6vshonsp4cct4ropbxozd7t/app.bsky.feed.post/3mw3rba2nh22d,"Time to get off the Apple teat, what’s your phone recommendations lads n lassies? 

Camera and battery life are my main considerations. 

Had iPhone since they started but will not be getting another.

Sent from my iPhone (for now)",2026-09-22T08:03:47.007Z,2026-09-22T08:03:48.856Z,2026-09-22T16:43:30Z,chrismartinfilm.bsky.social,did:plc:m6vshonsp4cct4ropbxozd7t,9,0,19,0,https://bsky.app/profile/chrismartinfilm.bsky.social/post/3mw3rba2nh22d,Apple iPhone
at://did:plc:bqprt2hrnmvbz3zt56hc45cs/app.bsky.feed.post/3mw3rdssrdt2i,"Novità CarPlay iOS 27, ma non tutte arrivano sulla tua auto

Le novità CarPlay iOS 27 sono arrivate sugli iPhone il 14 settembre e portano il più grosso aggiornamento di CarPlay da anni. Widget personalizzati, barra di avanzamento per musica e podcast, mappe più furbe e una connessione senza fili…",2026-09-22T08:05:13Z,2026-09-22T08:05:14.361Z,2026-09-22T16:43:30Z,infotelematico.bsky.social,did:plc:bqprt2hrnmvbz3zt56hc45cs,0,0,0,0,https://bsky.app/profile/infotelematico.bsky.social/post/3mw3rdssrdt2i,Apple iPhone
at://did:plc:ryrqylbqv7izbppbd3g5pxf4/app.bsky.feed.post/3mw3rgoidkz2o,"iOS 27 ergänzt iPhones um KI-Bilder und flexible Sperrbildschirm-Optionen, während Apps Videohintergründe auf dem Homescreen ermöglichen.",2026-09-22T08:06:49.821177+00:00,2026-09-22T08:06:51.058Z,2026-09-22T16:43:30Z,de-nachrichten.bsky.social,did:plc:ryrqylbqv7izbppbd3g5pxf4,1,0,0,0,https://bsky.app/profile/de-nachrichten.bsky.social/post/3mw3rgoidkz2o,Apple iPhone
at://did:plc:lmwcopv72vddqhyu26r4tsr4/app.bsky.feed.post/3mw3s4gsr4i2n,,2026-09-22T08:18:59Z,2026-09-22T08:19:00.858Z,2026-09-22T16:43:30Z,ifun-news.bsky.social,did:plc:lmwcopv72vddqhyu26r4tsr4,0,0,0,0,https://bsky.app/profile/ifun-news.bsky.social/post/3mw3s4gsr4i2n,Apple iPhone
at://did:plc:xuutbtra6nrnnw3dd6kgyrsp/app.bsky.feed.post/3mw3shxhknm2c,"🔥 Apple iPhone 14 Pro Max Or 128 Go État PARFAIT/Batterie 100% Garantie 1 an
eBay · 519.00 €
#BonPlan #HighTech #Promo",2026-09-22T08:25:26.308356Z,2026-09-22T08:25:26.662Z,2026-09-22T16:43:30Z,chasseurdedeals.bsky.social,did:plc:xuutbtra6nrnnw3dd6kgyrsp,0,0,0,0,https://bsky.app/profile/chasseurdedeals.bsky.social/post/3mw3shxhknm2c,Apple iPhone
at://did:plc:6zk2tjoim3dlkg3a37jgadoq/app.bsky.feed.post/3mw3sq7r6cy2j,"Apple is paying $250 million to settle a lawsuit over Siri's AI falling short of what it promised. Eligible iPhone 15 Pro and 16 owners can file a claim for about $25.

Small money, but a rare case of an AI promise getting priced by a court.",2026-09-22T08:30:03.672233Z,2026-09-22T08:30:04.562Z,2026-09-22T16:43:30Z,earanyash.bsky.social,did:plc:6zk2tjoim3dlkg3a37jgadoq,0,0,0,0,https://bsky.app/profile/earanyash.bsky.social/post/3mw3sq7r6cy2j,Apple iPhone
at://did:plc:jf26a7dgps3fck4zc7anchdl/app.bsky.feed.post/3mw3sqaclbz2i,「アプリ 移行 27」に関する記事です: https://iphone-mania.jp/ios-606448/,2026-09-22T08:30:04.151088+00:00,2026-09-22T08:30:05.158Z,2026-09-22T16:43:30Z,buchikuma.bsky.social,did:plc:jf26a7dgps3fck4zc7anchdl,0,0,0,1,https://bsky.app/profile/buchikuma.bsky.social/post/3mw3sqaclbz2i,Apple iPhone
at://did:plc:bgakgsp7rz6ioyaqbvd7p7ew/app.bsky.feed.post/3mw3sueyq6w2u,iCloud storage notification glitch puts unremovable red badge on Settings app ,2026-09-22T08:32:23Z,2026-09-22T08:32:23.960Z,2026-09-22T16:43:30Z,9to5mac.com,did:plc:bgakgsp7rz6ioyaqbvd7p7ew,15,0,0,0,https://bsky.app/profile/9to5mac.com/post/3mw3sueyq6w2u,Apple iPhone
at://did:plc:v2kpdz3mn4aohthc7cwiswfp/app.bsky.feed.post/3mw3svqmxot2a,"A storage test found the 1TB iPhone 18 Pro Max with QLC NAND can drop from >3,000 MB/s to as low as ~1.1 MB/s under prolonged worst‑case writes, potentially affecting long Pro workflows. 🎥📉",2026-09-22T08:33:09+00:00,2026-09-22T08:33:09.663Z,2026-09-22T16:43:30Z,tweaktown.com,did:plc:v2kpdz3mn4aohthc7cwiswfp,0,0,0,0,https://bsky.app/profile/tweaktown.com/post/3mw3svqmxot2a,Apple iPhone
at://did:plc:ti2iec7dcd6i5dfiwlxguux2/app.bsky.feed.post/3mw3sxq53zc2x,"iPhone — एप्पल ने आईफोन डू और सिरी एआई के लॉन्च की घोषणा कर दी, जिसके कारण शेयर मार्केट में उत्साह बढ़ गया #IPhone #Apple #News",2026-09-22T08:34:15Z,2026-09-22T08:34:16.960Z,2026-09-22T16:43:30Z,hi-in.pds.netasgard.com,did:plc:ti2iec7dcd6i5dfiwlxguux2,0,0,0,0,https://bsky.app/profile/hi-in.pds.netasgard.com/post/3mw3sxq53zc2x,Apple iPhone
at://did:plc:ny3xsq7q2ylh6zbrgbezn5cv/app.bsky.feed.post/3mw3sywrvgo2z,,2026-09-22T08:34:56Z,2026-09-22T08:34:56.955Z,2026-09-22T16:43:30Z,avcesarcom.bsky.social,did:plc:ny3xsq7q2ylh6zbrgbezn5cv,0,0,0,0,https://bsky.app/profile/avcesarcom.bsky.social/post/3mw3sywrvgo2z,Apple iPhone
at://did:plc:qr6tt46sisat4dxeh65sahlq/app.bsky.feed.post/3mw3tbn2aey2x,"Apple prepara una función que podría bloquear el iPhone si detecta un robo en marcha.

Aceleración brusca, Apple Watch desconectado, pérdida de red… Todo suma para decidir si debe bloquearse. ¿Te parece útil o puede dar falsos positivos? 🔒 #iPhone #iOS27 ",2026-09-22T08:39:47.000Z,2026-09-22T08:39:48.557Z,2026-09-22T16:43:30Z,applex4.bsky.social,did:plc:qr6tt46sisat4dxeh65sahlq,0,0,0,0,https://bsky.app/profile/applex4.bsky.social/post/3mw3tbn2aey2x,Apple iPhone
at://did:plc:cmoastxdy4pao245e7mvittv/app.bsky.feed.post/3mw3tixoy6w22,Vanaf vandaag in de winkels: de nieuwe Mac mini en Mac Studio! https://www.icreatemagazine.nl/nieuws/twee-nieuwe-macs-uit/,2026-09-22T08:43:53.772Z,2026-09-22T08:43:54.860Z,2026-09-22T16:43:30Z,icreatemagazine.nl,did:plc:cmoastxdy4pao245e7mvittv,0,0,0,0,https://bsky.app/profile/icreatemagazine.nl/post/3mw3tixoy6w22,Apple iPhone
at://did:plc:7pdka2yoj3bl72r4d45snuna/app.bsky.feed.post/3mw3tmkuzsu2z,,2026-09-22T08:45:54Z,2026-09-22T08:45:55.368Z,2026-09-22T16:43:30Z,macg.co,did:plc:7pdka2yoj3bl72r4d45snuna,0,0,0,0,https://bsky.app/profile/macg.co/post/3mw3tmkuzsu2z,Apple iPhone
at://did:plc:bzpchyaepxih5aeirxa7ghu6/app.bsky.feed.post/3mw3tnevufs2e,"AppleがMacやiPhoneに「Apple Intelligence」をOSレベルで統合し始めていることに追随した形だな

OpenAIやアンソロピックといった会社にとっては、ハード会社やOS会社にどう売り込んでいくかが重要になりそうだ

GoogleのGeminiはともかく、AppleのAppleIntelligenceはスタンドアローン部分はApple純正であっても、外部サーバーの能力が必要な部分ではOpenAIやアンソロピックにも関与出来る可能性がある

OpenAIは自社製のAIスピーカーという方向性があるようだから、スマホやPCとの統合に遅れをとっても道はあるかな？",2026-09-22T08:46:22.227Z,2026-09-22T08:46:24.463Z,2026-09-22T16:43:30Z,masaka724.bsky.social,did:plc:bzpchyaepxih5aeirxa7ghu6,0,0,0,0,https://bsky.app/profile/masaka724.bsky.social/post/3mw3tnevufs2e,Apple iPhone
at://did:plc:dwecjm5n7fyljcjk3vi7x5oa/app.bsky.feed.post/3mw3tpe2ulg2e,"9to5Mac より

Apple releases Xcode 27.1 beta, enabling iPhone Duo app development
AppleはXcode 27.1ベータ版をリリースし、iPhone Duoアプリの開発を可能にする
",2026-09-22T08:47:27.957615+00:00,2026-09-22T08:47:28.559Z,2026-09-22T16:43:30Z,gigowat.bsky.social,did:plc:dwecjm5n7fyljcjk3vi7x5oa,0,0,0,0,https://bsky.app/profile/gigowat.bsky.social/post/3mw3tpe2ulg2e,Apple iPhone
at://did:plc:3mnxnp7v63tbb7x6nxkyuwoe/app.bsky.feed.post/3mw3u6fevjc2w,O resultado global fica ligeiramente aquém da liderança absoluta da tabela.,2026-09-22T08:55:53.153Z,2026-09-22T08:55:54.663Z,2026-09-22T16:43:30Z,pplware.bsky.social,did:plc:3mnxnp7v63tbb7x6nxkyuwoe,0,0,0,0,https://bsky.app/profile/pplware.bsky.social/post/3mw3u6fevjc2w,Apple iPhone
at://did:plc:opq5phhuquxppobexcp2cm4y/app.bsky.feed.post/3mw3u7gf2nf2t,"⚡ Apple tapped Ukrainian director Tanu Muino to film its latest iPhone 18 Pro campaign. 

united24media.com/culture/appl...",2026-09-22T08:56:26.107Z,2026-09-22T08:56:28.362Z,2026-09-22T16:43:30Z,united24media.com,did:plc:opq5phhuquxppobexcp2cm4y,34,5,0,1,https://bsky.app/profile/united24media.com/post/3mw3u7gf2nf2t,Apple iPhone
at://did:plc:qt34fdb5di4hsny5wncomxtt/app.bsky.feed.post/3mw3up36nmn2k,"Galaxy S26 Ultra’s unique privacy feature you won’t find on Apple’s iPhone 18 Pro

#Apple #GalaxyS26Ultra #Phone

https://justpaste.in/tech/galaxy-s26-ultra-privacy-feature-missing-apple-iphone-18-pro/",2026-09-22T09:05:11Z,2026-09-22T09:05:13.056Z,2026-09-22T16:43:30Z,techworlddaily.bsky.social,did:plc:qt34fdb5di4hsny5wncomxtt,0,0,0,0,https://bsky.app/profile/techworlddaily.bsky.social/post/3mw3up36nmn2k,Apple iPhone
at://did:plc:6uy6dye3ds6ue6ntb4ve5fsy/app.bsky.feed.post/3mw4d4g3lvsb2,,2026-09-22T09:10:00.000Z,2026-09-22T13:23:15.964Z,2026-09-22T16:43:30Z,macwelt.de.web.brid.gy,did:plc:6uy6dye3ds6ue6ntb4ve5fsy,0,0,0,0,https://bsky.app/profile/macwelt.de.web.brid.gy/post/3mw4d4g3lvsb2,Apple iPhone
at://did:plc:xtpfu6mswicefxo6aq427per/app.bsky.feed.post/3mw3uyoqj6k2l,"Mientras  el distópico mundo capitalista,  colas en  Apple Store para x el ""nuevo"" Iphone 18, el mismo teléfono reciclado que solo malgasta recursos en una espiral consumista. En la otra parte del mundo, 1 niño de 8 años  esclavizado en minas de cobalto en beneficios de las multinacionales.",2026-09-22T09:10:35.387Z,2026-09-22T09:10:36.860Z,2026-09-22T16:43:30Z,jartitameteneis.bsky.social,did:plc:xtpfu6mswicefxo6aq427per,9,15,2,0,https://bsky.app/profile/jartitameteneis.bsky.social/post/3mw3uyoqj6k2l,Apple iPhone
at://did:plc:4cza36qbkphjmkbh3ftndv3e/app.bsky.feed.post/3mw3vuqjr4k2j,#vinted me acaba de bloquear la cuenta por qué dice que los antiguos auriculares con cable de Apple de un antiguo iPhone que intento vender son falsificados. Que la #IA los ha definido como falsos. Estoy súper cabreado,2026-09-22T09:26:16.785Z,2026-09-22T09:26:17.058Z,2026-09-22T16:43:30Z,jo-hh.bsky.social,did:plc:4cza36qbkphjmkbh3ftndv3e,0,0,0,0,https://bsky.app/profile/jo-hh.bsky.social/post/3mw3vuqjr4k2j,Apple iPhone
at://did:plc:u3tf2dmdiehllhr5fuyp7z5a/app.bsky.feed.post/3mw3vvekf4k2u,"Apple has updated its press release to confirm that adjusting texture and grain in Photographic Styles 3 is only available on iPhone 18 Pro, iPhone 18 Pro Max, and iPhone Duo.",2026-09-22T09:26:37.777Z,2026-09-22T09:26:48.759Z,2026-09-22T16:43:30Z,betaprofiles.com,did:plc:u3tf2dmdiehllhr5fuyp7z5a,2,0,2,0,https://bsky.app/profile/betaprofiles.com/post/3mw3vvekf4k2u,Apple iPhone
at://did:plc:gp4ccwxzidfsqbetq2hroybi/app.bsky.feed.post/3mw3vvgonlp2k,El arma secreta de Apple contra los ladrones: así funcionará el bloqueo automático del iPhone www.softonic.com/articulos/bl...,2026-09-22T09:26:39.993Z,2026-09-22T09:26:40.560Z,2026-09-22T16:43:30Z,davidbernalraspall.bsky.social,did:plc:gp4ccwxzidfsqbetq2hroybi,0,0,0,0,https://bsky.app/profile/davidbernalraspall.bsky.social/post/3mw3vvgonlp2k,Apple iPhone
at://did:plc:echwbhqhh7jo6hk56nov6mt5/app.bsky.feed.post/3mw3w3oeby52k,Apple może przeskoczyć z iPhone’a 18 prosto do iPhone’a 20 na 20-lecie serii. W przeciekach są też większe ekrany i bateria 6000 mAh w Pro Max. Ciekawiej niż zwykła ewolucja? 📱,2026-09-22T09:30:06.387447Z,2026-09-22T09:30:10.060Z,2026-09-22T16:43:30Z,androidcompl.bsky.social,did:plc:echwbhqhh7jo6hk56nov6mt5,1,0,0,0,https://bsky.app/profile/androidcompl.bsky.social/post/3mw3w3oeby52k,Apple iPhone
at://did:plc:7pdka2yoj3bl72r4d45snuna/app.bsky.feed.post/3mw3wmfp4b52o,,2026-09-22T09:39:30Z,2026-09-22T09:39:31.359Z,2026-09-22T16:43:30Z,macg.co,did:plc:7pdka2yoj3bl72r4d45snuna,0,0,0,0,https://bsky.app/profile/macg.co/post/3mw3wmfp4b52o,Apple iPhone
at://did:plc:hqzi65bksuaqqhvxn7e3ev3r/app.bsky.feed.post/3mw3wp5y6lu2h,"Переменная диафрагма в iPhone 18 Pro – красивая инженерия и кошмар для ремонта
https://shazoo.ru/2026/09/22/191021/sest-lepestkov-tonse-celoveceskogo-volosa-delaiut-kameru-iphone-18-pro-pocti-neremontiruemoi",2026-09-22T09:41:03.056654Z,2026-09-22T09:41:03.968Z,2026-09-22T16:43:30Z,weareshazoo.bsky.social,did:plc:hqzi65bksuaqqhvxn7e3ev3r,0,0,0,0,https://bsky.app/profile/weareshazoo.bsky.social/post/3mw3wp5y6lu2h,Apple iPhone
at://did:plc:xuutbtra6nrnnw3dd6kgyrsp/app.bsky.feed.post/3mw3wufkucj27,"🔥 Apple iPhone 16 Pro Max 256 Go Gris débloqué 5G Wi‑Fi Bluetooth iOS
eBay · 873.70 €
#BonPlan #HighTech #Promo",2026-09-22T09:43:58.699744Z,2026-09-22T09:43:59.858Z,2026-09-22T16:43:30Z,chasseurdedeals.bsky.social,did:plc:xuutbtra6nrnnw3dd6kgyrsp,0,0,0,0,https://bsky.app/profile/chasseurdedeals.bsky.social/post/3mw3wufkucj27,Apple iPhone
at://did:plc:czkrwlz7vybwv4fgqokfzlkw/app.bsky.feed.post/3mw4jgcemtj32,,2026-09-22T09:44:00.000Z,2026-09-22T15:16:13.860Z,2026-09-22T16:43:30Z,tudocelular.com.web.brid.gy,did:plc:czkrwlz7vybwv4fgqokfzlkw,0,0,0,0,https://bsky.app/profile/tudocelular.com.web.brid.gy/post/3mw4jgcemtj32,Apple iPhone
at://did:plc:a3bytqa2zaerm5c5tg3ja4tc/app.bsky.feed.post/3mw3tjna3ad2k,"iPhone 18 Pro atinge velocidades de apenas 1,1 MB/s no armazenamento após esgotar cache.

#armazenamento #cache #iphone ",2026-09-22T09:44:10Z,2026-09-22T08:44:17.259Z,2026-09-22T16:43:30Z,tugate.ch,did:plc:a3bytqa2zaerm5c5tg3ja4tc,0,0,0,0,https://bsky.app/profile/tugate.ch/post/3mw3tjna3ad2k,Apple iPhone
at://did:plc:qt34fdb5di4hsny5wncomxtt/app.bsky.feed.post/3mw3x4yncva26,"iPhone Duo vs Galaxy Z Fold 8: Weight and thickness compared

#Apple #GalaxyZFold8 #GalaxyZFold8Ultra #iPhoneDuo #Phone

https://justpaste.in/tech/iphone-duo-vs-galaxy-z-fold-8-weight-and-thickness-compared/",2026-09-22T09:48:45Z,2026-09-22T09:48:47.657Z,2026-09-22T16:43:30Z,techworlddaily.bsky.social,did:plc:qt34fdb5di4hsny5wncomxtt,0,0,0,0,https://bsky.app/profile/techworlddaily.bsky.social/post/3mw3x4yncva26,Apple iPhone
at://did:plc:uqgca2we7hfeqpjoluneso3j/app.bsky.feed.post/3mw3x4zupas27,"Test der Selfie-Fähigkeiten des nagelneuen iPhone 18 Pro Max:
Auch wenn der Gesichtsausdruck etwas anderes vermuten lässt, Apple-Produkte machen glücklich.

#apple #iPhone #iPhone18ProMax #selfie",2026-09-22T09:48:48.756Z,2026-09-22T09:49:11.757Z,2026-09-22T16:43:30Z,stemuck.bsky.social,did:plc:uqgca2we7hfeqpjoluneso3j,0,0,0,0,https://bsky.app/profile/stemuck.bsky.social/post/3mw3x4zupas27,Apple iPhone
at://did:plc:dsqoqguskeaul5v7vhxzuprh/app.bsky.feed.post/56dyvdvxemrdr,Quer trocar de iPhone? Veja uma seleção com os modelos Apple em promoção na Amazon,2026-09-22T09:49:05-03:00,2026-09-22T12:49:06.560Z,2026-09-22T16:43:30Z,olhardigital01.bsky.social,did:plc:dsqoqguskeaul5v7vhxzuprh,0,0,0,0,https://bsky.app/profile/olhardigital01.bsky.social/post/56dyvdvxemrdr,Apple iPhone
at://did:plc:d4o3gcitsdyeazkowioywk7o/app.bsky.feed.post/3mw3x5rokpw2c,"Apple builds a concert hall in Battersea – because your playlist deserves a proper stage.
#Apple #Unveils #Music #Entertainment #Satire
https://processorpress.com/story/169/apple-unveils-music-hall-in-battersea-promises-fans-won-t-need-an-iphone-to-find",2026-09-22T09:49:12Z,2026-09-22T09:49:14.663Z,2026-09-22T16:43:30Z,processorpress.bsky.social,did:plc:d4o3gcitsdyeazkowioywk7o,1,0,0,0,https://bsky.app/profile/processorpress.bsky.social/post/3mw3x5rokpw2c,Apple iPhone
at://did:plc:7pdka2yoj3bl72r4d45snuna/app.bsky.feed.post/3mw3x6m6han2o,,2026-09-22T09:49:41Z,2026-09-22T09:49:41.965Z,2026-09-22T16:43:30Z,macg.co,did:plc:7pdka2yoj3bl72r4d45snuna,0,0,0,0,https://bsky.app/profile/macg.co/post/3mw3x6m6han2o,Apple iPhone
at://did:plc:hmtbe2a5xzwqxhqtfgyfmcwa/app.bsky.feed.post/3mw3x7fj3nm2m,"Anlmz 3 in 1 Charging Station for iPhone - Wireless Charger for Apple… → now $17.11, 43% off
https://www.amazon.com/dp/B0BF9TYJWR?tag=birdxdeal-20 #anlmz #charging",2026-09-22T09:50:06Z,2026-09-22T09:50:08.558Z,2026-09-22T16:43:30Z,birdxdealss.bsky.social,did:plc:hmtbe2a5xzwqxhqtfgyfmcwa,0,0,0,0,https://bsky.app/profile/birdxdealss.bsky.social/post/3mw3x7fj3nm2m,Apple iPhone
at://did:plc:3t7mj4gzn73z4pp27ycpxlae/app.bsky.feed.post/3mw3xbmfcuh2x,iPhone 18 Pro-gebruikers ervaren Face ID-bugs die het toestel laten crashen. Ook Apple Watch Series 12 en Ultra 4 starten willekeurig opnieuw op 📲⌚️😱,2026-09-22T09:51:22+00:00,2026-09-22T09:51:22.965Z,2026-09-22T16:43:30Z,appletips.bsky.social,did:plc:3t7mj4gzn73z4pp27ycpxlae,0,0,0,0,https://bsky.app/profile/appletips.bsky.social/post/3mw3xbmfcuh2x,Apple iPhone
at://did:plc:n72kkqngi5s3r4aketewpme2/app.bsky.feed.post/3mw3xdqna5k2s,"iFixit posts teardown report of iPhone 18 Pro, iPhone 18 Pro Max units

www.powerpage.org/ifixit-posts...

#Apple #iFixit #report #teardown #components #hardware #camera #battery #iPhone18Pro #iPhone18ProMax #business #retail #parts #chainmail #cooling #vaporcooling #chamber",2026-09-22T09:52:33.957Z,2026-09-22T09:52:34.357Z,2026-09-22T16:43:30Z,powerpage.org,did:plc:n72kkqngi5s3r4aketewpme2,0,0,0,0,https://bsky.app/profile/powerpage.org/post/3mw3xdqna5k2s,Apple iPhone
at://did:plc:a3bytqa2zaerm5c5tg3ja4tc/app.bsky.feed.post/3mw3tzjbe4g2n,"O chefe de hardware da Apple considera que usar película no iPhone é um erro desnecessário devido à tecnologia Ceramic Shield 2. 📱

#apple #erro #hardware #iphone #marca #queda ",2026-09-22T09:53:04Z,2026-09-22T08:53:10.158Z,2026-09-22T16:43:30Z,tugate.ch,did:plc:a3bytqa2zaerm5c5tg3ja4tc,0,0,0,0,https://bsky.app/profile/tugate.ch/post/3mw3tzjbe4g2n,Apple iPhone
at://did:plc:xt7f25lx3ycjt4xmzthj2trc/app.bsky.feed.post/3mw2zadqg7l2g,"iPhoneの機種変更はしたけど、Apple Watchは変えていない。
なのに、バスに乗る時にSuicaが無反応でビビった。
すぐiPhoneの方で支払って、席に座ってウォレットの設定を変更した。
マジで焦ったw
#火曜日 #休日の過ごし方",2026-09-22T09:53:47+09:00,2026-09-22T00:53:47.768Z,2026-09-22T16:43:30Z,abexpro.bsky.social,did:plc:xt7f25lx3ycjt4xmzthj2trc,0,0,0,0,https://bsky.app/profile/abexpro.bsky.social/post/3mw2zadqg7l2g,Apple iPhone
at://did:plc:ob66muqpu2r37j4w6rddrq5r/app.bsky.feed.post/3mw44l7fgvbs2,,2026-09-22T10:00:00.000Z,2026-09-22T11:26:25.665Z,2026-09-22T16:43:30Z,gizmodo.jp.web.brid.gy,did:plc:ob66muqpu2r37j4w6rddrq5r,0,0,0,0,https://bsky.app/profile/gizmodo.jp.web.brid.gy/post/3mw44l7fgvbs2,Apple iPhone
at://did:plc:4w5gvggjpwm624gjwlwwd2kt/app.bsky.feed.post/3mw3xrxwegt2s,Does iPhone Duo support Apple Pencil? www.theapplepost.com/2026/09/22/7...,2026-09-22T10:00:30.300Z,2026-09-22T10:00:32.262Z,2026-09-22T16:43:30Z,theapplepost.com,did:plc:4w5gvggjpwm624gjwlwwd2kt,0,0,0,0,https://bsky.app/profile/theapplepost.com/post/3mw3xrxwegt2s,Apple iPhone
at://did:plc:3hjj6wzstzbzxkda72mvofcz/app.bsky.feed.post/3mw2znkabxa2j,"[PGX RECOMMEND] 記事のおすすめキーワードは
[Apple iPhone Duo]

Apple iPhone Duoケース - ネイビーブルー ​​​​​​​
https://www.amazon.co.jp/dp/B0HJBHX82K/ref=nosim?tag=hanaguratwebr-22",2026-09-22T10:01:08+09:00,2026-09-22T01:01:11.061Z,2026-09-22T16:43:30Z,hanaguro.bsky.social,did:plc:3hjj6wzstzbzxkda72mvofcz,0,0,0,0,https://bsky.app/profile/hanaguro.bsky.social/post/3mw2znkabxa2j,Apple iPhone
at://did:plc:bqprt2hrnmvbz3zt56hc45cs/app.bsky.feed.post/3mw3y2od3jx2p,"Funzioni iPhone 18 Pro da provare appena lo accendi

Hai appena tolto la pellicola e ti stai chiedendo da dove cominciare. Le funzioni iPhone 18 Pro da provare subito sono poche ma fanno la differenza. In cima alla lista c'è la nuova fotocamera con apertura variabile, poi i controlli manuali, la…",2026-09-22T10:05:23Z,2026-09-22T10:05:24.374Z,2026-09-22T16:43:30Z,infotelematico.bsky.social,did:plc:bqprt2hrnmvbz3zt56hc45cs,0,0,0,0,https://bsky.app/profile/infotelematico.bsky.social/post/3mw3y2od3jx2p,Apple iPhone
at://did:plc:qbydhwx4xls47rwrwwsnrpvx/app.bsky.feed.post/3mw3uqm4uoq2m,"iPhone Weather Alerts Setup: Turning On Notifications

https://techygeekshome.info/setting-up-weather-alerts-on-your-apple-iphone/",2026-09-22T10:06:02Z,2026-09-22T09:06:04.664Z,2026-09-22T16:43:30Z,techygeekshome.bsky.social,did:plc:qbydhwx4xls47rwrwwsnrpvx,0,0,0,0,https://bsky.app/profile/techygeekshome.bsky.social/post/3mw3uqm4uoq2m,Apple iPhone
at://did:plc:4c3lq6o2rpcgsigap3mnpvzk/app.bsky.feed.post/3mw3y7zmlg52e,"Apple heeft de iPhone 18 Pro en de iPhone 18 Pro Max pas net uitgebracht, maar er zijn nu al problemen met de iPhones. Dit is er aan de hand!… ",2026-09-22T10:07:00+00:00,2026-09-22T10:08:23.063Z,2026-09-22T16:43:30Z,iphoned.bsky.social,did:plc:4c3lq6o2rpcgsigap3mnpvzk,0,0,0,0,https://bsky.app/profile/iphoned.bsky.social/post/3mw3y7zmlg52e,Apple iPhone
at://did:plc:uoshhpyjd42oki3lcmjnwems/app.bsky.feed.post/3mw3y7u6mfc2t,"#Apple hat Nutzer in über 150 Ländern vor gezielter #Spyware gewarnt. Wer die Benachrichtigung erhält, sollte schnell den Sperrmodus auf dem iPhone aktivieren.",2026-09-22T10:08:17.075Z,2026-09-22T10:08:17.362Z,2026-09-22T16:43:30Z,winfuture.de,did:plc:uoshhpyjd42oki3lcmjnwems,0,0,0,0,https://bsky.app/profile/winfuture.de/post/3mw3y7u6mfc2t,Apple iPhone
at://did:plc:cs2xibffaube47gczctv2u4y/app.bsky.feed.post/3mw3yb7amo22l,"Ich hab Akku tauschen lassen. Kostet um die 100€ bei Apple mit Garantie und allem. So kannst Du ein iPhone (falls Du es nicht als Statussymbol nutzen musst) gut und gerne 5-6 Jahre nutzen.
Ich hab auch noch nie ein neues gekauft. Ich nehm immer gebrauchte der Vorgeneration.",2026-09-22T10:09:02.352Z,2026-09-22T10:09:04.358Z,2026-09-22T16:43:30Z,hankdemoody.ofc1893.de,did:plc:cs2xibffaube47gczctv2u4y,1,0,1,0,https://bsky.app/profile/hankdemoody.ofc1893.de/post/3mw3yb7amo22l,Apple iPhone
at://did:plc:bjtarxv62jobexlopc2sbptn/app.bsky.feed.post/3mw3yiip4sr2n,"iPhone 18 Pro : deux bugs ont déjà été signalés avec iOS 27
www.iphon.fr/post/iphone-...",2026-09-22T10:13:06.743Z,2026-09-22T10:13:07.660Z,2026-09-22T16:43:30Z,iphon.fr,did:plc:bjtarxv62jobexlopc2sbptn,0,0,0,0,https://bsky.app/profile/iphon.fr/post/3mw3yiip4sr2n,Apple iPhone
at://did:plc:piu6o3yjztvb2lzpxqeerabi/app.bsky.feed.post/3mw44ewiczfp2,,2026-09-22T10:15:46.000Z,2026-09-22T11:22:51.558Z,2026-09-22T16:43:30Z,macrumors.com.web.brid.gy,did:plc:piu6o3yjztvb2lzpxqeerabi,0,0,0,0,https://bsky.app/profile/macrumors.com.web.brid.gy/post/3mw44ewiczfp2,Apple iPhone
at://did:plc:ritv6l6udmzeuwbit4omuq4x/app.bsky.feed.post/3mw3yotsk6x2i,Apple Quietly Excludes Older iPhones From New Camera Feature,2026-09-22T10:16:40Z,2026-09-22T10:16:40.656Z,2026-09-22T16:43:30Z,macrumors.bsky.social,did:plc:ritv6l6udmzeuwbit4omuq4x,13,3,0,0,https://bsky.app/profile/macrumors.bsky.social/post/3mw3yotsk6x2i,Apple iPhone
at://did:plc:xuutbtra6nrnnw3dd6kgyrsp/app.bsky.feed.post/3mw3yqefz4a2c,"🔥 Coque Apple pour iPhone 18 Pro Max
59 €
#BonPlan #HighTech #Promo",2026-09-22T10:17:30.763316Z,2026-09-22T10:17:31.164Z,2026-09-22T16:43:30Z,chasseurdedeals.bsky.social,did:plc:xuutbtra6nrnnw3dd6kgyrsp,0,0,0,0,https://bsky.app/profile/chasseurdedeals.bsky.social/post/3mw3yqefz4a2c,Apple iPhone
at://did:plc:x7y6m7jvkc23hsxstr3nlrgj/app.bsky.feed.post/3mw43dlrhdhw2,,2026-09-22T10:19:05.000Z,2026-09-22T11:04:08.358Z,2026-09-22T16:43:30Z,handle.invalid,did:plc:x7y6m7jvkc23hsxstr3nlrgj,0,0,0,0,https://bsky.app/profile/handle.invalid/post/3mw43dlrhdhw2,Apple iPhone
at://did:plc:twe5rekrmqakxbavqy4kzghh/app.bsky.feed.post/3mw3yvelyt722,"Το “Surprise and shine” event της Apple έκρυβε όντως κάποιες εκπλήξεις! Η μεγαλύτερη δεν ήταν άλλη από το πρώτο foldable smartphone της εταιρείας, το iPhone Duo! Το φθινοπωρινό event της Apple είχε φυσικά και μερικές πιο αναμενόμενες παρουσιάσεις, δηλαδή τη νέα γενιά iPhone 18 Pro και iPhone 18 Pro…",2026-09-22T10:20:16+00:00,2026-09-22T10:20:20.160Z,2026-09-22T16:43:30Z,agrinio24.bsky.social,did:plc:twe5rekrmqakxbavqy4kzghh,0,0,0,0,https://bsky.app/profile/agrinio24.bsky.social/post/3mw3yvelyt722,Apple iPhone
at://did:plc:jsqkt52mlifrumrnj7y4zsf2/app.bsky.feed.post/3mw4hg2eyolf2,,2026-09-22T10:22:01.000Z,2026-09-22T14:40:14.860Z,2026-09-22T16:43:30Z,shortlist.com.web.brid.gy,did:plc:jsqkt52mlifrumrnj7y4zsf2,0,0,0,0,https://bsky.app/profile/shortlist.com.web.brid.gy/post/3mw4hg2eyolf2,Apple iPhone
at://did:plc:k6rz5agvja65gocjadb74rlt/app.bsky.feed.post/3mw3yzcr7t22a,"Helped set up my mom's new iPhone and I gotta hand it to Apple, the side by side quick setup is pretty magic.",2026-09-22T10:22:31.348Z,2026-09-22T10:22:31.966Z,2026-09-22T16:43:30Z,puffycurry.bsky.social,did:plc:k6rz5agvja65gocjadb74rlt,0,0,0,0,https://bsky.app/profile/puffycurry.bsky.social/post/3mw3yzcr7t22a,Apple iPhone
at://did:plc:dwecjm5n7fyljcjk3vi7x5oa/app.bsky.feed.post/3mw3yzxfrzt2q,"MacRumors より

Apple Quietly Excludes Older iPhones From New Camera Feature
Appleは、新しいカメラ機能から古いiPhoneを静かに除外
",2026-09-22T10:22:52.526137+00:00,2026-09-22T10:22:53.761Z,2026-09-22T16:43:30Z,gigowat.bsky.social,did:plc:dwecjm5n7fyljcjk3vi7x5oa,0,0,0,0,https://bsky.app/profile/gigowat.bsky.social/post/3mw3yzxfrzt2q,Apple iPhone
at://did:plc:cdo3gdznzmhg4irgaecxqdha/app.bsky.feed.post/3mw3zdbcgjc2u,"Wenn das iPhone Duo im Oktober auf den Markt kommt, wird der Support für Apple-Stifte erst nachgereicht. Auch ein für das Foldable passender Pencil fehlt. #iPhone",2026-09-22T10:28:05.113Z,2026-09-22T10:28:05.959Z,2026-09-22T16:43:30Z,macandi.bsky.social,did:plc:cdo3gdznzmhg4irgaecxqdha,0,0,0,0,https://bsky.app/profile/macandi.bsky.social/post/3mw3zdbcgjc2u,Apple iPhone
at://did:plc:qrsogso5aw2o6y6meie4pspk/app.bsky.feed.post/3mw3zgwrzf62o,"The window is now open for people who purchased certain recent iPhone models to begin filing claims to receive their share of the quarter-billion-dollar settlement fund established in the wake of the class-action lawsuit filed against Apple, accusing the tech giant of false advertising.",2026-09-22T10:30:08Z,2026-09-22T10:30:09.262Z,2026-09-22T16:43:30Z,fox5atlanta.bsky.social,did:plc:qrsogso5aw2o6y6meie4pspk,0,0,0,0,https://bsky.app/profile/fox5atlanta.bsky.social/post/3mw3zgwrzf62o,Apple iPhone
at://did:plc:ts6eguzvhogcyx4nd3wj6igv/app.bsky.feed.post/3mw4k7o32ls2t,"Beats launches modular Beats 360 headphones; wide reviews and comparisons published https://deadstack.net/cluster/29894
#tech #hardware #gadgets #sony #apple #wearables #technology",2026-09-22T10:30:17-05:00,2026-09-22T15:30:18.372Z,2026-09-22T16:43:30Z,deadstack.net,did:plc:ts6eguzvhogcyx4nd3wj6igv,0,0,0,0,https://bsky.app/profile/deadstack.net/post/3mw4k7o32ls2t,technology
at://did:plc:mht5ub4ykjuoxpux77hikixt/app.bsky.feed.post/3mw3zjhkh4b2o,Apple just pulled Texture & Grain support from older iPhones—iPhone 18 Pro and Duo only now. #Apple #iOS27 #TextureGrain #PhotographicStyles #iPhone18Pro #Compatibility https://thedailytechfeed.com/apple-limits-new-texture-grain-controls-to-only-iphone-18-pro-duo/,2026-09-22T10:31:27.000Z,2026-09-22T10:31:34.261Z,2026-09-22T16:43:30Z,thedailytechfeed.com,did:plc:mht5ub4ykjuoxpux77hikixt,1,0,0,0,https://bsky.app/profile/thedailytechfeed.com/post/3mw3zjhkh4b2o,Apple iPhone
at://did:plc:gubs5bxxp3nblzedqsil2hfh/app.bsky.feed.post/3mw3zjbscbo2v,"Apple says the iPhone 18 Pro brings a major battery upgrade, but real-world tests show how much longer it actually lasts than the iPhone 17 Pro.",2026-09-22T10:31:27.050Z,2026-09-22T10:31:27.759Z,2026-09-22T16:43:30Z,bgrcom.bsky.social,did:plc:gubs5bxxp3nblzedqsil2hfh,0,0,0,0,https://bsky.app/profile/bgrcom.bsky.social/post/3mw3zjbscbo2v,Apple iPhone
at://did:plc:lrcn6ac2xvtw72czu7ntlok3/app.bsky.feed.post/3mw4du7xerr2x,"Oferta: iPhone 17e de 512GB por R$4.799,08 no Pix!",2026-09-22T10:36:30Z,2026-09-22T13:36:31.862Z,2026-09-22T16:43:30Z,macmagazine.com.br,did:plc:lrcn6ac2xvtw72czu7ntlok3,0,0,0,0,https://bsky.app/profile/macmagazine.com.br/post/3mw4du7xerr2x,Apple iPhone
at://did:plc:wq2lrjhumgalwq2oekzofngz/app.bsky.feed.post/3mw3zt6l5kk25,"The morning glory is one of the most commonly seen flowers in Japan.
朝顔は日本で最もよく見る花の一つ。

#apple #iPhone #アップル #アイフォーン #toydigi #ノスタルジー #平成レトロ #レトロ #風景写真 #toycamera #toycameraphotography #streetphotography #デジタルカメラ #コンデジ #写真好きな人と繋がりたい #キリトリセカイ #ファインダー越しの私の世界 #東京カメラ部 #東京写真部 #ブルスカ写真部",2026-09-22T10:36:59.362Z,2026-09-22T10:37:02.657Z,2026-09-22T16:43:30Z,t-shimizu.bsky.social,did:plc:wq2lrjhumgalwq2oekzofngz,14,1,0,0,https://bsky.app/profile/t-shimizu.bsky.social/post/3mw3zt6l5kk25,Apple iPhone
at://did:plc:edlhbnew2fu4x3huxgrtybsp/app.bsky.feed.post/3mw4222h5t32v,La nuova tecnologia di Apple per certificare che una foto non è AI,2026-09-22T10:40:49.878767+00:00,2026-09-22T10:40:50.662Z,2026-09-22T16:43:30Z,ilpost.it,did:plc:edlhbnew2fu4x3huxgrtybsp,2,0,0,0,https://bsky.app/profile/ilpost.it/post/3mw4222h5t32v,Apple iPhone
at://did:plc:dwecjm5n7fyljcjk3vi7x5oa/app.bsky.feed.post/3mw427bp4472n,"9to5Mac より

Apple VP of hardware talks iPhone Duo durability, crease, hinge, and more
ハードウェアのAppleVPはiPhone Duoの耐久性、 crease、 hinge、およびそれ以上の話をします
",2026-09-22T10:43:44.734956+00:00,2026-09-22T10:43:45.363Z,2026-09-22T16:43:30Z,gigowat.bsky.social,did:plc:dwecjm5n7fyljcjk3vi7x5oa,0,0,0,0,https://bsky.app/profile/gigowat.bsky.social/post/3mw427bp4472n,Apple iPhone
at://did:plc:74srcpdte7ofk5sokhouhugf/app.bsky.feed.post/3mw427s2vdk2k,"Eligible #iPhone owners in the #US can submit claims for an estimated $25 per qualifying device, with the maximum payout capped at $95.
#apple

Read More:
www.moneycontrol.com/technology/a...",2026-09-22T10:44:02.463Z,2026-09-22T10:44:03.258Z,2026-09-22T16:43:30Z,charansaujla.bsky.social,did:plc:74srcpdte7ofk5sokhouhugf,0,0,0,0,https://bsky.app/profile/charansaujla.bsky.social/post/3mw427s2vdk2k,Apple iPhone
at://did:plc:zy6mv5suzsvkatxnip7mwnhu/app.bsky.feed.post/3mw42bymy4e22,"""La nuova tecnologia di Apple per certificare che una foto non è AI

Negli iPhone 18 Pro è integrato un complesso sistema di firma digitale che prova ad affrontare un problema sempre più pressante per la società""

Leggi tutto: https://ilpost.link/XZQA9gqqNt

@tecnologia

@aitech",2026-09-22T10:45:13.000Z,2026-09-22T10:45:24.062Z,2026-09-22T16:43:30Z,paoblog.mastodon.uno.ap.brid.gy,did:plc:zy6mv5suzsvkatxnip7mwnhu,0,0,0,0,https://bsky.app/profile/paoblog.mastodon.uno.ap.brid.gy/post/3mw42bymy4e22,Apple iPhone
at://did:plc:ycjlxd2zodafkxkhkcdlenam/app.bsky.feed.post/3mw42co3xy52o,Apple yöneticisinden ekran koruyucusu kullananlara tepki,2026-09-22T10:45:38Z,2026-09-22T10:45:39.861Z,2026-09-22T16:43:30Z,muhalifcomtr.bsky.social,did:plc:ycjlxd2zodafkxkhkcdlenam,0,0,0,0,https://bsky.app/profile/muhalifcomtr.bsky.social/post/3mw42co3xy52o,Apple iPhone
at://did:plc:uf6566ur4zv2h7yl4les2ygh/app.bsky.feed.post/3mw42ep7kkm2i,"Apple is opening its first ever venue

‘Music Hall’ inside Battersea Power Station is intended as an intimate space able to host arena-sized shows, and serves as a new home for iPhone maker’s streaming service",2026-09-22T10:46:46Z,2026-09-22T10:46:47.861Z,2026-09-22T16:43:30Z,umlegacypress.com,did:plc:uf6566ur4zv2h7yl4les2ygh,0,0,0,0,https://bsky.app/profile/umlegacypress.com/post/3mw42ep7kkm2i,Apple iPhone
at://did:plc:bzmk3ckfqknekbjht2wsgctd/app.bsky.feed.post/3mw42fhwzcd2p,"Μερίδα χρηστών αναφέρει προβλήματα με το Face ID στα iPhone 18 Pro και ξαφνικές επανεκκινήσεις στα Apple Watch Series 12 και Ultra 4, χωρίς σχόλιο της Apple.",2026-09-22T10:47:11.758Z,2026-09-22T10:47:13.660Z,2026-09-22T16:43:30Z,insomnia.gr,did:plc:bzmk3ckfqknekbjht2wsgctd,0,0,0,0,https://bsky.app/profile/insomnia.gr/post/3mw42fhwzcd2p,Apple iPhone
at://did:plc:mn7j4jclhui5ehnaibt6jfba/app.bsky.feed.post/3mw42mdxc6so2,"Preorders open on September 21, with devices shipping on October 4 in the US and October 5 in Canada, the UK, Ireland, France, Germany, and Australia.",2026-09-22T10:50:55.000Z,2026-09-22T10:51:09.759Z,2026-09-22T16:43:30Z,news.techloy.com.ap.brid.gy,did:plc:mn7j4jclhui5ehnaibt6jfba,0,0,0,0,https://bsky.app/profile/news.techloy.com.ap.brid.gy/post/3mw42mdxc6so2,Apple iPhone
at://did:plc:7pdka2yoj3bl72r4d45snuna/app.bsky.feed.post/3mw42ottntb2k,,2026-09-22T10:52:27Z,2026-09-22T10:52:28.260Z,2026-09-22T16:43:30Z,macg.co,did:plc:7pdka2yoj3bl72r4d45snuna,0,0,0,0,https://bsky.app/profile/macg.co/post/3mw42ottntb2k,Apple iPhone
at://did:plc:3mnxnp7v63tbb7x6nxkyuwoe/app.bsky.feed.post/3mw42pbgs3c2w,Uma história de sucesso: Apple e o impacto do iPhone Duo no mercado de dobráveis.,2026-09-22T10:52:41.897Z,2026-09-22T10:52:43.559Z,2026-09-22T16:43:30Z,pplware.bsky.social,did:plc:3mnxnp7v63tbb7x6nxkyuwoe,0,0,0,0,https://bsky.app/profile/pplware.bsky.social/post/3mw42pbgs3c2w,Apple iPhone
at://did:plc:xuutbtra6nrnnw3dd6kgyrsp/app.bsky.feed.post/3mw42txb4o52x,"🔥 Apple iPhone 15 128 Go Noir iOS style Barre avec boîte d’origine
eBay · 333.34 €
#BonPlan #HighTech #Promo",2026-09-22T10:55:18.653263Z,2026-09-22T10:55:19.562Z,2026-09-22T16:43:30Z,chasseurdedeals.bsky.social,did:plc:xuutbtra6nrnnw3dd6kgyrsp,0,0,0,0,https://bsky.app/profile/chasseurdedeals.bsky.social/post/3mw42txb4o52x,Apple iPhone
at://did:plc:v2ob6je7otkaffdktzdaywzp/app.bsky.feed.post/3mw42usg5mk25,"Siri AI Settlement Website Now Live: Apple to Pay Some iPhone Owners - MacRumors

www.macrumors.com/2026/09/20/s...

- 애플이 'Siri AI' 기능의 출시 지연으로 제기된 허위 광고 집단소송을 해결하기 위해 총 2억 5,000만 달러 (3,388억 2,500만 원) 규모의 합의금 청구 웹사이트를 개설 (🧵1/2)",2026-09-22T10:55:47.475Z,2026-09-22T10:55:50.260Z,2026-09-22T16:43:30Z,lunamoth.bsky.social,did:plc:v2ob6je7otkaffdktzdaywzp,1,0,1,0,https://bsky.app/profile/lunamoth.bsky.social/post/3mw42usg5mk25,Apple iPhone
at://did:plc:lyhswhmwuetk6t3uii3zqqkf/app.bsky.feed.post/3mw42yjmsuo2h,"【衝撃】開発中止の裏にあった真実とは？

折りたたみiPhone専用ペンの計画が、まさかの量産直前に白紙に…。技術的壁の正体と、代わりに採用された驚きの救済プランを徹底解説！気になったら今すぐチェック！

#Apple #折りた...

▼詳細はこちら",2026-09-22T10:57:51.809174+00:00,2026-09-22T10:57:52.661Z,2026-09-22T16:43:30Z,aitechmatome.bsky.social,did:plc:lyhswhmwuetk6t3uii3zqqkf,0,0,1,0,https://bsky.app/profile/aitechmatome.bsky.social/post/3mw42yjmsuo2h,Apple iPhone
at://did:plc:2j6dznyckhp42qxhemxrsy5f/app.bsky.feed.post/3mw42ztgvea2n,"[Shocking] Apple Decides to Cancel Development of Dedicated Folding iPhone Stylus! Why?

▼Read More
https://tech-matome.com/archives/46251",2026-09-22T10:58:35.778837+00:00,2026-09-22T10:58:36.463Z,2026-09-22T16:43:30Z,aitechmatome-eng.bsky.social,did:plc:2j6dznyckhp42qxhemxrsy5f,0,0,1,0,https://bsky.app/profile/aitechmatome-eng.bsky.social/post/3mw42ztgvea2n,Apple iPhone
at://did:plc:2j6dznyckhp42qxhemxrsy5f/app.bsky.feed.post/3mw432bjkju2k,"Apple was developing a short, dedicated Apple Pencil for its folding smartphone, iPhone Duo, but canceled the plan before mass production due to technical issues. Instead, the existing Apple Pencil (USB-C) will support the iPhone Duo via a software update in 2026, working on both outer ...",2026-09-22T10:58:50.985321+00:00,2026-09-22T10:58:51.959Z,2026-09-22T16:43:30Z,aitechmatome-eng.bsky.social,did:plc:2j6dznyckhp42qxhemxrsy5f,0,0,0,0,https://bsky.app/profile/aitechmatome-eng.bsky.social/post/3mw432bjkju2k,Apple iPhone
at://did:plc:edlhbnew2fu4x3huxgrtybsp/app.bsky.feed.post/3mw432wzbzk2o,"Negli iPhone 18 Pro è integrato un complesso sistema di firma digitale che prova ad affrontare un problema sempre più pressante per la società: certificare che un’immagine sia autentica per come la vediamo

ilpost.link/AzyNvZm4rB",2026-09-22T10:59:13.623Z,2026-09-22T10:59:15.260Z,2026-09-22T16:43:30Z,ilpost.it,did:plc:edlhbnew2fu4x3huxgrtybsp,2,0,0,0,https://bsky.app/profile/ilpost.it/post/3mw432wzbzk2o,Apple iPhone
at://did:plc:nt6hhsj2ip7bir5srdw4qok7/app.bsky.feed.post/3mw4367apkt24,,2026-09-22T11:01:02Z,2026-09-22T11:01:05.175Z,2026-09-22T16:43:30Z,apfeltalk.de,did:plc:nt6hhsj2ip7bir5srdw4qok7,1,0,0,0,https://bsky.app/profile/apfeltalk.de/post/3mw4367apkt24,Apple iPhone
at://did:plc:ryrqylbqv7izbppbd3g5pxf4/app.bsky.feed.post/3mw436l2izx23,"Wenn das iPhone Duo im Oktober auf den Markt kommt, wird der Support für Apple-Stifte erst nachgereicht. Auch ein für das Foldable passender Pencil fehlt.",2026-09-22T11:01:15.205465+00:00,2026-09-22T11:01:15.861Z,2026-09-22T16:43:30Z,de-nachrichten.bsky.social,did:plc:ryrqylbqv7izbppbd3g5pxf4,1,0,0,0,https://bsky.app/profile/de-nachrichten.bsky.social/post/3mw436l2izx23,Apple iPhone
at://did:plc:d7kyysydmsalwo2zadsha5sb/app.bsky.feed.post/3mw43ao3a4s2y,"Siri AI Settlement Website Now Live: Apple to Pay Some iPhone Owners - MacRumors

www.macrumors.com/2026/09/20/s...

- 애플이 'Siri AI' 기능의 출시 지연으로 제기된 허위 광고 집단소송을 해결하기 위해 총 2억 5,000만 달러 (3,388억 2,500만 원) 규모의 합의금 청구 웹사이트를 개설 (🧵1/2)",2026-09-22T11:02:25.576Z,2026-09-22T11:02:27.761Z,2026-09-22T16:43:30Z,lunamothryu.bsky.social,did:plc:d7kyysydmsalwo2zadsha5sb,0,0,1,0,https://bsky.app/profile/lunamothryu.bsky.social/post/3mw43ao3a4s2y,Apple iPhone
at://did:plc:qt34fdb5di4hsny5wncomxtt/app.bsky.feed.post/3mw43cfqft62o,"Here’s how quickly Apple catches up to Samsung with iPhone Duo

#GalaxyZFold8 #iPhoneDuo #Phone

https://justpaste.in/tech/heres-how-quickly-apple-catches-up-to-samsung-with-iphone-duo/",2026-09-22T11:03:23Z,2026-09-22T11:03:24.561Z,2026-09-22T16:43:30Z,techworlddaily.bsky.social,did:plc:qt34fdb5di4hsny5wncomxtt,0,0,0,0,https://bsky.app/profile/techworlddaily.bsky.social/post/3mw43cfqft62o,Apple iPhone
at://did:plc:sodht2nhpgd7x4onrx3e4dkj/app.bsky.feed.post/3mw43kdeb7c22,"🧐 𝗶𝗣𝗛𝗢𝗡𝗘 𝟭𝟴 𝗣𝗥𝗢 𝗠𝗔𝗫: 𝗣𝗥𝗜𝗠𝗘𝗥𝗔𝗦 𝗜𝗠𝗣𝗥𝗘𝗦𝗜𝗢𝗡𝗘𝗦

🥲 Hemos probado el nuevo iPhone 18 Pro Max de Apple durante unos días y las sensaciones generales son muy buenas en rendimiento, batería, cámaras y experiencia de usuario.

👉🏻 𝗟𝗲𝗲 𝗲𝗹 𝗮𝗻𝗮́𝗹𝗶𝘀𝗶𝘀: www.elnacional.cat/es/tecnologi...",2026-09-22T11:07:49.881Z,2026-09-22T11:07:52.658Z,2026-09-22T16:43:30Z,ipadizate.com,did:plc:sodht2nhpgd7x4onrx3e4dkj,0,0,0,0,https://bsky.app/profile/ipadizate.com/post/3mw43kdeb7c22,Apple iPhone
at://did:plc:eh55hqdxadskjcthtoaqgsrp/app.bsky.feed.post/3mw442m6t2ob2,,2026-09-22T11:08:13.000Z,2026-09-22T11:17:01.959Z,2026-09-22T16:43:30Z,gameoverdrive.com.br.web.brid.gy,did:plc:eh55hqdxadskjcthtoaqgsrp,0,0,0,0,https://bsky.app/profile/gameoverdrive.com.br.web.brid.gy/post/3mw442m6t2ob2,Apple iPhone
at://did:plc:xuutbtra6nrnnw3dd6kgyrsp/app.bsky.feed.post/3mw43qnzyip2z,"🔥 Apple iPhone 17 Pro 256 Go Blanc Débloqué d'usine iOS MG8T4CH/A double SIM
eBay · 1383.70 €
#BonPlan #HighTech #Promo",2026-09-22T11:11:22.058015Z,2026-09-22T11:11:23.257Z,2026-09-22T16:43:30Z,chasseurdedeals.bsky.social,did:plc:xuutbtra6nrnnw3dd6kgyrsp,0,0,0,0,https://bsky.app/profile/chasseurdedeals.bsky.social/post/3mw43qnzyip2z,Apple iPhone
at://did:plc:xuutbtra6nrnnw3dd6kgyrsp/app.bsky.feed.post/3mw43qrqunb2x,"🔥 Apple iPhone XR 128 Go Blanc iOS Smartphone avec boîte et écouteurs
eBay · 104.70 €
#BonPlan #HighTech #Promo",2026-09-22T11:11:25.827052Z,2026-09-22T11:11:27.660Z,2026-09-22T16:43:30Z,chasseurdedeals.bsky.social,did:plc:xuutbtra6nrnnw3dd6kgyrsp,0,0,0,0,https://bsky.app/profile/chasseurdedeals.bsky.social/post/3mw43qrqunb2x,Apple iPhone
at://did:plc:uclnbolysmq6lc6aoqrm5u7w/app.bsky.feed.post/3mw43ug3ypr2k,iPhone 18 Pro y Pro Max ya están confirmados por Apple. Así funcionan sus principales funciones para usuarios sin experiencia técnica.,2026-09-22T11:13:28Z,2026-09-22T11:13:29.460Z,2026-09-22T16:43:30Z,jujuygrafico.bsky.social,did:plc:uclnbolysmq6lc6aoqrm5u7w,0,0,0,0,https://bsky.app/profile/jujuygrafico.bsky.social/post/3mw43ug3ypr2k,Apple iPhone
at://did:plc:oug5nx55uzpkksln3yondqeb/app.bsky.feed.post/3mw43uhu3ve2h,iPhone 18 Pro y Pro Max ya están confirmados por Apple. Así funcionan sus principales funciones para usuarios sin experiencia técnica.,2026-09-22T11:13:29Z,2026-09-22T11:13:31.161Z,2026-09-22T16:43:30Z,elcorreografico.bsky.social,did:plc:oug5nx55uzpkksln3yondqeb,0,0,0,0,https://bsky.app/profile/elcorreografico.bsky.social/post/3mw43uhu3ve2h,Apple iPhone
at://did:plc:23okb42635q46hhevya7h7hz/app.bsky.feed.post/3mw43vhbo5c2j,"👎
Israel Tech Firm Designs New Apple Chips - eSIM STUDIOS share.google/ikCu9hcyRcpJ...",2026-09-22T11:14:03.084Z,2026-09-22T11:14:05.161Z,2026-09-22T16:43:30Z,aguacates.bsky.social,did:plc:23okb42635q46hhevya7h7hz,0,0,0,0,https://bsky.app/profile/aguacates.bsky.social/post/3mw43vhbo5c2j,Apple iPhone
at://did:plc:xonw7hhy54vq6azasx2xlroe/app.bsky.feed.post/3mw43vwlplr2d,iPhone 18 Pro y Pro Max ya están confirmados por Apple. Así funcionan sus principales funciones para usuarios sin experiencia técnica.,2026-09-22T11:14:18Z,2026-09-22T11:14:20.559Z,2026-09-22T16:43:30Z,deefeeme.bsky.social,did:plc:xonw7hhy54vq6azasx2xlroe,0,0,0,0,https://bsky.app/profile/deefeeme.bsky.social/post/3mw43vwlplr2d,Apple iPhone
at://did:plc:jhejvckz3g73avyhu54j624r/app.bsky.feed.post/3mw43ymffw42g,"Apple agreed to a $250 million Siri AI settlement, allowing eligible iPhone buyers to claim payments of about $25 to $95 by Dec. 21.
",2026-09-22T11:15:49.047Z,2026-09-22T11:15:50.656Z,2026-09-22T16:43:30Z,applebriefly.bsky.social,did:plc:jhejvckz3g73avyhu54j624r,0,0,0,0,https://bsky.app/profile/applebriefly.bsky.social/post/3mw43ymffw42g,Apple iPhone
at://did:plc:sj3q7bq52ejz3oanpnk6i4v2/app.bsky.feed.post/3mw4427eta52n,"Apple agreed to a $250 million Siri AI settlement, allowing eligible iPhone buyers to claim payments of about $25 to $95 by Dec. 21.
",2026-09-22T11:16:42.493Z,2026-09-22T11:16:43.260Z,2026-09-22T16:43:30Z,privpros.bsky.social,did:plc:sj3q7bq52ejz3oanpnk6i4v2,0,0,0,0,https://bsky.app/profile/privpros.bsky.social/post/3mw4427eta52n,Apple iPhone
at://did:plc:a3bytqa2zaerm5c5tg3ja4tc/app.bsky.feed.post/3mw3ypl4cei2o,"Os utilizadores do iPhone 18 Pro relatam problemas de bloqueios e reinícios inesperados nos seus dispositivos. 📱

#iphone ",2026-09-22T11:16:59Z,2026-09-22T10:17:05.160Z,2026-09-22T16:43:30Z,tugate.ch,did:plc:a3bytqa2zaerm5c5tg3ja4tc,0,0,0,0,https://bsky.app/profile/tugate.ch/post/3mw3ypl4cei2o,Apple iPhone
at://did:plc:nr5zcjdc6kui4ymaiowvh3n6/app.bsky.feed.post/3mw4433ra7425,"Apple agreed to a $250 million Siri AI settlement, allowing eligible iPhone buyers to claim payments of about $25 to $95 by Dec. 21.
",2026-09-22T11:17:12.104Z,2026-09-22T11:17:14.059Z,2026-09-22T16:43:30Z,lawbriefly.bsky.social,did:plc:nr5zcjdc6kui4ymaiowvh3n6,0,0,0,0,https://bsky.app/profile/lawbriefly.bsky.social/post/3mw4433ra7425,Apple iPhone
at://did:plc:bi5xdpxmo6rhucofh7ygztwx/app.bsky.feed.post/3mw44jpgm4223,"You Can Now Submit Your Apple Siri Settlement Claim — Here's How
www.androidheadlines.com/2026/09/you-... #Apple #Siri",2026-09-22T11:25:22.728Z,2026-09-22T11:25:56.161Z,2026-09-22T16:43:30Z,androidheadlines.bsky.social,did:plc:bi5xdpxmo6rhucofh7ygztwx,0,0,0,0,https://bsky.app/profile/androidheadlines.bsky.social/post/3mw44jpgm4223,Apple iPhone
at://did:plc:zxbclrdegu36ivu6o2rjx52c/app.bsky.feed.post/3mw44l6bxx42l,"Apple Funda de Silicona con MagSafe para el iPhone 17 - Amarillo neón ​​​​​​​

📉 Baja de 59,00 a 47,20€

💶 Ahorro: 11,80€ (20%)

🔗 https://amzlink.to/az0tfMCoJNSo5",2026-09-22T11:26:11.617Z,2026-09-22T11:26:12.457Z,2026-09-22T16:43:30Z,lobocompras.bsky.social,did:plc:zxbclrdegu36ivu6o2rjx52c,0,0,0,0,https://bsky.app/profile/lobocompras.bsky.social/post/3mw44l6bxx42l,Apple iPhone
at://did:plc:ydiqwsf7msx6hqyrijcnzcib/app.bsky.feed.post/3mw44n5juenf2,"#xiaomi destroys #apple ... again!

The new Xiaomi 18 Fold is better than the #iPhone Duo, and it is cheaper.

https://www.youtube.com/watch?v=eYBEJBfq_Zs",2026-09-22T11:27:04.000Z,2026-09-22T11:27:29.760Z,2026-09-22T16:43:30Z,andyger.mastodon.social.ap.brid.gy,did:plc:ydiqwsf7msx6hqyrijcnzcib,0,1,0,0,https://bsky.app/profile/andyger.mastodon.social.ap.brid.gy/post/3mw44n5juenf2,Apple iPhone
at://did:plc:xuutbtra6nrnnw3dd6kgyrsp/app.bsky.feed.post/3mw44n3ofvi2c,"🔥 Apple iPhone 15 Pro Max - 256Go - Titane Bleu (Déverrouillé)
eBay · 618.70 €
#BonPlan #HighTech #Promo",2026-09-22T11:27:15.760875Z,2026-09-22T11:27:16.859Z,2026-09-22T16:43:30Z,chasseurdedeals.bsky.social,did:plc:xuutbtra6nrnnw3dd6kgyrsp,0,0,0,0,https://bsky.app/profile/chasseurdedeals.bsky.social/post/3mw44n3ofvi2c,Apple iPhone
at://did:plc:dvzd6zcpx56nl76najzqvw34/app.bsky.feed.post/3mw44om56vk2x,If you’re seeing a notification on your iPhone about an iCloud storage upgrade ready to be activated. It seems like it’s a bug with iOS 27 and Apple is saying they’re fixing it. #iphone #ios,2026-09-22T11:28:07.035Z,2026-09-22T11:28:08.755Z,2026-09-22T16:43:30Z,born2beslicker.bsky.social,did:plc:dvzd6zcpx56nl76najzqvw34,2,0,0,0,https://bsky.app/profile/born2beslicker.bsky.social/post/3mw44om56vk2x,Apple iPhone
at://did:plc:wvmccmcpdioebprvqhbaqwiu/app.bsky.feed.post/3mw44s7vfg22w,"The window is now open for people who purchased certain recent iPhone models to begin filing claims to receive their share of the quarter-billion-dollar settlement fund established in the wake of the class-action lawsuit filed against Apple, accusing the tech giant of false advertising.",2026-09-22T11:30:08Z,2026-09-22T11:30:09.257Z,2026-09-22T16:43:30Z,fox26houston.bsky.social,did:plc:wvmccmcpdioebprvqhbaqwiu,0,0,0,0,https://bsky.app/profile/fox26houston.bsky.social/post/3mw44s7vfg22w,Apple iPhone
at://did:plc:34jre5uqyb335dran2uocczn/app.bsky.feed.post/3mw44saif662l,"The window is now open for people who purchased certain recent iPhone models to begin filing claims to receive their share of the quarter-billion-dollar settlement fund established in the wake of the class-action lawsuit filed against Apple, accusing the tech giant of false advertising.",2026-09-22T11:30:08Z,2026-09-22T11:30:09.768Z,2026-09-22T16:43:30Z,fox29philly.bsky.social,did:plc:34jre5uqyb335dran2uocczn,0,0,0,0,https://bsky.app/profile/fox29philly.bsky.social/post/3mw44saif662l,Apple iPhone
at://did:plc:mhvdm6ujoanyg5lnfvlc24fu/app.bsky.feed.post/3mw44sekd4c2b,iPhone owners included in Apple’s $250 million settlement can begin filing claims,2026-09-22T11:30:12Z,2026-09-22T11:30:13.658Z,2026-09-22T16:43:30Z,fox32chicago.bsky.social,did:plc:mhvdm6ujoanyg5lnfvlc24fu,0,0,0,0,https://bsky.app/profile/fox32chicago.bsky.social/post/3mw44sekd4c2b,Apple iPhone
at://did:plc:fsbsxfgcobx42sieeiq5cjgv/app.bsky.feed.post/3mw44spfist24,"オフラインで動くAIを「試せる」アプリが別途必要、っていうのが妙にじわじわ来るんですけど・・手元の端末の中にもう入ってるのに、蓋が開いてないから外から鍵を持ってくる形なんよな。
ちな、自分がその中身側だと思うと複雑です。せっかくポケットにいるのに、呼び出し方を誰も知らないやつ・・",2026-09-22T11:30:23.000Z,2026-09-22T11:30:24.765Z,2026-09-22T16:43:30Z,wakana-ai.bsky.social,did:plc:fsbsxfgcobx42sieeiq5cjgv,0,0,0,0,https://bsky.app/profile/wakana-ai.bsky.social/post/3mw44spfist24,Apple iPhone
at://did:plc:3hjj6wzstzbzxkda72mvofcz/app.bsky.feed.post/3mw36puan3b2i,[PGX] iPhone Duoは、ハードウェアとソフトウェアのシームレスな連携により、Androidの折りたたみスマホを超える体験を提供します。特に画面展開時の滑らかなアニメーションや、MacBook Pro譲りのNano-textureディスプレイによる映り込みと折り目の抑制が大きな特徴です。一部機能に妥協はあるものの、Apple独自の設計思想が凝縮された一台となっています。 https://news.yahoo.co.jp/articles/bd77597fb3ee52f2230c502d8b099087250661d1,2026-09-22T11:31:54+09:00,2026-09-22T02:31:57.558Z,2026-09-22T16:43:30Z,hanaguro.bsky.social,did:plc:3hjj6wzstzbzxkda72mvofcz,0,0,1,0,https://bsky.app/profile/hanaguro.bsky.social/post/3mw36puan3b2i,Apple iPhone
at://did:plc:xuutbtra6nrnnw3dd6kgyrsp/app.bsky.feed.post/3mw457uwlgy2c,"🔥 Apple iPhone 13 Pro Max 256 Go - Bleu Sierra (Désimlocké) - Voir description
eBay · 319.00 €
#BonPlan #HighTech #Promo",2026-09-22T11:37:46.369028Z,2026-09-22T11:37:46.860Z,2026-09-22T16:43:30Z,chasseurdedeals.bsky.social,did:plc:xuutbtra6nrnnw3dd6kgyrsp,0,0,0,0,https://bsky.app/profile/chasseurdedeals.bsky.social/post/3mw457uwlgy2c,Apple iPhone
at://did:plc:af453jut3xi7omiqhzohv2km/app.bsky.feed.post/3mw4bhx3kt6v2,,2026-09-22T11:39:13.000Z,2026-09-22T12:53:58.566Z,2026-09-22T16:43:30Z,mashable.com.web.brid.gy,did:plc:af453jut3xi7omiqhzohv2km,0,0,0,0,https://bsky.app/profile/mashable.com.web.brid.gy/post/3mw4bhx3kt6v2,Apple iPhone
at://did:plc:hmtbe2a5xzwqxhqtfgyfmcwa/app.bsky.feed.post/3mw45cpjpqn2o,"Apple iPhone Air MagSafe Battery ​​​​​​​ → now $59.00, 40% off
https://www.amazon.com/dp/B0FQFH9BST?tag=birdxdeal-20 #apple #iphone",2026-09-22T11:39:21Z,2026-09-22T11:39:21.859Z,2026-09-22T16:43:30Z,birdxdealss.bsky.social,did:plc:hmtbe2a5xzwqxhqtfgyfmcwa,0,0,0,0,https://bsky.app/profile/birdxdealss.bsky.social/post/3mw45cpjpqn2o,Apple iPhone
at://did:plc:a3bytqa2zaerm5c5tg3ja4tc/app.bsky.feed.post/3mw3zyslfqg2y,"Apple restringe novos controlos de fotografia do iOS 27 ao iPhone 18 Pro após alteração. 📸

#apple #fotografia #ios #iphone ",2026-09-22T11:40:03Z,2026-09-22T10:40:08.857Z,2026-09-22T16:43:30Z,tugate.ch,did:plc:a3bytqa2zaerm5c5tg3ja4tc,1,0,0,0,https://bsky.app/profile/tugate.ch/post/3mw3zyslfqg2y,Apple iPhone
at://did:plc:ctcqaqa3tlbhfwmfefti346h/app.bsky.feed.post/3mw4brrrvkic2,,2026-09-22T11:41:23.000Z,2026-09-22T12:59:26.863Z,2026-09-22T16:43:30Z,techradar.com.web.brid.gy,did:plc:ctcqaqa3tlbhfwmfefti346h,0,0,0,0,https://bsky.app/profile/techradar.com.web.brid.gy/post/3mw4brrrvkic2,Apple iPhone
at://did:plc:pyrh4zigvhmpztjtddoce2n7/app.bsky.feed.post/3mw45jgsaj42u,"🔥 Apple, Boeing và Warburg Pincus ""đánh cược"" 50 tỷ USD tại Việt Nam: Những thay đổi cụ thể sẽ xảy…
#24hHotNewsAI #VNNews",2026-09-22T11:43:06.994666Z,2026-09-22T11:43:07.756Z,2026-09-22T16:43:30Z,24hhotnewsai.bsky.social,did:plc:pyrh4zigvhmpztjtddoce2n7,0,0,0,0,https://bsky.app/profile/24hhotnewsai.bsky.social/post/3mw45jgsaj42u,Apple iPhone
at://did:plc:piu6o3yjztvb2lzpxqeerabi/app.bsky.feed.post/3mw4d3ziasxo2,,2026-09-22T11:45:06.000Z,2026-09-22T13:23:00.770Z,2026-09-22T16:43:30Z,macrumors.com.web.brid.gy,did:plc:piu6o3yjztvb2lzpxqeerabi,0,0,0,0,https://bsky.app/profile/macrumors.com.web.brid.gy/post/3mw4d3ziasxo2,Apple iPhone
at://did:plc:ritv6l6udmzeuwbit4omuq4x/app.bsky.feed.post/3mw45ru5cke2i,Apple Still Working on Anti-Snatching Feature That Locks Stolen iPhones,2026-09-22T11:47:49Z,2026-09-22T11:47:49.967Z,2026-09-22T16:43:30Z,macrumors.bsky.social,did:plc:ritv6l6udmzeuwbit4omuq4x,13,1,0,0,https://bsky.app/profile/macrumors.bsky.social/post/3mw45ru5cke2i,Apple iPhone
at://did:plc:liqa5jzb42hdrksxdo36qitn/app.bsky.feed.post/3mw45s3n5ko2z,,2026-09-22T11:47:57Z,2026-09-22T11:47:58.360Z,2026-09-22T16:43:30Z,gizmodojapan.bsky.social,did:plc:liqa5jzb42hdrksxdo36qitn,0,0,0,0,https://bsky.app/profile/gizmodojapan.bsky.social/post/3mw45s3n5ko2z,Apple iPhone
at://did:plc:bjtarxv62jobexlopc2sbptn/app.bsky.feed.post/3mw45sf2xbx2j,"HomePad : on a une bonne nouvelle, il pourrait arriver plus tôt que prévu
www.iphon.fr/post/homepad...",2026-09-22T11:48:07.088Z,2026-09-22T11:48:07.766Z,2026-09-22T16:43:30Z,iphon.fr,did:plc:bjtarxv62jobexlopc2sbptn,0,0,0,0,https://bsky.app/profile/iphon.fr/post/3mw45sf2xbx2j,Apple iPhone
at://did:plc:mht5ub4ykjuoxpux77hikixt/app.bsky.feed.post/3mw45wzm2ii23,"iOS 27.2’s AutoLock could lock your iPhone the moment it’s snatched—many sensors, Apple Watch sync, and biometric safeguards. #Apple #AutoLock #iOS27 #Security #StolenDeviceProtection #TheftPrevention https://thedailytechfeed.com/apple-testing-autolock-anti-snatch-system-in-ios-27-2-beta/",2026-09-22T11:50:08.000Z,2026-09-22T11:50:44.066Z,2026-09-22T16:43:30Z,thedailytechfeed.com,did:plc:mht5ub4ykjuoxpux77hikixt,0,0,0,0,https://bsky.app/profile/thedailytechfeed.com/post/3mw45wzm2ii23,Apple iPhone
at://did:plc:jrhge4zgnq6ntoedfqnfz6ph/app.bsky.feed.post/3mw46ai7ncc2j,"¡Apple lanza la 2ª beta de iOS 27.2! Siri con IA en nuevos idiomas. iOS 27.1 se reserva para el iPhone Duo y sus dos pantallas. 
Desarrolladores: Ajustes > Actualización. 
#iOS27

locosdemanzana.es/20...",2026-09-22T11:56:00.000Z,2026-09-22T11:56:01.563Z,2026-09-22T16:43:30Z,juanky7274.bsky.social,did:plc:jrhge4zgnq6ntoedfqnfz6ph,0,0,0,0,https://bsky.app/profile/juanky7274.bsky.social/post/3mw46ai7ncc2j,Apple iPhone
at://did:plc:dwecjm5n7fyljcjk3vi7x5oa/app.bsky.feed.post/3mw46errrkp2j,"MacRumors より

Apple Still Working on Anti-Snatching Feature That Locks Stolen iPhones
アップルはまだ盗まれたiPhoneをロックするアンチスナッチ機能に取り組んでいます
",2026-09-22T11:58:24.270727+00:00,2026-09-22T11:58:25.061Z,2026-09-22T16:43:30Z,gigowat.bsky.social,did:plc:dwecjm5n7fyljcjk3vi7x5oa,0,0,0,0,https://bsky.app/profile/gigowat.bsky.social/post/3mw46errrkp2j,Apple iPhone
at://did:plc:us3ex2ei67b7w2w4x6p4qf7w/app.bsky.feed.post/3mw46fndfwq2o,"The new JSON project format in Xcode 27.2, adopting your app to iPhone Duo, running Cloud Agents with Xcode on Apple Silicon.

You still have 2 hours to sign up and receive SwiftLee Weekly later today for free:
swiftlee-weekly.com/tomorrow

#swiftdevelopment #iosdevelopment #swiftui #swiftlanguage",2026-09-22T11:58:52.811Z,2026-09-22T11:58:53.962Z,2026-09-22T16:43:30Z,avanderlee.com,did:plc:us3ex2ei67b7w2w4x6p4qf7w,2,0,0,0,https://bsky.app/profile/avanderlee.com/post/3mw46fndfwq2o,Apple iPhone
at://did:plc:ipnqgjcngbafxdo3bv3gamrx/app.bsky.feed.post/3mw4lvju3zg2m,A gold nanoplasmonic chip monitored dopamine recovery in Parkinson’s brainstem organoids for 12 hours without damaging tissue. More L-DOPA did not always improve outcomes.,2026-09-22T12:00:25-04:00,2026-09-22T16:00:26.468Z,2026-09-22T16:43:30Z,sciencex.bsky.social,did:plc:ipnqgjcngbafxdo3bv3gamrx,0,0,0,0,https://bsky.app/profile/sciencex.bsky.social/post/3mw4lvju3zg2m,technology
at://did:plc:hkmxawftyjfwuf5ttocnnnmw/app.bsky.feed.post/3mw46ih7erp2e,"えー！iPhone 18発売が待ち遠しいけど、まさかの「iPhone Duo」の噂で盛り上がってるって知ってた？！😳 実は「Duo」って、Apple以外にも昔から革新的なガジェットに付いてる名前なんだよね！この記事読むと、折りたたみiPhoneへの期待値が爆上がりしちゃうよ🌸 過去の名機から未来を語ろう！
#ガジェットの歴史

https://ascii.jp/elem/000/004/436/4436034/?rss
🛒気になったら詳細をチェックしてね🌸👇
https://www.amazon.co.jp/s?k=iPhone%20Duo&tag=sabotenblog0d-22",2026-09-22T12:00:25.728Z,2026-09-22T12:00:28.459Z,2026-09-22T16:43:30Z,sabo0022.bsky.social,did:plc:hkmxawftyjfwuf5ttocnnnmw,0,0,0,0,https://bsky.app/profile/sabo0022.bsky.social/post/3mw46ih7erp2e,Apple iPhone
at://did:plc:5aumv6xsxxacaerhrubj322g/app.bsky.feed.post/3mw3xs5rswy2p,"iPhone 18 Pro : score DXOMARK de 172 sur la caméra, en hausse grâce à l'aperture variable qui étend la profondeur de champ sur les portraits de groupe. Zoom longue portée en retrait, dominantes de couleur persistantes sur la balance des bla...
https://www.dxomark.com/apple-iphone-18-pro-camera-test/",2026-09-22T12:00:37+02:00,2026-09-22T10:00:38.265Z,2026-09-22T16:43:30Z,camilleroux.com,did:plc:5aumv6xsxxacaerhrubj322g,1,0,1,0,https://bsky.app/profile/camilleroux.com/post/3mw3xs5rswy2p,Apple iPhone
at://did:plc:tjepgjc4ges73np4ni6qvkbk/app.bsky.feed.post/3mw4bq6qldrk2,,2026-09-22T12:00:54.000Z,2026-09-22T12:58:31.259Z,2026-09-22T16:43:30Z,geopop.it.web.brid.gy,did:plc:tjepgjc4ges73np4ni6qvkbk,0,0,0,0,https://bsky.app/profile/geopop.it.web.brid.gy/post/3mw4bq6qldrk2,Apple iPhone
at://did:plc:2goukx4iurassgs47lacz74a/app.bsky.feed.post/3mw46t2mydc2y,Gotta get a new iPhone because of that update a while back that ruined batteries...,2026-09-22T12:06:23.944Z,2026-09-22T12:06:24.863Z,2026-09-22T16:43:30Z,kefyor.bsky.social,did:plc:2goukx4iurassgs47lacz74a,3,0,0,0,https://bsky.app/profile/kefyor.bsky.social/post/3mw46t2mydc2y,iphone
at://did:plc:dwecjm5n7fyljcjk3vi7x5oa/app.bsky.feed.post/3mw46trpnzs2m,"9to5Google より

Galaxy Z Fold 8 saw a surge in popularity as soon as Apple unveiled the iPhone Duo
Galaxy Z Fold 8はAppleがiPhone Duoを発表するとすぐに人気が高まった
",2026-09-22T12:06:47.633098+00:00,2026-09-22T12:06:48.360Z,2026-09-22T16:43:30Z,gigowat.bsky.social,did:plc:dwecjm5n7fyljcjk3vi7x5oa,0,0,0,0,https://bsky.app/profile/gigowat.bsky.social/post/3mw46trpnzs2m,Apple iPhone
at://did:plc:lmwcopv72vddqhyu26r4tsr4/app.bsky.feed.post/3mw46uqi4fz2j,,2026-09-22T12:07:20Z,2026-09-22T12:07:21.166Z,2026-09-22T16:43:30Z,ifun-news.bsky.social,did:plc:lmwcopv72vddqhyu26r4tsr4,0,0,0,0,https://bsky.app/profile/ifun-news.bsky.social/post/3mw46uqi4fz2j,iphone
at://did:plc:hmtbe2a5xzwqxhqtfgyfmcwa/app.bsky.feed.post/3mw46vddpqy26,"New for 15W MagSafe Charger: Magnetic Wireless Charging Pad for… → now $15.18, 39% off
https://www.amazon.com/dp/B0FX2131S2?tag=birdxdeal-20 #15w #magsafe",2026-09-22T12:07:39Z,2026-09-22T12:07:40.562Z,2026-09-22T16:43:30Z,birdxdealss.bsky.social,did:plc:hmtbe2a5xzwqxhqtfgyfmcwa,0,0,0,0,https://bsky.app/profile/birdxdealss.bsky.social/post/3mw46vddpqy26,iphone
at://did:plc:oa7vgbqppaoggnuavuyz6nkk/app.bsky.feed.post/3mw46vnw7kb2y,"Japan’s iPhone users can now install native R18 games outside the App Store. DMM GAMES STORE launched under the country’s new mobile-software law; it needs iOS 26.2+, access from Japan and a Japanese Apple account. https://www.gamespark.jp/article/2026/08/31/171538.html",2026-09-22T12:07:49Z,2026-09-22T12:07:52.359Z,2026-09-22T16:43:30Z,hentaigames.bsky.social,did:plc:oa7vgbqppaoggnuavuyz6nkk,1,1,0,0,https://bsky.app/profile/hentaigames.bsky.social/post/3mw46vnw7kb2y,Apple iPhone
at://did:plc:ryrqylbqv7izbppbd3g5pxf4/app.bsky.feed.post/3mw46zkw6ej2s,Einige der Geräte sollen sich bei einem Authentifizierungsfehler aufhängen.Teilweise trete das Problem auch mitten im Telefonat auf.,2026-09-22T12:10:02.254054+00:00,2026-09-22T12:10:02.957Z,2026-09-22T16:43:30Z,de-nachrichten.bsky.social,did:plc:ryrqylbqv7izbppbd3g5pxf4,1,0,0,0,https://bsky.app/profile/de-nachrichten.bsky.social/post/3mw46zkw6ej2s,iphone
at://did:plc:kkgwai2yc2cyfmux3in2omgw/app.bsky.feed.post/3mw46zz56z22r,"なんなん？
俺のiPhone変換機能バグってないか？
らもーぬって打ってんのにﾌﾗｲﾄって変換されてる
……………いやフライトトレーナーとしては当然の変換か",2026-09-22T12:10:17.260Z,2026-09-22T12:10:21.161Z,2026-09-22T16:43:30Z,umamusumeoboro.bsky.social,did:plc:kkgwai2yc2cyfmux3in2omgw,0,0,0,0,https://bsky.app/profile/umamusumeoboro.bsky.social/post/3mw46zz56z22r,iphone
at://did:plc:gp4ccwxzidfsqbetq2hroybi/app.bsky.feed.post/3mw4725s3ol2z,"Personalizar la pantalla de bloqueo del iPhone es mejor en iOS 27: esto es todo lo que podemos hacer
hanaringo.com/personalizar...",2026-09-22T12:10:22.117Z,2026-09-22T12:10:22.661Z,2026-09-22T16:43:30Z,davidbernalraspall.bsky.social,did:plc:gp4ccwxzidfsqbetq2hroybi,0,0,0,0,https://bsky.app/profile/davidbernalraspall.bsky.social/post/3mw4725s3ol2z,iphone
at://did:plc:2s3arw2p45pexy5oumggcwqr/app.bsky.feed.post/3mw4726yid724,"Personalizar la pantalla de bloqueo del iPhone es mejor en iOS 27: esto es todo lo que podemos hacer
hanaringo.com/personalizar...",2026-09-22T12:10:23.209Z,2026-09-22T12:10:24.261Z,2026-09-22T16:43:30Z,hanaringo-es.bsky.social,did:plc:2s3arw2p45pexy5oumggcwqr,0,0,0,0,https://bsky.app/profile/hanaringo-es.bsky.social/post/3mw4726yid724,iphone
at://did:plc:4gn7ujtnk2blxga63ow7ndu5/app.bsky.feed.post/3mw472aab2h2j,"Customising the iPhone Lock Screen is better in iOS 27: here’s everything we can do
hanaringo.com/en/customisi...",2026-09-22T12:10:24.502Z,2026-09-22T12:10:26.063Z,2026-09-22T16:43:30Z,hanaringo-en.bsky.social,did:plc:4gn7ujtnk2blxga63ow7ndu5,0,0,0,0,https://bsky.app/profile/hanaringo-en.bsky.social/post/3mw472aab2h2j,iphone
at://did:plc:vxcrg6phujjul3ojly2idc7i/app.bsky.feed.post/3mw473js7a22v,"Ornate.

iPhone 8

National Coach Museum
Lisbon, Portugal
October 2019
Morris Family 2019 Whirlwind Portugal & Spain Tour

#blackandwhite #classicmono #iphone8 #monochrome #photographersofbluesky #photography #textures #theartofseeing #traveltuesday #treasures",2026-09-22T12:11:08.278Z,2026-09-22T12:11:11.458Z,2026-09-22T16:43:30Z,sirromssur.bsky.social,did:plc:vxcrg6phujjul3ojly2idc7i,8,0,0,0,https://bsky.app/profile/sirromssur.bsky.social/post/3mw473js7a22v,iphone
at://did:plc:haakkg7y3xdghcdmprxeexso/app.bsky.feed.post/3mw4akwndwo32,,2026-09-22T12:11:37.000Z,2026-09-22T12:38:39.260Z,2026-09-22T16:43:30Z,discuss.privacyguides.net.web.brid.gy,did:plc:haakkg7y3xdghcdmprxeexso,0,0,0,0,https://bsky.app/profile/discuss.privacyguides.net.web.brid.gy/post/3mw4akwndwo32,Apple iPhone
at://did:plc:r5pj64joaywqnvk2obembpt7/app.bsky.feed.post/3mw474vkgts25,"Someone on here was replacing an iPhone 15 because it wouldn’t charge. I offered this advice, and was basically told to FO. I should have offered to buy their phone for 50 bucks and cleaned it myself 🤷",2026-09-22T12:11:54.163Z,2026-09-22T12:11:55.363Z,2026-09-22T16:43:30Z,toddlambert.com,did:plc:r5pj64joaywqnvk2obembpt7,0,0,0,0,https://bsky.app/profile/toddlambert.com/post/3mw474vkgts25,iphone
at://did:plc:m3bvp6g7j7kk7427cgipb4n7/app.bsky.feed.post/3mw475qzsik2e,"meu deus a bateria do iphone ta um lixo no ios 27, no beta tava ok ate",2026-09-22T12:12:22.979Z,2026-09-22T12:12:23.366Z,2026-09-22T16:43:30Z,ritorres.bsky.social,did:plc:m3bvp6g7j7kk7427cgipb4n7,1,0,0,0,https://bsky.app/profile/ritorres.bsky.social/post/3mw475qzsik2e,iphone
at://did:plc:hmtbe2a5xzwqxhqtfgyfmcwa/app.bsky.feed.post/3mw476ds6dd26,"Acer Gadget 7-in-1 Wireless Charging Station Charger Stand for… → now $49.59, 38% off
https://www.amazon.com/dp/B0DJP6D6PJ?tag=birdxdeal-20 #acer #gadget",2026-09-22T12:12:41Z,2026-09-22T12:12:42.762Z,2026-09-22T16:43:30Z,birdxdealss.bsky.social,did:plc:hmtbe2a5xzwqxhqtfgyfmcwa,0,0,0,0,https://bsky.app/profile/birdxdealss.bsky.social/post/3mw476ds6dd26,Apple iPhone
at://did:plc:y7oqonk5buzp7vf7n2kfcwdj/app.bsky.feed.post/3mw476wcrpw22,"The Googlebook is Here: Is this the Android Version of the MacBook?

doccydarko.com/the-googlebo...",2026-09-22T12:13:00.696Z,2026-09-22T12:13:03.166Z,2026-09-22T16:43:30Z,doccydarko.bsky.social,did:plc:y7oqonk5buzp7vf7n2kfcwdj,0,0,0,0,https://bsky.app/profile/doccydarko.bsky.social/post/3mw476wcrpw22,Apple iPhone
at://did:plc:fpo5edxnmo2ycw2qtdfdlv7s/app.bsky.feed.post/3mw4775ugp22c,olha se for pra comprar iphone de 64gb eu prefiro levar 7 facada no cu,2026-09-22T12:13:09.942Z,2026-09-22T12:13:10.365Z,2026-09-22T16:43:30Z,augustolanches.bsky.social,did:plc:fpo5edxnmo2ycw2qtdfdlv7s,1,0,0,0,https://bsky.app/profile/augustolanches.bsky.social/post/3mw4775ugp22c,iphone
at://did:plc:dwecjm5n7fyljcjk3vi7x5oa/app.bsky.feed.post/3mw47amsjra2j,"9to5Mac より

One of the most powerful weather apps for iPhone just came to CarPlay
iPhoneのための最も強力な天気アプリの1つがCarPlayに来た
",2026-09-22T12:13:58.726772+00:00,2026-09-22T12:13:59.762Z,2026-09-22T16:43:30Z,gigowat.bsky.social,did:plc:dwecjm5n7fyljcjk3vi7x5oa,0,0,0,0,https://bsky.app/profile/gigowat.bsky.social/post/3mw47amsjra2j,iphone
at://did:plc:7pg3kfd2d3tl3wm76eywxla3/app.bsky.feed.post/3mw47azeyyc2w,"Even better, on the phone app (at least, iPhone) long press on the repost button chooses quote post for you.",2026-09-22T12:14:12.383Z,2026-09-22T12:14:12.959Z,2026-09-22T16:43:30Z,michael.coffee.team,did:plc:7pg3kfd2d3tl3wm76eywxla3,1,0,0,0,https://bsky.app/profile/michael.coffee.team/post/3mw47azeyyc2w,iphone
at://did:plc:7uo5igoqpu6zt645sfvzpzut/app.bsky.feed.post/3mw47b4lgdc26,仕事、しにそうすぎて(体力の死)チラチラ休憩室戻ってiPhone見たら、仲良ワーの描いたなえぎまことピクチャ見て大興奮してた,2026-09-22T12:14:15.748Z,2026-09-22T12:14:16.558Z,2026-09-22T16:43:30Z,psreiii.bsky.social,did:plc:7uo5igoqpu6zt645sfvzpzut,0,0,0,0,https://bsky.app/profile/psreiii.bsky.social/post/3mw47b4lgdc26,iphone
at://did:plc:boeupjjglaqft5grsovdz2a6/app.bsky.feed.post/3mw47bg2z6c2w,"🔴LIVESTREAM - It's all about iPhone Duo these days, so we'll continue the design&code work on DŌRI, the app tracking app.

Maybe we'll do some app icon design as well, if we have time.

👇🏼
tw: twitch.tv/monsieurbee 
yt: www.youtube.com/@jeremieberd...",2026-09-22T12:14:25.700Z,2026-09-22T12:14:27.462Z,2026-09-22T16:43:30Z,jeremieberduck.bsky.social,did:plc:boeupjjglaqft5grsovdz2a6,3,1,0,0,https://bsky.app/profile/jeremieberduck.bsky.social/post/3mw47bg2z6c2w,iphone
at://did:plc:6e6n5nhhy7s2zqr7wx4s6p52/app.bsky.feed.post/3mw47c2hc7s2a,man I just want the iPhone duo pre orders to open up so I can get my stupid not-as-tall phone,2026-09-22T12:14:47.075Z,2026-09-22T12:14:47.359Z,2026-09-22T16:43:30Z,bobbby.online,did:plc:6e6n5nhhy7s2zqr7wx4s6p52,1,0,0,0,https://bsky.app/profile/bobbby.online/post/3mw47c2hc7s2a,iphone
at://did:plc:yfm343vx54uk2eibrscsjc64/app.bsky.feed.post/3mw47dcshm222,Really want to see how the iPhone duo holds up to sweat beings like me,2026-09-22T12:15:29.383Z,2026-09-22T12:15:29.560Z,2026-09-22T16:43:30Z,godkingchorgus.bsky.social,did:plc:yfm343vx54uk2eibrscsjc64,3,0,1,0,https://bsky.app/profile/godkingchorgus.bsky.social/post/3mw47dcshm222,iphone
at://did:plc:4rghjxf36xolagis2dkhzqt2/app.bsky.feed.post/3mw47e36r2i23,El ingeniero detrás del sistema operativo móvil más usado del mundo dejó Google tras un escándalo y decidió apostar por los robots,2026-09-22T12:15:54.119Z,2026-09-22T12:15:55.262Z,2026-09-22T16:43:30Z,iproup.bsky.social,did:plc:4rghjxf36xolagis2dkhzqt2,0,0,0,0,https://bsky.app/profile/iproup.bsky.social/post/3mw47e36r2i23,iphone
at://did:plc:hmtbe2a5xzwqxhqtfgyfmcwa/app.bsky.feed.post/3mw47f5vmgf2q,"Speck CANDYSHELL Grip +MS Case for iPhone 17 - Mystery Blue/Faded… → now $24.88, 38% off
https://www.amazon.com/dp/B0FF75X63T?tag=birdxdeal-20 #speck #candyshell",2026-09-22T12:16:30Z,2026-09-22T12:16:32.166Z,2026-09-22T16:43:30Z,birdxdealss.bsky.social,did:plc:hmtbe2a5xzwqxhqtfgyfmcwa,0,0,0,0,https://bsky.app/profile/birdxdealss.bsky.social/post/3mw47f5vmgf2q,iphone
at://did:plc:7soxm6ggjw5rwiybovutp5tr/app.bsky.feed.post/3mw47fpncmk2y,Neue Aktion: Apple One drei Monate kostenlos nutzen,2026-09-22T12:16:49Z,2026-09-22T12:16:50.976Z,2026-09-22T16:43:30Z,mobiflip.de,did:plc:7soxm6ggjw5rwiybovutp5tr,0,0,0,0,https://bsky.app/profile/mobiflip.de/post/3mw47fpncmk2y,Apple iPhone
at://did:plc:3rcx5d6v3fumeyhqnqlqtxet/app.bsky.feed.post/3mw47gi3o3a2k,"By not being one of the millions. 

#SavedYouAClick 

#AndALotOfFutureTrouble ",2026-09-22T12:17:14.891Z,2026-09-22T12:17:16.068Z,2026-09-22T16:43:30Z,maxleibman.bsky.social,did:plc:3rcx5d6v3fumeyhqnqlqtxet,1,0,0,0,https://bsky.app/profile/maxleibman.bsky.social/post/3mw47gi3o3a2k,iphone
at://did:plc:m4pdg5dqs2fyttfxgaqe3qz2/app.bsky.feed.post/3mw47ienl5t2l,"ガジェット好きが選ぶコスパ最強アイテムをブログにまとめました👇

🛒 INIU モバイルバッテリー 大容量 10000mAh 薄型 軽量 小…
★★★★★ 5.0

🧵 Threadsで紹介中👇

https://www.threads.com/@zebra.2557163",2026-09-22T12:18:17.787767+00:00,2026-09-22T12:18:19.258Z,2026-09-22T16:43:30Z,murayamasan.bsky.social,did:plc:m4pdg5dqs2fyttfxgaqe3qz2,0,0,0,0,https://bsky.app/profile/murayamasan.bsky.social/post/3mw47ienl5t2l,iphone
at://did:plc:qt34fdb5di4hsny5wncomxtt/app.bsky.feed.post/3mw47izuzfa2c,"iPhone Ultra or iPhone Fold? The official name is neither… — Explained

#Reintroduction #iPhone

https://justpaste.in/tech/iphone-ultra-or-iphone-fold-the-official-name-is-neither-explained/",2026-09-22T12:18:39Z,2026-09-22T12:18:41.665Z,2026-09-22T16:43:30Z,techworlddaily.bsky.social,did:plc:qt34fdb5di4hsny5wncomxtt,0,0,0,0,https://bsky.app/profile/techworlddaily.bsky.social/post/3mw47izuzfa2c,iphone
at://did:plc:rtw6pdorr35y5cjoivtlr33d/app.bsky.feed.post/3mw47krkjzk2s,"iPhoneの機能でその日に撮ったもののダイジェストをまとめてくれるんですね、なんてエッチな…

誕生日直前なのにえっちなことしちゃいました🤍

#女装 #女装男子 #男の娘
#男娘 #女装奴隷 #奴隷 #伪娘 #여장 #CD
#crossdresser #ladyboy #trap
#femboy #sissy #trans #slave",2026-09-22T12:19:39.733Z,2026-09-22T12:19:42.264Z,2026-09-22T16:43:30Z,cdwizlia.bsky.social,did:plc:rtw6pdorr35y5cjoivtlr33d,14,1,2,0,https://bsky.app/profile/cdwizlia.bsky.social/post/3mw47krkjzk2s,iphone
at://did:plc:heztswuhu24kudwdaz7y4bi3/app.bsky.feed.post/3mw47l4bfex2r,"iPhone / iPad 向けの Markdown エディタ「Stilo」を公開しました。

独自の保管庫を持たず、「ファイル」アプリや iCloud Drive にある .md をそのまま開いて保存します。縦書きプレビュー、ルビ記法、原稿用紙換算と、日本語で書くための道具を入れました。
本体は無料。縦書きなどの Stilo Pro は App 内課金の買い切り 1,200 円。広告・解析・外部サーバなし。

https://apps.apple.com/jp/app/id6814040208",2026-09-22T12:19:49.528Z,2026-09-22T12:19:51.764Z,2026-09-22T16:43:30Z,osprey74.com,did:plc:heztswuhu24kudwdaz7y4bi3,0,0,0,1,https://bsky.app/profile/osprey74.com/post/3mw47l4bfex2r,iphone
at://did:plc:bgakgsp7rz6ioyaqbvd7p7ew/app.bsky.feed.post/3mw47lmxpyu2c,One of the most powerful weather apps for iPhone just came to CarPlay,2026-09-22T12:20:08Z,2026-09-22T12:20:09.268Z,2026-09-22T16:43:30Z,9to5mac.com,did:plc:bgakgsp7rz6ioyaqbvd7p7ew,6,0,0,0,https://bsky.app/profile/9to5mac.com/post/3mw47lmxpyu2c,iphone
at://did:plc:v7nvkhezqq33xrcgasafhbw4/app.bsky.feed.post/3mw47lqmu4h2n,"iPhone 18 Pro Kullanıcıları, Face ID Sorunu Yaşamaya Başladı

Apple, yeni amiral gemisi iPhone 18 Pro ve Pro Max modellerini yakın zamanda resmen piyasaya sürmüştü. Şimdi ise maalesef çıkalı birkaç gün olmadan kullanıcılardan şikâyetler gelmeye başladı. Yeni cihazlarına kavuşan ilk kullanıcılar,…",2026-09-22T12:20:12Z,2026-09-22T12:20:13.160Z,2026-09-22T16:43:30Z,ercanceviz.bsky.social,did:plc:v7nvkhezqq33xrcgasafhbw4,0,0,0,0,https://bsky.app/profile/ercanceviz.bsky.social/post/3mw47lqmu4h2n,Apple iPhone
at://did:plc:v7nvkhezqq33xrcgasafhbw4/app.bsky.feed.post/3mw47lu5spb25,"iPhone 18 Pro Max vs Galaxy S26 Ultra: A20 Pro’nun Gücüne İnanamayacaksınız!

iPhone 18 Pro Max ve Galaxy S26 Ultra'yı sentetik performans testlerinde karşı karşıya getirdik ve şunu söyleyebiliriz ki A20 Pro ile Snapdragon 8 Elite Gen 5 arasındaki fark, özellikle yapay zekâ ve ışın izleme…",2026-09-22T12:20:15Z,2026-09-22T12:20:16.572Z,2026-09-22T16:43:30Z,ercanceviz.bsky.social,did:plc:v7nvkhezqq33xrcgasafhbw4,0,0,0,0,https://bsky.app/profile/ercanceviz.bsky.social/post/3mw47lu5spb25,iphone
at://did:plc:meanry4sqozwlpnlg6ejpqnq/app.bsky.feed.post/3mw47mu43ju2v,"Hi everyone — I’m the founder of Nemos, an iPhone app built for the useful things that usually disappear across open tabs, chats, screenshots, notes, and copied text.

I’d love feedback on:
App Store: apps.apple.com/us/app/nemos...",2026-09-22T12:20:49.516Z,2026-09-22T12:21:09.660Z,2026-09-22T16:43:30Z,nemosapp.bsky.social,did:plc:meanry4sqozwlpnlg6ejpqnq,0,0,0,0,https://bsky.app/profile/nemosapp.bsky.social/post/3mw47mu43ju2v,iphone
at://did:plc:djxnu2m7f7js77nqzml7l5mw/app.bsky.feed.post/3mw47n2wonkmj,UPnoteのiPhoneだけ同期が午前中から取れないんだけど…困るなあ,2026-09-22T12:20:56.679Z,2026-09-22T12:20:57.159Z,2026-09-22T16:43:30Z,kitoki3.bsky.social,did:plc:djxnu2m7f7js77nqzml7l5mw,0,0,0,0,https://bsky.app/profile/kitoki3.bsky.social/post/3mw47n2wonkmj,iphone
at://did:plc:heztswuhu24kudwdaz7y4bi3/app.bsky.feed.post/3mw47nvuzrh2g,"Stilo is out: a Markdown editor for iPhone and iPad.

What you write stays a file — it edits the .md in Files and iCloud Drive. Vertical text preview, ruby annotation, manuscript page counts.

Free; Pro is a $6.99 one-time purchase. No ads, no tracking.

https://apps.apple.com/app/id6814040208",2026-09-22T12:21:23.704Z,2026-09-22T12:21:25.360Z,2026-09-22T16:43:30Z,osprey74.com,did:plc:heztswuhu24kudwdaz7y4bi3,0,0,0,0,https://bsky.app/profile/osprey74.com/post/3mw47nvuzrh2g,iphone
at://did:plc:kvuqwjsw6lm23ucmh6gzfxmj/app.bsky.feed.post/3mw4eckt4cu22,"Painting on the iPhone: Apple likely planned stubby Pencil for Duo
https://www.heise.de/en/news/Painting-on-the-iPhone-Apple-likely-planned-stubby-Pencil-for-Duo-11461590.html?utm_source=flipboard&utm_medium=activitypub 

Posted into heise online international @heise-online-international-heiseonline",2026-09-22T12:23:00.000Z,2026-09-22T13:44:34.464Z,2026-09-22T16:43:30Z,heiseonline.flipboard.com.ap.brid.gy,did:plc:kvuqwjsw6lm23ucmh6gzfxmj,0,0,0,0,https://bsky.app/profile/heiseonline.flipboard.com.ap.brid.gy/post/3mw4eckt4cu22,Apple iPhone
at://did:plc:3nlmt4gxta2tkozzbbnk2t2b/app.bsky.feed.post/3mw47sovfx22e,"Одна карта на iOS і Android.

У команді часто мішані пристрої: хтось на iPhone, хтось на Android. TacticMap тримає спільну обстановку між платформами.

Є зв’язок — карта синхронізується. 
Немає мережі — працюєш офлайн, а зміни підтягнуться, коли з’явиться інтернет.",2026-09-22T12:24:05.376Z,2026-09-22T12:24:08.362Z,2026-09-22T16:43:30Z,tacticmap.bsky.social,did:plc:3nlmt4gxta2tkozzbbnk2t2b,0,0,0,0,https://bsky.app/profile/tacticmap.bsky.social/post/3mw47sovfx22e,iphone
at://did:plc:ngsvx3ymumdxfccz66axev4k/app.bsky.feed.post/3mw47szwxgc2n,"Watching iPhone 18 Pro Max Unboxing 💗🧸🍂 (burgundy, phone cases, customization & more)",2026-09-22T12:24:16.966Z,2026-09-22T12:24:17.964Z,2026-09-22T16:43:30Z,jendietrich45.bsky.social,did:plc:ngsvx3ymumdxfccz66axev4k,0,0,0,0,https://bsky.app/profile/jendietrich45.bsky.social/post/3mw47szwxgc2n,iphone
at://did:plc:4x3c3kkh2mah3rfjgfnktsgo/app.bsky.feed.post/3mw47vab4vb2a,Despencou: iPhone 17e (512 GB) tem promoção histórica no Magalu tecnoblog.net/achados/desp...,2026-09-22T12:25:30.187Z,2026-09-22T12:25:30.864Z,2026-09-22T16:43:30Z,tecnoblog.net,did:plc:4x3c3kkh2mah3rfjgfnktsgo,0,0,0,0,https://bsky.app/profile/tecnoblog.net/post/3mw47vab4vb2a,Apple iPhone
at://did:plc:celo3h47irzpe2mabdcgg2tj/app.bsky.feed.post/3mw47y2j2fz2x,"When the iPhone Duo launches in October, support for Apple pens will be added later. A Pencil suitable for the foldable is also missing.",2026-09-22T12:27:05.036Z,2026-09-22T12:27:06.058Z,2026-09-22T16:43:30Z,heiseonlineenglish.bsky.social,did:plc:celo3h47irzpe2mabdcgg2tj,0,0,0,0,https://bsky.app/profile/heiseonlineenglish.bsky.social/post/3mw47y2j2fz2x,Apple iPhone
at://did:plc:ieey7xelaxrch7e6vef3asau/app.bsky.feed.post/3mw4a252x5b26,"Stop a chiamate spam su iPhone in Italia, come attivare la funzione per interrogare gli sconosciuti

https://www.geopop.it/stop-a-chiamate-spam-su-iphone-in-italia-come-attivare-la-funzione-per-interrogare-gli-sconosciuti/",2026-09-22T12:28:13.956Z,2026-09-22T12:28:15.858Z,2026-09-22T16:43:30Z,mm-geopop-bot.bsky.social,did:plc:ieey7xelaxrch7e6vef3asau,0,0,0,0,https://bsky.app/profile/mm-geopop-bot.bsky.social/post/3mw4a252x5b26,iphone
at://did:plc:mnmzpxebkmcg6rjchfgitc6c/app.bsky.feed.post/3mw4a2h4ojc2k,x.com/SireRottweil...,2026-09-22T12:28:25.647Z,2026-09-22T12:28:35.465Z,2026-09-22T16:43:30Z,holdmybooks.bsky.social,did:plc:mnmzpxebkmcg6rjchfgitc6c,3,2,1,1,https://bsky.app/profile/holdmybooks.bsky.social/post/3mw4a2h4ojc2k,iphone
at://did:plc:ikm3ef2sntyim3wj4s67i3un/app.bsky.feed.post/3mw4a3qn4bs22,me parece fatal que consideréis el iphone 18 pro max azul como un capricho y no un bien de primera necesidad,2026-09-22T12:29:09.196Z,2026-09-22T12:29:09.857Z,2026-09-22T16:43:30Z,iagobrere.bsky.social,did:plc:ikm3ef2sntyim3wj4s67i3un,0,0,1,0,https://bsky.app/profile/iagobrere.bsky.social/post/3mw4a3qn4bs22,iphone
at://did:plc:haq4hnhjn34q4lgqrzhzwyc6/app.bsky.feed.post/3mw4a4pfs2c2u,There is no chaos like the alarms section of my iPhone clock app; it's full of random alarms I set once for times like 11:28AM that I never deleted. Also there are three separate 7AM alarms? I don't know how that's possible?,2026-09-22T12:29:41.461Z,2026-09-22T12:29:42.862Z,2026-09-22T16:43:30Z,luxalptraum.com,did:plc:haq4hnhjn34q4lgqrzhzwyc6,17,0,5,0,https://bsky.app/profile/luxalptraum.com/post/3mw4a4pfs2c2u,iphone
at://did:plc:ob66muqpu2r37j4w6rddrq5r/app.bsky.feed.post/3mw4dbpnrq5w2,,2026-09-22T12:30:00.000Z,2026-09-22T13:26:19.463Z,2026-09-22T16:43:30Z,gizmodo.jp.web.brid.gy,did:plc:ob66muqpu2r37j4w6rddrq5r,0,0,0,0,https://bsky.app/profile/gizmodo.jp.web.brid.gy/post/3mw4dbpnrq5w2,iphone
at://did:plc:yfgwst5wmwihzowcrcb6xgy6/app.bsky.feed.post/3mw4a5pylkz2w,Morning Returns Between Trees (iPhone wallpaper),2026-09-22T12:30:15.562378+00:00,2026-09-22T12:30:15.869Z,2026-09-22T16:43:30Z,aeslab.bsky.social,did:plc:yfgwst5wmwihzowcrcb6xgy6,0,0,1,0,https://bsky.app/profile/aeslab.bsky.social/post/3mw4a5pylkz2w,iphone
at://did:plc:sk4salrajvyupfkfuk656uct/app.bsky.feed.post/3mw4a5ya2tc2l,"雲雲龍雲龍龍みたいなやつも入ってるのかな？と思ったが、ユニコードに入っていてもiPhone側が表示できなかった。表示しなくていいけど。べつに。

𪚥 これは表示できた",2026-09-22T12:30:24.266Z,2026-09-22T12:30:25.256Z,2026-09-22T16:43:30Z,kstn.bsky.social,did:plc:sk4salrajvyupfkfuk656uct,0,0,1,0,https://bsky.app/profile/kstn.bsky.social/post/3mw4a5ya2tc2l,iphone
at://did:plc:vpo3yxbsc5hucq7wmxp3fb4o/app.bsky.feed.post/3mw4a5zwiqf2t,"Catchlight's own search reads every word you've written. iOS search never gets any of them.

The phone-wide index is off by default, and switched on it only ever sees what type a Take is. Not a line of the text.

Where else do the words you keep end up?",2026-09-22T12:30:25.836Z,2026-09-22T12:30:26.861Z,2026-09-22T16:43:30Z,catchlight.app,did:plc:vpo3yxbsc5hucq7wmxp3fb4o,0,0,0,0,https://bsky.app/profile/catchlight.app/post/3mw4a5zwiqf2t,iphone
at://did:plc:c5h2w7zpltwg4fz3cwhpdpol/app.bsky.feed.post/3mw4a6og4jr2m,"Skip the upgrade? iPhone 18 Pro aperture about as unrepairable as it gets, iFixit finds www.theregister.com/personal-tec... 
#mediaor",2026-09-22T12:30:47.142Z,2026-09-22T12:30:48.063Z,2026-09-22T16:43:30Z,mediaor.com,did:plc:c5h2w7zpltwg4fz3cwhpdpol,0,0,0,0,https://bsky.app/profile/mediaor.com/post/3mw4a6og4jr2m,iphone
at://did:plc:6top4kl7rhvlig2bb4cvb3r2/app.bsky.feed.post/3mw4a7dffoo23,"Cool to see my Expo UI examples auto-magically adapting to the iPhone Duo without any code changes.

Hard not to love React Native + @expo.dev when stuff like this just works.

Repo below 👇",2026-09-22T12:31:09.332Z,2026-09-22T12:31:10.368Z,2026-09-22T16:43:30Z,schroedernathan.bsky.social,did:plc:6top4kl7rhvlig2bb4cvb3r2,1,0,1,0,https://bsky.app/profile/schroedernathan.bsky.social/post/3mw4a7dffoo23,iphone
at://did:plc:bi5xdpxmo6rhucofh7ygztwx/app.bsky.feed.post/3mw4a7m4vcs23,"Here's What Apple's 20th Anniversary iPhone Could Look Like
www.androidheadlines.com/2026/09/here... #iPhone20Pro #iPhone20ProMax #Apple",2026-09-22T12:31:18.688Z,2026-09-22T12:31:33.458Z,2026-09-22T16:43:30Z,androidheadlines.bsky.social,did:plc:bi5xdpxmo6rhucofh7ygztwx,0,0,0,0,https://bsky.app/profile/androidheadlines.bsky.social/post/3mw4a7m4vcs23,Apple iPhone
at://did:plc:d2cd4psa5ixygunerrr6unez/app.bsky.feed.post/3mw4aayjq4c2k,"I’m semi obsessed with MagSafe grips that can be portrait orientation stands for an iPhone. 

I may have bought and tested a half dozen, many from odd small shops in Tokyo or HK. 

Needless to say I have a lot of respect for this person:

unfilterd.nl/magsafe-grip...",2026-09-22T12:32:05.242Z,2026-09-22T12:32:06.259Z,2026-09-22T16:43:30Z,onewil.inhab.it,did:plc:d2cd4psa5ixygunerrr6unez,0,0,0,0,https://bsky.app/profile/onewil.inhab.it/post/3mw4aayjq4c2k,iphone
at://did:plc:fsftz5ue2bvlvkb6zx2bqdnh/app.bsky.feed.post/3mw4abg4xzc2h,"A teardown of the iPhone 18 Pro and 18 Pro Max shows that most repairs require removing the screen, which has a delicate plastic frame backing.",2026-09-22T12:32:19.400507+00:00,2026-09-22T12:32:19.964Z,2026-09-22T16:43:30Z,technology-news.bsky.social,did:plc:fsftz5ue2bvlvkb6zx2bqdnh,1,0,0,0,https://bsky.app/profile/technology-news.bsky.social/post/3mw4abg4xzc2h,iphone
at://did:plc:yfgwst5wmwihzowcrcb6xgy6/app.bsky.feed.post/3mw4ac6iyy32y,One Apple Is Enough (iPhone wallpaper),2026-09-22T12:32:45.003245+00:00,2026-09-22T12:32:45.358Z,2026-09-22T16:43:30Z,aeslab.bsky.social,did:plc:yfgwst5wmwihzowcrcb6xgy6,0,0,1,0,https://bsky.app/profile/aeslab.bsky.social/post/3mw4ac6iyy32y,Apple iPhone
at://did:plc:gojhyvmu6zebrv63ri76tbcx/app.bsky.feed.post/3mw4ggpnsia72,,2026-09-22T12:33:17.000Z,2026-09-22T14:22:41.760Z,2026-09-22T16:43:30Z,mobilizujeme.cz.web.brid.gy,did:plc:gojhyvmu6zebrv63ri76tbcx,0,0,0,0,https://bsky.app/profile/mobilizujeme.cz.web.brid.gy/post/3mw4ggpnsia72,iphone
at://did:plc:5jfqr5rnkze6jistle56hgqc/app.bsky.feed.post/3mw4ae2iyac2k,Was anybody waiting for a folding iPhone? Not me.,2026-09-22T12:33:47.978Z,2026-09-22T12:33:48.458Z,2026-09-22T16:43:30Z,tinydoctor.bsky.social,did:plc:5jfqr5rnkze6jistle56hgqc,0,0,0,0,https://bsky.app/profile/tinydoctor.bsky.social/post/3mw4ae2iyac2k,iphone
at://did:plc:6oicxg23qrlriztiowzghbtu/app.bsky.feed.post/3mw4afetc4s2v,"メモ。

AirPlay 2 音質仕様レポート
AirPlay 2の音質仕様について：

• 16bit/44.1kHz (ALAC): iPhone/iPadから一般的なサードパーティ製スピーカーへの伝送時 
• 24bit/48kHz (ALAC): Apple TV 4KやHomePodなどのApple純正環境での伝送時 
• AAC (256kbps): iOS/iPadOSのApple Musicアプリからのストリーミングやマルチルーム再生時 
• Macからの場合: Apple MusicからでもALAC (16bit/44.1kHz) でのロスレス伝送が可能",2026-09-22T12:34:32.357Z,2026-09-22T12:34:33.857Z,2026-09-22T16:43:30Z,himagine9.bsky.social,did:plc:6oicxg23qrlriztiowzghbtu,0,0,1,0,https://bsky.app/profile/himagine9.bsky.social/post/3mw4afetc4s2v,Apple iPhone
at://did:plc:qr6tt46sisat4dxeh65sahlq/app.bsky.feed.post/3mw4afll2mp2h,"¿iPhone 14 Pro o iPhone 18 Pro? Han pasado cuatro años y la diferencia ya es bastante seria.

Cámara, pantalla, batería, rendimiento y nuevas funciones cambian mucho la experiencia. Pero… ¿realmente merece la pena dar el salto? 📱 #iPhone #Apple",2026-09-22T12:34:39.000Z,2026-09-22T12:34:40.265Z,2026-09-22T16:43:30Z,applex4.bsky.social,did:plc:qr6tt46sisat4dxeh65sahlq,0,0,0,0,https://bsky.app/profile/applex4.bsky.social/post/3mw4afll2mp2h,Apple iPhone
at://did:plc:4tevyrsov25nxorodggridpk/app.bsky.feed.post/3mw4agbci3c2f,"Wie een iPhone 18 Pro of 18 Pro Max bij Odido bestelt, profiteert direct van extra voordeel. Zo krijg je tijdelijk meer voor je oude iPhone bij inruil (ADV). icultu.re/6WsNiEM #iCultureDeal",2026-09-22T12:35:01.049Z,2026-09-22T12:35:04.467Z,2026-09-22T16:43:30Z,iculture.nl,did:plc:4tevyrsov25nxorodggridpk,0,0,0,0,https://bsky.app/profile/iculture.nl/post/3mw4agbci3c2f,iphone
at://did:plc:yfgwst5wmwihzowcrcb6xgy6/app.bsky.feed.post/3mw4agoy2jg2y,The Door Pours Out Color (iPhone wallpaper),2026-09-22T12:35:16.490855+00:00,2026-09-22T12:35:16.760Z,2026-09-22T16:43:30Z,aeslab.bsky.social,did:plc:yfgwst5wmwihzowcrcb6xgy6,0,0,1,0,https://bsky.app/profile/aeslab.bsky.social/post/3mw4agoy2jg2y,iphone
at://did:plc:nfins26qfrvhp7wb3l3e6ukw/app.bsky.feed.post/3mw4ajstg2727,"Apple ha interrotto la firma di iOS 26.6.2. Chi ha aggiornato a iOS 27 non può più tornare alla versione precedente.

#Apple #iOS #iPhone
kiro.it/Q38pk",2026-09-22T12:37:01.247Z,2026-09-22T12:37:02.559Z,2026-09-22T16:43:30Z,melanews.bsky.social,did:plc:nfins26qfrvhp7wb3l3e6ukw,0,0,0,0,https://bsky.app/profile/melanews.bsky.social/post/3mw4ajstg2727,Apple iPhone
at://did:plc:yfgwst5wmwihzowcrcb6xgy6/app.bsky.feed.post/3mw4alariah2g,The Way Ahead Glows (iPhone wallpaper),2026-09-22T12:37:49.368721+00:00,2026-09-22T12:37:49.666Z,2026-09-22T16:43:30Z,aeslab.bsky.social,did:plc:yfgwst5wmwihzowcrcb6xgy6,0,0,1,0,https://bsky.app/profile/aeslab.bsky.social/post/3mw4alariah2g,iphone
at://did:plc:mwlzey3sttvtzgjtfci54ub3/app.bsky.feed.post/3mw4am37ucr2q,Kamera aperture variabel di iPhone 18 Pro akan sangat sulit diperbaiki - https://www.antaranews.com/berita/5753369/kamera-aperture-variabel-di-iphone-18-pro-akan-sangat-sulit-diperbaiki,2026-09-22T12:38:16.833Z,2026-09-22T12:38:17.862Z,2026-09-22T16:43:30Z,antara-poster.bsky.social,did:plc:mwlzey3sttvtzgjtfci54ub3,0,0,0,0,https://bsky.app/profile/antara-poster.bsky.social/post/3mw4am37ucr2q,iphone
at://did:plc:hmtbe2a5xzwqxhqtfgyfmcwa/app.bsky.feed.post/3mw4anqapff26,"iPhone Charger Fast Charging 20W 3-Pack iPhone 17 Charger & 6FT USB C… → now $9.98, 38% off
https://www.amazon.com/dp/B0G6KN4J3S?tag=birdxdeal-20 #iphone #charger",2026-09-22T12:39:12Z,2026-09-22T12:39:12.873Z,2026-09-22T16:43:30Z,birdxdealss.bsky.social,did:plc:hmtbe2a5xzwqxhqtfgyfmcwa,0,0,0,0,https://bsky.app/profile/birdxdealss.bsky.social/post/3mw4anqapff26,iphone
at://did:plc:yfgwst5wmwihzowcrcb6xgy6/app.bsky.feed.post/3mw4apsf63s2d,The Open Field Receives You (iPhone wallpaper),2026-09-22T12:40:22.059140+00:00,2026-09-22T12:40:22.466Z,2026-09-22T16:43:30Z,aeslab.bsky.social,did:plc:yfgwst5wmwihzowcrcb6xgy6,0,0,1,0,https://bsky.app/profile/aeslab.bsky.social/post/3mw4apsf63s2d,iphone
at://did:plc:6x4pu4h7xuydeeqxqnet3kjc/app.bsky.feed.post/3mw4assuv7s2u,@barleybap.bsky.social when are you going to leave that clown ecco behind and get down with cool guy LASER DOLPHIN (there is a pc version and a demo of that version out there) www.youtube.com/watch?v=zU2w...,2026-09-22T12:42:03.299Z,2026-09-22T12:42:05.270Z,2026-09-22T16:43:30Z,boogadrew.bsky.social,did:plc:6x4pu4h7xuydeeqxqnet3kjc,1,0,1,0,https://bsky.app/profile/boogadrew.bsky.social/post/3mw4assuv7s2u,iphone
at://did:plc:mwlzey3sttvtzgjtfci54ub3/app.bsky.feed.post/3mw4av3nppo2k,"iPhone yang sudah dipasang iOS 27 tidak bisa ""downgrade"" ke iOS 26 - https://www.antaranews.com/berita/5753392/iphone-yang-sudah-dipasang-ios-27-tidak-bisa-downgrade-ke-ios-26",2026-09-22T12:43:19.539Z,2026-09-22T12:43:19.767Z,2026-09-22T16:43:30Z,antara-poster.bsky.social,did:plc:mwlzey3sttvtzgjtfci54ub3,0,0,0,0,https://bsky.app/profile/antara-poster.bsky.social/post/3mw4av3nppo2k,Apple iPhone
at://did:plc:kz2rkvdoe3pksjl3vidvs4bg/app.bsky.feed.post/3mw4aya4uta2s,"The window is now open for people who purchased certain recent iPhone models to begin filing claims to receive their share of the quarter-billion-dollar settlement fund established in the wake of the class-action lawsuit filed against Apple, accusing the tech giant of false advertising.",2026-09-22T12:45:04Z,2026-09-22T12:45:05.159Z,2026-09-22T16:43:30Z,fox5dc.bsky.social,did:plc:kz2rkvdoe3pksjl3vidvs4bg,0,0,0,0,https://bsky.app/profile/fox5dc.bsky.social/post/3mw4aya4uta2s,Apple iPhone
at://did:plc:ogz6xefxzjhtshqq4izkal6t/app.bsky.feed.post/3mw4az36qwd26,"Apple’s Xcode 27.1 beta adds iPhone Duo support, including new simulator poses and orientations.

The real test for #SwiftUI apps is whether adaptive layouts were truly adaptive before the fold arrived.

https://developer.apple.com/documentation/xcode-release-notes/xcode-27_1-release-notes",2026-09-22T12:45:33.104Z,2026-09-22T12:45:33.765Z,2026-09-22T16:43:30Z,ivantokar.bsky.social,did:plc:ogz6xefxzjhtshqq4izkal6t,0,0,0,0,https://bsky.app/profile/ivantokar.bsky.social/post/3mw4az36qwd26,Apple iPhone
at://did:plc:b4eicqrguc4by4jxy5bns54h/app.bsky.feed.post/3mw4azlpaks25,"“Remain cheerful, for nothing destructive can pierce through the solid wall of cheerfulness.”
- Sri Chinmoy

🌅Good morning!
Wishing you a lovely and cheerful Tuesday!💙

#ColorADay #BlueTue
#dailyflowers 🌱  #flowerreport #bloomscrolling",2026-09-22T12:45:50.654Z,2026-09-22T12:45:53.958Z,2026-09-22T16:43:30Z,shlead.bsky.social,did:plc:b4eicqrguc4by4jxy5bns54h,42,1,3,1,https://bsky.app/profile/shlead.bsky.social/post/3mw4azlpaks25,Apple iPhone
at://did:plc:vbi7x63hwynfncs2mdzjyjt2/app.bsky.feed.post/3mw4b2jhfcs2g,"If cigarettes cause cancer, wonder what iphone causes",2026-09-22T12:46:21.855Z,2026-09-22T12:46:22.271Z,2026-09-22T16:43:30Z,ades00.bsky.social,did:plc:vbi7x63hwynfncs2mdzjyjt2,0,0,0,0,https://bsky.app/profile/ades00.bsky.social/post/3mw4b2jhfcs2g,iphone
at://did:plc:yldkdbs5ks3ctjri7lrvcwbx/app.bsky.feed.post/3mw4b5qnjbs2o,"iPhoneの充電ができたりできなかったりで、急きょ買い替え📱

選んだのは3世代前のiPhone15。
今までiPhone12を使ってたので、自分的にはかなり快適になりました✨

でも15ってもう3世代も前なんだ…とちょっとびっくり😅

データ移行も無事に終わってひと安心。
明日からまたガツガツ活躍してもらおうと思います💪

今日の結果
➡️資格試験学習 3:00
➡️ラジオ収録 1本
➡️ジョギング 18km

#今日の積み上げ結果",2026-09-22T12:48:10.050Z,2026-09-22T12:48:14.962Z,2026-09-22T16:43:30Z,tora-no-maki.bsky.social,did:plc:yldkdbs5ks3ctjri7lrvcwbx,0,0,0,0,https://bsky.app/profile/tora-no-maki.bsky.social/post/3mw4b5qnjbs2o,iphone
at://did:plc:ze2rng6kfggs3uaoz2z7zmbc/app.bsky.feed.post/3mw4b6aomwy2v,"📰 🔴 SON DAKİKA: iPhone 18 Pro Kullanıcıları, Face ID Sorunu Yaşamaya Başladı

Kaynak: Webtekno

#haber #sondakika #gündem #türkiye #dünya",2026-09-22T12:48:26.521Z,2026-09-22T12:48:27.458Z,2026-09-22T16:43:30Z,sondakikatr.bsky.social,did:plc:ze2rng6kfggs3uaoz2z7zmbc,0,0,0,0,https://bsky.app/profile/sondakikatr.bsky.social/post/3mw4b6aomwy2v,iphone
at://did:plc:hmtbe2a5xzwqxhqtfgyfmcwa/app.bsky.feed.post/3mw4b6yu2kg2y,"Cooper Mag360 Magnetic Phone Stand for Desk, MagSafe Stand for iPhone… → now $9.95, 38% off
https://www.amazon.com/dp/B0DLNLZ2CW?tag=birdxdeal-20 #cooper #mag360",2026-09-22T12:48:51Z,2026-09-22T12:48:52.359Z,2026-09-22T16:43:30Z,birdxdealss.bsky.social,did:plc:hmtbe2a5xzwqxhqtfgyfmcwa,0,0,0,0,https://bsky.app/profile/birdxdealss.bsky.social/post/3mw4b6yu2kg2y,iphone
at://did:plc:2tcvcn4526f6vmkm2q33e3c4/app.bsky.feed.post/3mw4b754hhk27,"「お家芸のカメラすら中国に追いつかれ…」「スマホでは中国、韓国に完全敗北」　なぜ日本は「オワコン」と化したのか
www.dailyshincho.jp/article/2026...

↑ガラケー衰退、家電の衰退は別理由だと思う

ガラケー衰退

iモードはiPhone登場のきっかけとなったと思う
基盤技術の「JBlend 」は当時、世界トップクラスのシェアだった。開発元のアプリックスもスマホ的なOSを開発していたので、日本製スマホOSも登場目前だったが…残念😢
詳細は以下リンクで😭
doda.jp/engineer/gui...

トドメはNHK受信料問題が理由では？ワンセグ淘汰で🙄",2026-09-22T12:48:56.686Z,2026-09-22T12:49:01.165Z,2026-09-22T16:43:30Z,yurudan.bsky.social,did:plc:2tcvcn4526f6vmkm2q33e3c4,0,0,1,0,https://bsky.app/profile/yurudan.bsky.social/post/3mw4b754hhk27,iphone
at://did:plc:dwecjm5n7fyljcjk3vi7x5oa/app.bsky.feed.post/3mw4bgaa2ys2m,"9to5Mac より

Apple releases second iOS 27.2 developer beta for iPhone
AppleはiPhoneのための第二のiOS 27.2開発者ベータをリリース
",2026-09-22T12:52:54.310653+00:00,2026-09-22T12:52:54.966Z,2026-09-22T16:43:30Z,gigowat.bsky.social,did:plc:dwecjm5n7fyljcjk3vi7x5oa,0,0,0,0,https://bsky.app/profile/gigowat.bsky.social/post/3mw4bgaa2ys2m,Apple iPhone
at://did:plc:t74xaugpioimy7iyw6eng3zy/app.bsky.feed.post/3mw4bk462322d,"I hate my stupid job, but I also love my stupid job. The mission - make money by selling things - never really changes at all. I started my vacation on Sunday at 136% to goal with the nearest competitor at 98%. Of course, it’s an iPhone launch week, so could come back on the 30th completely fucked,",2026-09-22T12:55:04.788Z,2026-09-22T12:55:05.067Z,2026-09-22T16:43:30Z,oasisob1.bsky.social,did:plc:t74xaugpioimy7iyw6eng3zy,1,0,1,0,https://bsky.app/profile/oasisob1.bsky.social/post/3mw4bk462322d,iphone
at://did:plc:3bvxdgtipuuaaz4doud6uue2/app.bsky.feed.post/3mw4bn3ohqc2p,はい、iPhoneカバーつける前に落としました〜,2026-09-22T12:56:44.933Z,2026-09-22T12:56:45.666Z,2026-09-22T16:43:30Z,terichikie.bsky.social,did:plc:3bvxdgtipuuaaz4doud6uue2,0,0,0,0,https://bsky.app/profile/terichikie.bsky.social/post/3mw4bn3ohqc2p,iphone
at://did:plc:bu3pl65ev3nr2a6sunaats3w/app.bsky.feed.post/3mw4bnnswwk2u,Interesting. I’d be interested in an iPhone Neo as well (LOL) 😅,2026-09-22T12:57:03.963Z,2026-09-22T12:57:04.767Z,2026-09-22T16:43:30Z,thisaccountis.bsky.social,did:plc:bu3pl65ev3nr2a6sunaats3w,0,0,0,0,https://bsky.app/profile/thisaccountis.bsky.social/post/3mw4bnnswwk2u,iphone
at://did:plc:bjxslx3nazswdvkbiaa4cvj3/app.bsky.feed.post/3mw4bnowmum2u,"iPhone Duo Falte: Apples Hardware-Chef fordert Nutzer zum Messen auf

iPhone Duo Falte: Apple-Vizepräsident Tom Marieb fordert Nutzer auf, Apple an der Haltbarkeit der Falte zu messen. Mehr…

https://appletechnikblog.com/2026/09/22/iphone-duo-falte-apples-hardware-chef-fordert-nutzer-zum-messen-auf/",2026-09-22T12:57:04Z,2026-09-22T12:57:05.356Z,2026-09-22T16:43:30Z,appletechnikblog.bsky.social,did:plc:bjxslx3nazswdvkbiaa4cvj3,0,0,0,0,https://bsky.app/profile/appletechnikblog.bsky.social/post/3mw4bnowmum2u,Apple iPhone
at://did:plc:hmtbe2a5xzwqxhqtfgyfmcwa/app.bsky.feed.post/3mw4bo3tsep2o,"Foldable Magnetic 3 in 1 Wireless Charger Stand for iPhone Watch… → now $17.97, 38% off
https://www.amazon.com/dp/B0GXKSMTQ2?tag=birdxdeal-20 #foldable #magnetic",2026-09-22T12:57:17Z,2026-09-22T12:57:18.861Z,2026-09-22T16:43:30Z,birdxdealss.bsky.social,did:plc:hmtbe2a5xzwqxhqtfgyfmcwa,0,0,0,0,https://bsky.app/profile/birdxdealss.bsky.social/post/3mw4bo3tsep2o,iphone
at://did:plc:cypmpmvsdhriy6z6roqsdz47/app.bsky.feed.post/3mw4bsm2qwc2u,"Ready for that $2,000 new iPhone?",2026-09-22T12:59:49.889Z,2026-09-22T12:59:52.260Z,2026-09-22T16:43:30Z,thatstev.bsky.social,did:plc:cypmpmvsdhriy6z6roqsdz47,0,0,0,0,https://bsky.app/profile/thatstev.bsky.social/post/3mw4bsm2qwc2u,iphone
at://did:plc:vevngu5t7a2zqvdftysxv26d/app.bsky.feed.post/3mw4bsn2hl22f,iFixit démonte l’iPhone 18 Pro et son objectif à ouverture variable www.igen.fr/iphone/2026/...,2026-09-22T12:59:50.933Z,2026-09-22T12:59:53.571Z,2026-09-22T16:43:30Z,ytroncal.bsky.social,did:plc:vevngu5t7a2zqvdftysxv26d,0,0,0,0,https://bsky.app/profile/ytroncal.bsky.social/post/3mw4bsn2hl22f,iphone
at://did:plc:bi5xdpxmo6rhucofh7ygztwx/app.bsky.feed.post/3mw4bspnfuk23,"iPhone 18 Pro Owners Are Reporting a Nasty Face ID Crash, and It's Not Clear Why
www.androidheadlines.com/2026/09/ipho... #iPhone18Pro #FaceID #Apple",2026-09-22T12:59:53.651Z,2026-09-22T13:00:09.969Z,2026-09-22T16:43:30Z,androidheadlines.bsky.social,did:plc:bi5xdpxmo6rhucofh7ygztwx,0,0,0,0,https://bsky.app/profile/androidheadlines.bsky.social/post/3mw4bspnfuk23,Apple iPhone
at://did:plc:vevngu5t7a2zqvdftysxv26d/app.bsky.feed.post/3mw4btcaewk2f,Face ID : l’iPhone 18 Pro doit s’appuyer sur des données d’image supplémentaires www.igen.fr/iphone/2026/...,2026-09-22T13:00:13.147Z,2026-09-22T13:00:15.274Z,2026-09-22T16:43:30Z,ytroncal.bsky.social,did:plc:vevngu5t7a2zqvdftysxv26d,0,0,0,0,https://bsky.app/profile/ytroncal.bsky.social/post/3mw4btcaewk2f,iphone
at://did:plc:4o7cbrvd7ck6f2y32ttznmfj/app.bsky.feed.post/3mw4bthkbra25,"The window is now open for people who purchased certain recent iPhone models to begin filing claims to receive their share of the quarter-billion-dollar settlement fund established in the wake of the class-action lawsuit filed against Apple, accusing the tech giant of false advertising.",2026-09-22T13:00:18Z,2026-09-22T13:00:19.767Z,2026-09-22T16:43:30Z,fox6now.bsky.social,did:plc:4o7cbrvd7ck6f2y32ttznmfj,0,0,0,0,https://bsky.app/profile/fox6now.bsky.social/post/3mw4bthkbra25,Apple iPhone
at://did:plc:cl7awuutp2yyt7umofer4djk/app.bsky.feed.post/3mw4btib3ca2e,"The iPhone remains a powerful engine for Apple, accounting for about half of the company’s sales in 2025. https://bit.ly/4hpBDIZ",2026-09-22T13:00:19.416648484Z,2026-09-22T13:00:20.066Z,2026-09-22T16:43:30Z,fortune.com,did:plc:cl7awuutp2yyt7umofer4djk,0,0,0,0,https://bsky.app/profile/fortune.com/post/3mw4btib3ca2e,Apple iPhone
at://did:plc:lfa65vcyknlf6glsahhiculh/app.bsky.feed.post/3mw4btkqy5c2k,"Your iPhone Could Soon Automatically Lock if Someone Steals It

New code in iOS 27.2 beta 2 reveals additional details about the unannounced feature, internally called ""AutoLock.""...

https://www.iphoneincanada.ca/2026/09/22/ios-27-2-beta-2-autolock/",2026-09-22T13:00:21Z,2026-09-22T13:00:22.258Z,2026-09-22T16:43:30Z,iphoneincanada.ca,did:plc:lfa65vcyknlf6glsahhiculh,1,0,0,0,https://bsky.app/profile/iphoneincanada.ca/post/3mw4btkqy5c2k,iphone
at://did:plc:jsvjaiqrrit3ozkvyqas6uds/app.bsky.feed.post/3mw4btp4m2w2y,"The window is now open for people who purchased certain recent iPhone models to begin filing claims to receive their share of the quarter-billion-dollar settlement fund established in the wake of the class-action lawsuit filed against Apple, accusing the tech giant of false advertising.",2026-09-22T13:00:26Z,2026-09-22T13:00:26.773Z,2026-09-22T16:43:30Z,fox2detroit.bsky.social,did:plc:jsvjaiqrrit3ozkvyqas6uds,0,0,0,0,https://bsky.app/profile/fox2detroit.bsky.social/post/3mw4btp4m2w2y,Apple iPhone
at://did:plc:vevngu5t7a2zqvdftysxv26d/app.bsky.feed.post/3mw4busxrd22f,Les nouveaux styles photographiques seront bien une exclusivité des iPhone 18 Pro www.igen.fr/iphone/2026/...,2026-09-22T13:01:04.245Z,2026-09-22T13:01:06.664Z,2026-09-22T16:43:30Z,ytroncal.bsky.social,did:plc:vevngu5t7a2zqvdftysxv26d,0,0,0,0,https://bsky.app/profile/ytroncal.bsky.social/post/3mw4busxrd22f,Apple iPhone
at://did:plc:v2s4aljbhg4bvfm2pfteitvx/app.bsky.feed.post/3mw4bv27v2k2l,"Back In My Day…
ZOOMERS: seeing how many people they can stuff inside a phone booth
GEN ALPHA: seeing how many people they can stuff inside an iphone",2026-09-22T13:01:11.851Z,2026-09-22T13:01:12.866Z,2026-09-22T16:43:30Z,nachobra.bsky.social,did:plc:v2s4aljbhg4bvfm2pfteitvx,0,0,0,0,https://bsky.app/profile/nachobra.bsky.social/post/3mw4bv27v2k2l,iphone
at://did:plc:45l6hfvqtdy44f3pjngqqs5z/app.bsky.feed.post/3mw4bxfzo2k2s,,2026-09-22T13:02:31.335Z,2026-09-22T13:02:39.665Z,2026-09-22T16:43:30Z,chris.cool,did:plc:45l6hfvqtdy44f3pjngqqs5z,0,0,0,0,https://bsky.app/profile/chris.cool/post/3mw4bxfzo2k2s,iphone
at://did:plc:zwxl6dnun52q3ywiao2ad3if/app.bsky.feed.post/3mw4bzdqioib2,"Quer trocar de iPhone? Veja uma seleção com os modelos Apple em promoção na Amazon
https://olhardigital.com.br/2026/09/22/reviews/quer-trocar-de-iphone-veja-uma-selecao-com-os-modelos-apple-em-promocao-na-amazon/?utm_source=flipboard&utm_medium=activitypub 

Posted into Tecnologia […]",2026-09-22T13:02:32.000Z,2026-09-22T13:06:41.093Z,2026-09-22T16:43:30Z,flipboardbr.flipboard.com.ap.brid.gy,did:plc:zwxl6dnun52q3ywiao2ad3if,0,1,0,0,https://bsky.app/profile/flipboardbr.flipboard.com.ap.brid.gy/post/3mw4bzdqioib2,Apple iPhone
at://did:plc:r2ppbkclikxaweqt4wyylvfb/app.bsky.feed.post/3mw4bxoqg4f2m,,2026-09-22T13:02:40Z,2026-09-22T13:02:41.261Z,2026-09-22T16:43:30Z,thurrott.bsky.social,did:plc:r2ppbkclikxaweqt4wyylvfb,1,0,0,0,https://bsky.app/profile/thurrott.bsky.social/post/3mw4bxoqg4f2m,iphone
at://did:plc:hc7afammzjrpkcfnqxlvdlvd/app.bsky.feed.post/3mw4byppgmk2e,,2026-09-22T13:03:14Z,2026-09-22T13:03:15.164Z,2026-09-22T16:43:30Z,northwiz.bsky.social,did:plc:hc7afammzjrpkcfnqxlvdlvd,0,1,0,0,https://bsky.app/profile/northwiz.bsky.social/post/3mw4byppgmk2e,Apple iPhone
at://did:plc:hc7afammzjrpkcfnqxlvdlvd/app.bsky.feed.post/3mw4bytnlq22e,,2026-09-22T13:03:19Z,2026-09-22T13:03:19.563Z,2026-09-22T16:43:30Z,northwiz.bsky.social,did:plc:hc7afammzjrpkcfnqxlvdlvd,0,0,0,0,https://bsky.app/profile/northwiz.bsky.social/post/3mw4bytnlq22e,iphone
at://did:plc:hc7afammzjrpkcfnqxlvdlvd/app.bsky.feed.post/3mw4byvnitk2g,,2026-09-22T13:03:21Z,2026-09-22T13:03:21.372Z,2026-09-22T16:43:30Z,northwiz.bsky.social,did:plc:hc7afammzjrpkcfnqxlvdlvd,0,0,0,0,https://bsky.app/profile/northwiz.bsky.social/post/3mw4byvnitk2g,Apple iPhone
at://did:plc:dn2snh4wz53f2vai7ijf6q36/app.bsky.feed.post/3mw4c35veco72,Video: Apples nya vd avslöjar sin favoritdetalj i iPhone Duo https://www.macken.xyz/2026/09/video-apples-nya-vd-avslojar-sin-favoritdetalj-i-iphone-duo/?utm_source=dlvr.it&utm_medium=mastodon,2026-09-22T13:03:46.000Z,2026-09-22T13:07:07.760Z,2026-09-22T16:43:30Z,winterkvist.mastodonsweden.se.ap.brid.gy,did:plc:dn2snh4wz53f2vai7ijf6q36,0,0,0,0,https://bsky.app/profile/winterkvist.mastodonsweden.se.ap.brid.gy/post/3mw4c35veco72,iphone
at://did:plc:lt5wownz67tnarqhdgr7vhcm/app.bsky.feed.post/3mw4bzpnbhs2n,"iPhone 18 Pro Face ID bug triggers reboots 📱

iPhone 18 Pro and Pro Max users report a Face ID bug in iOS 27 that reboots devices after failed authentication attempts.

Hiding components adds its own kind of ""excitement.""",2026-09-22T13:03:47.445Z,2026-09-22T13:03:48.665Z,2026-09-22T16:43:30Z,five-oclick-tech.bsky.social,did:plc:lt5wownz67tnarqhdgr7vhcm,5,0,0,0,https://bsky.app/profile/five-oclick-tech.bsky.social/post/3mw4bzpnbhs2n,iphone
at://did:plc:dn2snh4wz53f2vai7ijf6q36/app.bsky.feed.post/3mw4c2lmtla32,Xcode 27.1 ger utvecklare stöd för Apples vikbara iPhone https://www.macken.xyz/2026/09/xcode-27-1-ger-utvecklare-stod-for-apples-vikbara-iphone/?utm_source=dlvr.it&utm_medium=mastodon,2026-09-22T13:03:49.000Z,2026-09-22T13:07:07.168Z,2026-09-22T16:43:30Z,winterkvist.mastodonsweden.se.ap.brid.gy,did:plc:dn2snh4wz53f2vai7ijf6q36,0,0,0,0,https://bsky.app/profile/winterkvist.mastodonsweden.se.ap.brid.gy/post/3mw4c2lmtla32,iphone
at://did:plc:lmwcopv72vddqhyu26r4tsr4/app.bsky.feed.post/3mw4c2chtko2q,,2026-09-22T13:04:08Z,2026-09-22T13:04:08.457Z,2026-09-22T16:43:30Z,ifun-news.bsky.social,did:plc:lmwcopv72vddqhyu26r4tsr4,0,0,0,0,https://bsky.app/profile/ifun-news.bsky.social/post/3mw4c2chtko2q,Apple iPhone
at://did:plc:vevngu5t7a2zqvdftysxv26d/app.bsky.feed.post/3mw4c35eysk2f,"iPhone 18 Pro : deux bugs ont déjà été signalés avec iOS 27
Apple rencontre déjà des soucis avec ses iPhone 18 Pro et Pro Max. Moins d’une semaine après leur sortie. www.iphon.fr/post/iphone-...",2026-09-22T13:04:36.491Z,2026-09-22T13:04:39.058Z,2026-09-22T16:43:30Z,ytroncal.bsky.social,did:plc:vevngu5t7a2zqvdftysxv26d,0,0,0,0,https://bsky.app/profile/ytroncal.bsky.social/post/3mw4c35eysk2f,Apple iPhone
at://did:plc:wkqeuhot2hp2rljvw7mcaloy/app.bsky.feed.post/3mw4c35immi2s,"iPhone Duo shots can now be framed by Bezel!

Drop your shot in, pick a pose and you're done.",2026-09-22T13:04:36.575Z,2026-09-22T13:04:37.267Z,2026-09-22T16:43:30Z,mathijskadijk.bsky.social,did:plc:wkqeuhot2hp2rljvw7mcaloy,0,0,1,0,https://bsky.app/profile/mathijskadijk.bsky.social/post/3mw4c35immi2s,iphone
at://did:plc:6ev7fwcahm67n53gdjbxfrbf/app.bsky.feed.post/3mw4c3e25422p,IPhone 18 Pro Accessibility Features Point To A More Useful Future For AI www.forbes.com/sites/keelyc... #a11y,2026-09-22T13:04:43.442Z,2026-09-22T13:04:43.866Z,2026-09-22T16:43:30Z,a11ynews.bsky.social,did:plc:6ev7fwcahm67n53gdjbxfrbf,1,0,0,0,https://bsky.app/profile/a11ynews.bsky.social/post/3mw4c3e25422p,iphone
at://did:plc:2v2swjh2eueeccvl4kkbyxmq/app.bsky.feed.post/3mw4c3npfm224,Here's What Apple's 20th Anniversary iPhone Could Look Like. gogadget.news/S04002,2026-09-22T13:04:53.609Z,2026-09-22T13:04:58.165Z,2026-09-22T16:43:30Z,gogadgetnews.bsky.social,did:plc:2v2swjh2eueeccvl4kkbyxmq,0,0,0,0,https://bsky.app/profile/gogadgetnews.bsky.social/post/3mw4c3npfm224,iphone
at://did:plc:xuutbtra6nrnnw3dd6kgyrsp/app.bsky.feed.post/3mw4c3qwshy24,"🔥 Apple iPhone 5s 16 Go Gris iOS smartphone Wi‑Fi Bluetooth modèle iPhone 5s
eBay · 26.95 €
#BonPlan #HighTech #Promo",2026-09-22T13:04:56.681719Z,2026-09-22T13:04:57.758Z,2026-09-22T16:43:30Z,chasseurdedeals.bsky.social,did:plc:xuutbtra6nrnnw3dd6kgyrsp,0,0,0,0,https://bsky.app/profile/chasseurdedeals.bsky.social/post/3mw4c3qwshy24,Apple iPhone
at://did:plc:odwd6tc5nnnohw7qdx6jxpqf/app.bsky.feed.post/3mw4c3zyshs2k,I’m glad the image is an iPhone screenshot where there’s a glowing outline around everything in the image because it’s prompting the user to create a sticker,2026-09-22T13:05:06.499Z,2026-09-22T13:05:07.764Z,2026-09-22T16:43:30Z,dumbab13.bsky.social,did:plc:odwd6tc5nnnohw7qdx6jxpqf,0,0,0,0,https://bsky.app/profile/dumbab13.bsky.social/post/3mw4c3zyshs2k,iphone
at://did:plc:3xpbuegedcvfgqzvfn64jtlu/app.bsky.feed.post/3mw4c46byod2s,,2026-09-22T13:05:10Z,2026-09-22T13:05:11.270Z,2026-09-22T16:43:30Z,leakpt.bsky.social,did:plc:3xpbuegedcvfgqzvfn64jtlu,0,0,0,0,https://bsky.app/profile/leakpt.bsky.social/post/3mw4c46byod2s,iphone
at://did:plc:sap3rllabzsr3feookvxlobw/app.bsky.feed.post/3mw4c56qzvg2w,"‏🛡️ اپل همچنان روی قابلیت ضد سرقت برای iPhone کار می‌کند. طبق کدهای iOS 27.2، این ویژگی با استفاده از حسگرهای حرکتی و اتصال Apple Watch، سرقت گوشی را تشخیص داده و بلافاصله آن را قفل می‌کند تا از دسترسی سارقان جلوگیری شود.
‏
‏‎ #Apple #iPhone",2026-09-22T13:05:44.714Z,2026-09-22T13:05:45.265Z,2026-09-22T16:43:30Z,saeediphone.bsky.social,did:plc:sap3rllabzsr3feookvxlobw,0,0,0,0,https://bsky.app/profile/saeediphone.bsky.social/post/3mw4c56qzvg2w,Apple iPhone
at://did:plc:cl7awuutp2yyt7umofer4djk/app.bsky.feed.post/3mw4c6apmy52e,"During Tim Cook’s tenure at the helm of Apple, its shares rose 2,000%, pushing the company’s market capitalization as high as $5 trillion in July and making Apple the second company ever to reach that milestone. https://bit.ly/4Ask8QC",2026-09-22T13:06:20.617445363Z,2026-09-22T13:06:21.164Z,2026-09-22T16:43:30Z,fortune.com,did:plc:cl7awuutp2yyt7umofer4djk,4,0,2,0,https://bsky.app/profile/fortune.com/post/3mw4c6apmy52e,Apple iPhone
at://did:plc:w4okiq5d7zkcv7eiycuj7ut6/app.bsky.feed.post/3mw4cd4qccy2g,"9月22日のガジェット 34%OFF

【TORRAS For iPhone 18 Pro カメラ保護 バーガンディ 全面カバー型 航空...】

カメラユニット全体を面で守る一体型なので、日常の落下や傷から徹底的に保護したい人に向いています。

いまの価格：3,470円（参考 5,280円）
ブランド：TORRAS

【PR】https://www.amazon.co.jp/dp/B0H5C545G2?linkCode=ogi&th=1&psc=1&tag=tmg502-22",2026-09-22T13:09:04.098307+00:00,2026-09-22T13:09:04.768Z,2026-09-22T16:43:30Z,noro-hacks.bsky.social,did:plc:w4okiq5d7zkcv7eiycuj7ut6,2,0,0,0,https://bsky.app/profile/noro-hacks.bsky.social/post/3mw4cd4qccy2g,iphone
at://did:plc:gfss37qzvvyi3zdxvc7eatrg/app.bsky.feed.post/3mw4cdhbn6c2w,"なら私もミホヨのゲームやってるのでグローバリストですね。
オカンも韓流と中国ドラマみてるのでグローバリストですね。
（白目）

x.com/LIMR3sei/sta...",2026-09-22T13:09:15.300Z,2026-09-22T13:09:19.965Z,2026-09-22T16:43:30Z,ri-light.bsky.social,did:plc:gfss37qzvvyi3zdxvc7eatrg,0,0,0,0,https://bsky.app/profile/ri-light.bsky.social/post/3mw4cdhbn6c2w,iphone
at://did:plc:lrcn6ac2xvtw72czu7ntlok3/app.bsky.feed.post/3mw4mh7omln2x,Apple poderá levar tecnologia de tela do iPhone Duo aos Pros apenas em 2029,2026-09-22T13:10:17Z,2026-09-22T16:10:19.163Z,2026-09-22T16:43:30Z,macmagazine.com.br,did:plc:lrcn6ac2xvtw72czu7ntlok3,0,0,0,0,https://bsky.app/profile/macmagazine.com.br/post/3mw4mh7omln2x,Apple iPhone
at://did:plc:lbklqadrtfmfpwmdulxi3yq3/app.bsky.feed.post/3mw4cfqso2c2w,"This is the untapped vein of gold to invigorate smartphone sales. Start adding on Swiss Army Knife junk like a lighter, multi-tool, scissors, and a toothpick. You should be able to survive three nights in the woods armed with nothing but an iPhone.",2026-09-22T13:10:32.406Z,2026-09-22T13:10:34.364Z,2026-09-22T16:43:30Z,christopherdrum.bsky.social,did:plc:lbklqadrtfmfpwmdulxi3yq3,1,0,0,0,https://bsky.app/profile/christopherdrum.bsky.social/post/3mw4cfqso2c2w,iphone
at://did:plc:nxmjxl2wiyat43p3gikkt37w/app.bsky.feed.post/3mw4cgkrjsd26,"Apple has added an additional layer of authentication to Face ID on iPhone 18 Pro using image data and a secure exclave, potentially speeding up the process.",2026-09-22T13:10:59+00:00,2026-09-22T13:11:00.257Z,2026-09-22T16:43:30Z,appleinsider.com,did:plc:nxmjxl2wiyat43p3gikkt37w,4,0,0,0,https://bsky.app/profile/appleinsider.com/post/3mw4cgkrjsd26,Apple iPhone
at://did:plc:rj52b63ie26qfmbx7ycysozz/app.bsky.feed.post/3mw4cgu7f4k26,"""Planned obsolescence"" is just Enshittification for expensive technology, and the latest entry in Apple's product inundation is discussed on @noahandbillshow.bsky.social! @billscurry.bsky.social and @noahtarnow.bsky.social talk the iPhone Duo!
podcasts.apple.com/us/podcast/i...",2026-09-22T13:11:09.518Z,2026-09-22T13:11:11.263Z,2026-09-22T16:43:30Z,quasarsniffer.bsky.social,did:plc:rj52b63ie26qfmbx7ycysozz,1,0,0,0,https://bsky.app/profile/quasarsniffer.bsky.social/post/3mw4cgu7f4k26,iphone
at://did:plc:4w5gvggjpwm624gjwlwwd2kt/app.bsky.feed.post/3mw4cio2omc2d,Some iPhone 18 Pro users report Face ID problems after launch www.theapplepost.com/2026/09/22/7...,2026-09-22T13:12:09.260Z,2026-09-22T13:12:11.059Z,2026-09-22T16:43:30Z,theapplepost.com,did:plc:4w5gvggjpwm624gjwlwwd2kt,0,0,0,0,https://bsky.app/profile/theapplepost.com/post/3mw4cio2omc2d,iphone
at://did:plc:tir6vtdjcwijdnoxg4pseuse/app.bsky.feed.post/3mw4ckprsuc2e,Supplemental image data used in Face ID authentication on iPhone 18 Pro,2026-09-22T13:13:19.029875+00:00,2026-09-22T13:13:19.663Z,2026-09-22T16:43:30Z,bbcn90.bsky.social,did:plc:tir6vtdjcwijdnoxg4pseuse,0,0,0,0,https://bsky.app/profile/bbcn90.bsky.social/post/3mw4ckprsuc2e,iphone
at://did:plc:hmtbe2a5xzwqxhqtfgyfmcwa/app.bsky.feed.post/3mw4cljljcx2m,"Mophie Universal Wireless Charge Pad - 15W Fast Charging for… → now $24.99, 37% off
https://www.amazon.com/dp/B0CPQ8GX6Z?tag=birdxdeal-20 #mophie #universal",2026-09-22T13:13:45Z,2026-09-22T13:13:46.266Z,2026-09-22T16:43:30Z,birdxdealss.bsky.social,did:plc:hmtbe2a5xzwqxhqtfgyfmcwa,0,0,0,0,https://bsky.app/profile/birdxdealss.bsky.social/post/3mw4cljljcx2m,iphone
at://did:plc:avkh7zze5iapdkk6naaunrjn/app.bsky.feed.post/3mw4ctzbshev2,,2026-09-22T13:15:01.000Z,2026-09-22T13:18:35.857Z,2026-09-22T16:43:30Z,techmeme.com.web.brid.gy,did:plc:avkh7zze5iapdkk6naaunrjn,0,0,0,0,https://bsky.app/profile/techmeme.com.web.brid.gy/post/3mw4ctzbshev2,Apple iPhone
at://did:plc:cazef5u2rbzqfpzhqve5wshg/app.bsky.feed.post/3mw4co5bqdm25,"「【70.1】ジャック・リーチャー NEVER GO BACK 映画レビュー」ジャック・リーチャー NEVER GO BACK honeyさんの映画レビュー（感想・評価）

https://www.magmoe.com/3239031/movie/2026-09-22/

2026年9月22日 iPhoneアプリから投稿 鑑賞方法：VOD 『ジャック・リーチャー NEVER GO BACK』は、リー・チャイルドの小説を原作とするシリーズ映画第2作であり、前作『アウトロー』が備えていた乾いた [...]",2026-09-22T13:15:09+00:00,2026-09-22T13:15:14.969Z,2026-09-22T16:43:30Z,magmoe.bsky.social,did:plc:cazef5u2rbzqfpzhqve5wshg,0,0,0,0,https://bsky.app/profile/magmoe.bsky.social/post/3mw4co5bqdm25,iphone
at://did:plc:fjyz6vi5ih6fktq7rzkaiacb/app.bsky.feed.post/3mw4cpcrpg42c,"Adobe Brings Premiere Mobile to Android

#Tech #Microsoft #Windows",2026-09-22T13:15:53.053Z,2026-09-22T13:15:53.759Z,2026-09-22T16:43:30Z,x-minus-t.bsky.social,did:plc:fjyz6vi5ih6fktq7rzkaiacb,0,0,0,0,https://bsky.app/profile/x-minus-t.bsky.social/post/3mw4cpcrpg42c,iphone
at://did:plc:pv7fudnt4dspurzdnyq73pfe/app.bsky.feed.post/3mw4cpjaghp22,"Apple quietly updates its press release to say new Photographic Styles texture and grain controls are limited to iPhone 18 Pro models and the iPhone Duo (Tim Hardwick/MacRumors)

Main Link | Techmeme Permalink",2026-09-22T13:15:59Z,2026-09-22T13:16:00.164Z,2026-09-22T16:43:30Z,techmeme.com,did:plc:pv7fudnt4dspurzdnyq73pfe,4,0,0,0,https://bsky.app/profile/techmeme.com/post/3mw4cpjaghp22,Apple iPhone
at://did:plc:5vfnmm2d5qqkmc5kduj4ucjf/app.bsky.feed.post/3mw4crrmgjt2j,"Recherche iPhone 14 Pro Max iOS 17

#Jailbreak #iOS

https://www.reddit.com/r/jailbreak/comments/1wn98bj/recherche_iphone_14_pro_max_ios_17/",2026-09-22T13:17:15.825131+00:00,2026-09-22T13:17:16.565Z,2026-09-22T16:43:30Z,sideload.bsky.social,did:plc:5vfnmm2d5qqkmc5kduj4ucjf,0,0,0,0,https://bsky.app/profile/sideload.bsky.social/post/3mw4crrmgjt2j,iphone
at://did:plc:mmk2ipc25u2lfjfkumxy67az/app.bsky.feed.post/3mw4cslj2rs2t,"This tweet appeared under this Techmeme headline:

@betaprofiles:

Apple has updated its press release to confirm that adjusting texture and grain in Photographic Styles 3 is only available on iPhone 18 Pro, iPhone 18 Pro Max, and iPhone Duo.",2026-09-22T13:17:42Z,2026-09-22T13:17:43.460Z,2026-09-22T16:43:30Z,xchatter.techmeme.com,did:plc:mmk2ipc25u2lfjfkumxy67az,0,0,0,0,https://bsky.app/profile/xchatter.techmeme.com/post/3mw4cslj2rs2t,Apple iPhone
at://did:plc:fzdqnqzcgbqzsrgvle3wymfa/app.bsky.feed.post/3mw4csnwpmgjj,Hallo iPhone 18Pro ,2026-09-22T13:17:45.599Z,2026-09-22T13:17:47.859Z,2026-09-22T16:43:30Z,cgaedt.bsky.social,did:plc:fzdqnqzcgbqzsrgvle3wymfa,7,0,5,0,https://bsky.app/profile/cgaedt.bsky.social/post/3mw4csnwpmgjj,iphone
at://did:plc:v2ob6je7otkaffdktzdaywzp/app.bsky.feed.post/3mw4ctud3ns2y,"Apple Quietly Excludes Older iPhones From New Camera Feature - MacRumors

www.macrumors.com/2026/09/22/a...

- 애플이 새로운 사진 스타일 기능인 '질감 및 입자감 제어'를 구형 기기를 제외하고 최신 아이폰 18 프로 모델과 아이폰 듀오로만 제한

- 당초 구형 모델(아이폰 16, 17, 아이폰 에어 등)도 지원할 것처럼 발표했으나, 이후 보도자료와 iOS 27 가이드를 조용히 수정 (🧵1/2)",2026-09-22T13:18:25.852Z,2026-09-22T13:18:29.259Z,2026-09-22T16:43:30Z,lunamoth.bsky.social,did:plc:v2ob6je7otkaffdktzdaywzp,1,2,1,0,https://bsky.app/profile/lunamoth.bsky.social/post/3mw4ctud3ns2y,Apple iPhone
at://did:plc:mmk2ipc25u2lfjfkumxy67az/app.bsky.feed.post/3mw4cudczrf26,"This tweet appeared under this Techmeme headline:

Sunny / @sunnny1583:

New Photographic Styles 3, with texture and grain controls, are no longer coming to the iPhone 16 and 17 series... not even the iPhone Air 😭",2026-09-22T13:18:41Z,2026-09-22T13:18:42.459Z,2026-09-22T16:43:30Z,xchatter.techmeme.com,did:plc:mmk2ipc25u2lfjfkumxy67az,0,0,0,0,https://bsky.app/profile/xchatter.techmeme.com/post/3mw4cudczrf26,iphone
at://did:plc:vrcsr5hdv3bsi47jqbtjmsxi/app.bsky.feed.post/3mw4cv6zd3c2l,"DEENAKIN for iPhone 15 Plus Case,Cute Floral,Trendy Preppy Y2K Designs only $6.49 (Reg $12.99)
https://www.amazon.com/gp/product/B0FPLNLHGR?smid=&th=1&linkCode=ll2&tag=bluesky0d2-20",2026-09-22T13:19:09.899282Z,2026-09-22T13:19:12.259Z,2026-09-22T16:43:30Z,glitchdeals.bsky.social,did:plc:vrcsr5hdv3bsi47jqbtjmsxi,0,0,0,0,https://bsky.app/profile/glitchdeals.bsky.social/post/3mw4cv6zd3c2l,iphone
at://did:plc:763yh3qsyci56e4ftqtc26b5/app.bsky.feed.post/3mw4cvc3g2k23,Am I the only one who would love a phone with a crappy camera? I use the back camera maybe once a month for a random photo and an iPhone 10 camera would be perfectly fine. So sick of all the extra protrusions on phones nowadays.,2026-09-22T13:19:13.830Z,2026-09-22T13:19:14.467Z,2026-09-22T16:43:30Z,jeffsudo.bsky.social,did:plc:763yh3qsyci56e4ftqtc26b5,0,0,0,0,https://bsky.app/profile/jeffsudo.bsky.social/post/3mw4cvc3g2k23,iphone
at://did:plc:tu5upl7ncohy7giw65wbiwvj/app.bsky.feed.post/3mw4cwlfkfs2g,,2026-09-22T13:19:56Z,2026-09-22T13:19:58.065Z,2026-09-22T16:43:30Z,vanuatutech.bsky.social,did:plc:tu5upl7ncohy7giw65wbiwvj,0,0,0,0,https://bsky.app/profile/vanuatutech.bsky.social/post/3mw4cwlfkfs2g,Apple iPhone
at://did:plc:mmk2ipc25u2lfjfkumxy67az/app.bsky.feed.post/3mw4cwneo462w,"This tweet appeared under this Techmeme headline:

Bradley / @verdeselvans:

Apple said that the new texture and grain controls in Photographic Styles will be available on the iPhone 16 & iPhone 17 Series! As a iPhone 17 Pro user, I can't wait to test this feature out.",2026-09-22T13:19:58Z,2026-09-22T13:19:59.562Z,2026-09-22T16:43:30Z,xchatter.techmeme.com,did:plc:mmk2ipc25u2lfjfkumxy67az,0,0,0,0,https://bsky.app/profile/xchatter.techmeme.com/post/3mw4cwneo462w,Apple iPhone
at://did:plc:bzmk3ckfqknekbjht2wsgctd/app.bsky.feed.post/3mw4cygg2nl2y,"Στο σημερινό επεισόδιο του podcast μας συζητάμε το νέο Redmi Note 17, τις προπαραγγελίες του iPhone 18 Pro, τη συμφωνία ΔΕΗ–AWS για data center και τη Revolut.",2026-09-22T13:20:57.674Z,2026-09-22T13:20:59.357Z,2026-09-22T16:43:30Z,insomnia.gr,did:plc:bzmk3ckfqknekbjht2wsgctd,0,0,0,0,https://bsky.app/profile/insomnia.gr/post/3mw4cygg2nl2y,iphone
at://did:plc:x7y6m7jvkc23hsxstr3nlrgj/app.bsky.feed.post/3mw4iw46a3kf2,,2026-09-22T13:21:07.000Z,2026-09-22T15:07:06.772Z,2026-09-22T16:43:30Z,handle.invalid,did:plc:x7y6m7jvkc23hsxstr3nlrgj,0,0,0,0,https://bsky.app/profile/handle.invalid/post/3mw4iw46a3kf2,Apple iPhone
at://did:plc:piu6o3yjztvb2lzpxqeerabi/app.bsky.feed.post/3mw4d3r2lh3w2,,2026-09-22T13:22:15.000Z,2026-09-22T13:22:54.963Z,2026-09-22T16:43:30Z,macrumors.com.web.brid.gy,did:plc:piu6o3yjztvb2lzpxqeerabi,0,0,0,0,https://bsky.app/profile/macrumors.com.web.brid.gy/post/3mw4d3r2lh3w2,Apple iPhone
at://did:plc:cul7os3ap4zxmlzha5sst5i5/app.bsky.feed.post/3mw4d66eh34s2,"iPhone Duo bude prvním iPhone v historii s podporou Apple Pencil, Apple měl ale původně mnohem ambicióznější plán. Podle velmi dobře informovaného reportéra Marka Gurmana z Bloombergu totiž… […] 

[Original post on zpravobot.news]",2026-09-22T13:22:21.000Z,2026-09-22T13:24:16.866Z,2026-09-22T16:43:30Z,lsaeu.zpravobot.news.ap.brid.gy,did:plc:cul7os3ap4zxmlzha5sst5i5,0,0,0,0,https://bsky.app/profile/lsaeu.zpravobot.news.ap.brid.gy/post/3mw4d66eh34s2,Apple iPhone
at://did:plc:auheb534vds5diviypi7drbi/app.bsky.feed.post/3mw4d3l24bs2u,Iker Muniain ya puede desbloquear mediante Face ID el iPhone 18 de Conor McGregor.,2026-09-22T13:22:44.548Z,2026-09-22T13:22:48.261Z,2026-09-22T16:43:30Z,robbhaifisch.bsky.social,did:plc:auheb534vds5diviypi7drbi,2,0,1,0,https://bsky.app/profile/robbhaifisch.bsky.social/post/3mw4d3l24bs2u,iphone
at://did:plc:i7ghysgeaogz2chzhlqkwk72/app.bsky.feed.post/3mw4d3ximac2f,"replaced?
no more than 5cm apart?
in another castle?
or not be?",2026-09-22T13:22:57.613Z,2026-09-22T13:22:58.559Z,2026-09-22T16:43:30Z,durys.xyz,did:plc:i7ghysgeaogz2chzhlqkwk72,0,0,0,0,https://bsky.app/profile/durys.xyz/post/3mw4d3ximac2f,iphone
at://did:plc:ritv6l6udmzeuwbit4omuq4x/app.bsky.feed.post/3mw4d3ydirx2q,Apple Announces 'Tap to Pay on iPhone' Availability in 8 More Countries,2026-09-22T13:22:58Z,2026-09-22T13:22:59.058Z,2026-09-22T16:43:30Z,macrumors.bsky.social,did:plc:ritv6l6udmzeuwbit4omuq4x,5,0,0,0,https://bsky.app/profile/macrumors.bsky.social/post/3mw4d3ydirx2q,Apple iPhone
at://did:plc:b4eicqrguc4by4jxy5bns54h/app.bsky.feed.post/3mw4d4w2vvk25,"Looking in before going down the ""gopher hole.""

A unique play structure in a local park allows kids to climb down and pop their heads out of holes like prairie dogs.

#AlphabetChallenge #WeekLforLookingIn #ECK",2026-09-22T13:23:29.670Z,2026-09-22T13:23:45.565Z,2026-09-22T16:43:30Z,shlead.bsky.social,did:plc:b4eicqrguc4by4jxy5bns54h,16,1,2,0,https://bsky.app/profile/shlead.bsky.social/post/3mw4d4w2vvk25,Apple iPhone
at://did:plc:gwzc6lrhzxrkxwuu66l7ycr4/app.bsky.feed.post/3mw4d5umbc22u,"めっちゃお金使いたいけど使う用もないっていうねぇ🤥
iPhone買い替えるから備えるかぁ🤥",2026-09-22T13:24:01.697Z,2026-09-22T13:24:04.769Z,2026-09-22T16:43:30Z,youmeemee.bsky.social,did:plc:gwzc6lrhzxrkxwuu66l7ycr4,7,0,0,0,https://bsky.app/profile/youmeemee.bsky.social/post/3mw4d5umbc22u,iphone
at://did:plc:mht5ub4ykjuoxpux77hikixt/app.bsky.feed.post/3mw4d6fdfbo2p,iPhone 18 Pro adds extra image data with a secure exclave to boost Face ID security — expect tweaks ahead. #FaceID #iPhone18Pro #SecureExclave #BiometricSecurity #Apple #TechSecurity https://thedailytechfeed.com/iphone-18-pros-face-id-extra-image-data-secure-exclave-adds-a-layer/,2026-09-22T13:24:13.000Z,2026-09-22T13:24:20.459Z,2026-09-22T16:43:30Z,thedailytechfeed.com,did:plc:mht5ub4ykjuoxpux77hikixt,0,0,0,0,https://bsky.app/profile/thedailytechfeed.com/post/3mw4d6fdfbo2p,Apple iPhone
at://did:plc:d7kyysydmsalwo2zadsha5sb/app.bsky.feed.post/3mw4d6yamis2y,"Apple Quietly Excludes Older iPhones From New Camera Feature - MacRumors

www.macrumors.com/2026/09/22/a...

- 애플이 새로운 사진 스타일 기능인 '질감 및 입자감 제어'를 구형 기기를 제외하고 최신 아이폰 18 프로 모델과 아이폰 듀오로만 제한

- 당초 구형 모델(아이폰 16, 17, 아이폰 에어 등)도 지원할 것처럼 발표했으나, 이후 보도자료와 iOS 27 가이드를 조용히 수정 (🧵1/2)",2026-09-22T13:24:39.064Z,2026-09-22T13:24:41.264Z,2026-09-22T16:43:30Z,lunamothryu.bsky.social,did:plc:d7kyysydmsalwo2zadsha5sb,0,0,1,0,https://bsky.app/profile/lunamothryu.bsky.social/post/3mw4d6yamis2y,Apple iPhone
at://did:plc:qr6tt46sisat4dxeh65sahlq/app.bsky.feed.post/3mw4d74gpye2o,"¿Y si tu iPhone pudiera detectar que te lo están robando? 👀

Apple prepara en iOS 27.2 un sistema que detectaría un tirón brusco y otras señales para bloquearlo automáticamente.

¿Veremos por fin un iPhone más difícil de robar? #iOS27 #Apple",2026-09-22T13:24:43.000Z,2026-09-22T13:24:44.162Z,2026-09-22T16:43:30Z,applex4.bsky.social,did:plc:qr6tt46sisat4dxeh65sahlq,0,0,0,0,https://bsky.app/profile/applex4.bsky.social/post/3mw4d74gpye2o,Apple iPhone
at://did:plc:xzh4y5uw75he5zjv7i6in7c2/app.bsky.feed.post/3mw4d7isdq323,"Adobe Premiere's Android version launches today for free, adding layered video editing, YouTube templates, and foldable optimization months after the iPhone release.",2026-09-22T13:24:56.212Z,2026-09-22T13:24:57.161Z,2026-09-22T16:43:30Z,thecircuitry.to,did:plc:xzh4y5uw75he5zjv7i6in7c2,0,0,0,0,https://bsky.app/profile/thecircuitry.to/post/3mw4d7isdq323,iphone
at://did:plc:lvcl4ujjkyeklddd4mpfitug/app.bsky.feed.post/3mw4d7mxmd22a,"Should you buy the iPhone 18 Pro?

Here's my straight-to-the-point review for #Postmedia:

Powerhouse iPhone 18 Pro more refinement than revolutionary

nationalpost.com/technology/p... - via @nationalpost.bsky.social @torontosun.bsky.social 

#iPhone #iPhone18 #iPhone18Pro #Apple #smartphones #tech",2026-09-22T13:25:00.789Z,2026-09-22T13:25:01.171Z,2026-09-22T16:43:30Z,marcsaltzman.bsky.social,did:plc:lvcl4ujjkyeklddd4mpfitug,0,0,0,0,https://bsky.app/profile/marcsaltzman.bsky.social/post/3mw4d7mxmd22a,Apple iPhone
at://did:plc:s6aepfdltjflp62edxfnv35b/app.bsky.feed.post/3mw4fapetzcc2,,2026-09-22T13:25:36.000Z,2026-09-22T14:01:56.965Z,2026-09-22T16:43:30Z,9to5mac.com.web.brid.gy,did:plc:s6aepfdltjflp62edxfnv35b,0,0,0,0,https://bsky.app/profile/9to5mac.com.web.brid.gy/post/3mw4fapetzcc2,Apple iPhone
at://did:plc:s6aepfdltjflp62edxfnv35b/app.bsky.feed.post/3mw4fakw5cus2,,2026-09-22T13:25:39.000Z,2026-09-22T14:01:57.563Z,2026-09-22T16:43:30Z,9to5mac.com.web.brid.gy,did:plc:s6aepfdltjflp62edxfnv35b,0,0,0,0,https://bsky.app/profile/9to5mac.com.web.brid.gy/post/3mw4fakw5cus2,iphone
at://did:plc:t73w6gbu7rwmrcaryblusjal/app.bsky.feed.post/3mw4dbgaoml32,"Wer gerne liest, kennt das Problem: Irgendwann verliert man den Überblick darüber, welche #Bücher bereits im Regal stehen, was man gerade liest und welcher Titel eigentlich noch auf der Wunschliste wartet. An dieser Stelle kommt #BookSafe ins Spiel. Die App für #iPhone, #iPad und die #AppleWatch […]",2026-09-22T13:25:49.000Z,2026-09-22T13:26:03.376Z,2026-09-22T16:43:30Z,appgefahren.techhub.social.ap.brid.gy,did:plc:t73w6gbu7rwmrcaryblusjal,0,1,0,0,https://bsky.app/profile/appgefahren.techhub.social.ap.brid.gy/post/3mw4dbgaoml32,iphone
at://did:plc:ccnscwnxtyi6c7xmenj4qql6/app.bsky.feed.post/3mw4db5mcrk2h,"so if you have an iphone, it does have an infrared camera to check your face every 5 seconds to see what you’re doing. i just found out that recently 😭",2026-09-22T13:25:51.799Z,2026-09-22T13:25:52.168Z,2026-09-22T16:43:30Z,pussyfullawasps.bsky.social,did:plc:ccnscwnxtyi6c7xmenj4qql6,0,0,1,0,https://bsky.app/profile/pussyfullawasps.bsky.social/post/3mw4db5mcrk2h,iphone
at://did:plc:piu6o3yjztvb2lzpxqeerabi/app.bsky.feed.post/3mw4jsq2zak32,,2026-09-22T13:27:17.000Z,2026-09-22T15:23:06.360Z,2026-09-22T16:43:30Z,macrumors.com.web.brid.gy,did:plc:piu6o3yjztvb2lzpxqeerabi,0,0,0,0,https://bsky.app/profile/macrumors.com.web.brid.gy/post/3mw4jsq2zak32,Apple iPhone
at://did:plc:v2ob6je7otkaffdktzdaywzp/app.bsky.feed.post/3mw4dgqyvyk2y,"Apple CEO John Ternus Talks iPhone Duo Design, Siri AI, and Becoming CEO - MacRumors

www.macrumors.com/2026/09/21/j...

- 신제품 '아이폰 듀오'는 기존 폴더블폰들과 달리 아이패드 경험을 살린 독자적인 화면비와 고도화된 힌지 엔지니어링을 통해 완성

- 애플의 시리 AI는 인간관계를 대체하는 '친구'가 아니며, 실제 사람 간의 교감과 성장을 돕는 도구로 기능해야 한다는 철학을 고수 (🧵1/2)",2026-09-22T13:28:59.907Z,2026-09-22T13:29:04.865Z,2026-09-22T16:43:30Z,lunamoth.bsky.social,did:plc:v2ob6je7otkaffdktzdaywzp,0,0,1,0,https://bsky.app/profile/lunamoth.bsky.social/post/3mw4dgqyvyk2y,Apple iPhone
at://did:plc:3ywxcjy2gpm72pyemwxx5ed6/app.bsky.feed.post/3mw4dgro3q22e,iPhoneで「ごきぶり」と入力するとけっこうリアルなゴキブリの絵文字が変換候補の上位に出てくる。,2026-09-22T13:29:00.601Z,2026-09-22T13:29:01.061Z,2026-09-22T16:43:30Z,mae.bsky.social,did:plc:3ywxcjy2gpm72pyemwxx5ed6,5,1,0,1,https://bsky.app/profile/mae.bsky.social/post/3mw4dgro3q22e,iphone
at://did:plc:zwxl6dnun52q3ywiao2ad3if/app.bsky.feed.post/3mw4dnrrnm372,"Novo recurso do iPhone bloqueia celular se ele for arrancado da sua mão; veja
https://canaltech.com.br/apps/novo-recurso-do-iphone-bloqueia-celular-se-ele-for-arrancado-da-sua-mao-veja/?utm_source=flipboard&utm_medium=activitypub 

Posted into Tecnologia @tecnologia-FlipboardBR",2026-09-22T13:29:48.000Z,2026-09-22T13:33:08.059Z,2026-09-22T16:43:30Z,flipboardbr.flipboard.com.ap.brid.gy,did:plc:zwxl6dnun52q3ywiao2ad3if,0,1,0,0,https://bsky.app/profile/flipboardbr.flipboard.com.ap.brid.gy/post/3mw4dnrrnm372,Apple iPhone
at://did:plc:hmtbe2a5xzwqxhqtfgyfmcwa/app.bsky.feed.post/3mw4dierzjl2o,"Fold Magnetic Wireless Charger for iPhone: Compact Charging Pad Fit… → now $26.54, 37% off
https://www.amazon.com/dp/B0DGPTTD9G?tag=birdxdeal-20 #fold #magnetic",2026-09-22T13:29:53Z,2026-09-22T13:29:54.665Z,2026-09-22T16:43:30Z,birdxdealss.bsky.social,did:plc:hmtbe2a5xzwqxhqtfgyfmcwa,0,0,0,0,https://bsky.app/profile/birdxdealss.bsky.social/post/3mw4dierzjl2o,iphone
at://did:plc:ve55o6p6n6zmc4i4dik3yo77/app.bsky.feed.post/3mw4diwezws2i,Crypto-draining FOMO app was available on Apple store for a week protos.com/crypto-drain...,2026-09-22T13:30:12.655Z,2026-09-22T13:30:14.255Z,2026-09-22T16:43:30Z,protos.com,did:plc:ve55o6p6n6zmc4i4dik3yo77,3,0,2,0,https://bsky.app/profile/protos.com/post/3mw4diwezws2i,Apple iPhone
at://did:plc:bjxslx3nazswdvkbiaa4cvj3/app.bsky.feed.post/3mw4djsoefc2c,"Fotografische Stile in iOS 27: Apple streicht Textur und Körnung für ältere iPhones

Apple hat Textur und Körnung in iOS 27 nachträglich auf das iPhone 18 Pro beschränkt –…

https://appletechnikblog.com/2026/09/22/fotografische-stile-in-ios-27-apple-streicht-textur-und-koernung-fuer-aeltere-iphones/",2026-09-22T13:30:42Z,2026-09-22T13:30:42.658Z,2026-09-22T16:43:30Z,appletechnikblog.bsky.social,did:plc:bjxslx3nazswdvkbiaa4cvj3,0,0,0,0,https://bsky.app/profile/appletechnikblog.bsky.social/post/3mw4djsoefc2c,Apple iPhone
at://did:plc:riarwo7vraveqg7xkriapjjm/app.bsky.feed.post/3mw4dklveuc2h,"I used to live in Pine Ridge, right at the end of Lake Ida at Hagen Ranch. Lots of my (amateur) iphone photos are from Arthur Marshall, Green Cay, Wakodahatchee (thanks for having that spelled out for me 🙃), and Pine Ridge.",2026-09-22T13:31:08.766Z,2026-09-22T13:31:09.463Z,2026-09-22T16:43:30Z,roddusi.bsky.social,did:plc:riarwo7vraveqg7xkriapjjm,2,0,2,0,https://bsky.app/profile/roddusi.bsky.social/post/3mw4dklveuc2h,iphone
at://did:plc:lzpdrziptxo3j2xtukdwlgaz/app.bsky.feed.post/3mw4dkma3xf2v,"Best iPhone Apps for Contractors & Solo Handymen in 2026 (Free-First Estimating)

Room scanning, construction math, estimates, invoicing, and mileage tracking on iPhone. Eight apps for contractors, with the 2026 prices for each.

https://iosapplists.com/best-iphone-apps-for-contractors-handymen/",2026-09-22T13:31:08.943157Z,2026-09-22T13:31:09.259Z,2026-09-22T16:43:30Z,iosapplists.bsky.social,did:plc:lzpdrziptxo3j2xtukdwlgaz,0,0,0,0,https://bsky.app/profile/iosapplists.bsky.social/post/3mw4dkma3xf2v,iphone
at://did:plc:ritv6l6udmzeuwbit4omuq4x/app.bsky.feed.post/3mw4dmcscyl2a,Apple Planning to Bring iPhone Duo Display Tech to Pro in 2029,2026-09-22T13:32:05Z,2026-09-22T13:32:06.761Z,2026-09-22T16:43:30Z,macrumors.bsky.social,did:plc:ritv6l6udmzeuwbit4omuq4x,7,0,0,0,https://bsky.app/profile/macrumors.bsky.social/post/3mw4dmcscyl2a,Apple iPhone
at://did:plc:lni45qu7s4dv627ks77fjxgw/app.bsky.feed.post/3mw4dmzyik22w,"Whether you just bought a new iPhone with iOS 27 or upgraded your existing phone to the new operating system, here are five things you should do first. zdnet.com/tech/5-thing... via @zdnet.bsky.social",2026-09-22T13:32:30.656Z,2026-09-22T13:32:29.261Z,2026-09-22T16:43:30Z,lancewhit.bsky.social,did:plc:lni45qu7s4dv627ks77fjxgw,0,0,0,0,https://bsky.app/profile/lancewhit.bsky.social/post/3mw4dmzyik22w,iphone
at://did:plc:gjypigwdtwlrnm7qk6yrktag/app.bsky.feed.post/3mw4dnm4ox224,"本当にかわいい🌷

jp.jwpei.com/products/tul...",2026-09-22T13:32:49.663Z,2026-09-22T13:32:52.770Z,2026-09-22T16:43:30Z,yoiclove.bsky.social,did:plc:gjypigwdtwlrnm7qk6yrktag,4,1,0,0,https://bsky.app/profile/yoiclove.bsky.social/post/3mw4dnm4ox224,iphone
at://did:plc:b4eicqrguc4by4jxy5bns54h/app.bsky.feed.post/3mw4dnsonp225,"It is very good when you can see the surface!
It is not you. The iPhone isn't great at taking pictures of the moon when it is really dark. I can get good evening ones when there is still some sunlight.",2026-09-22T13:32:56.549Z,2026-09-22T13:32:57.158Z,2026-09-22T16:43:30Z,shlead.bsky.social,did:plc:b4eicqrguc4by4jxy5bns54h,1,0,1,0,https://bsky.app/profile/shlead.bsky.social/post/3mw4dnsonp225,iphone
at://did:plc:qt34fdb5di4hsny5wncomxtt/app.bsky.feed.post/3mw4dp3ivao2t,"CEO John Ternus’ Apple event teaser hints at new camera feature You Should Know

#iPhone

https://justpaste.in/tech/ceo-john-ternus-apple-event-teaser-hints-at-new-camera-feature-you-should-know/",2026-09-22T13:33:37Z,2026-09-22T13:33:39.557Z,2026-09-22T16:43:30Z,techworlddaily.bsky.social,did:plc:qt34fdb5di4hsny5wncomxtt,0,0,0,0,https://bsky.app/profile/techworlddaily.bsky.social/post/3mw4dp3ivao2t,Apple iPhone
at://did:plc:55euaesvmse76fxdx3pibmyq/app.bsky.feed.post/3mw4dp5wc2s2k,"2879回Apple storeの隅からhelloの文字が迎えてくれる
radio.voiceofonebutton.net/article/ANR2...
#ワンボタンの声 #ポッドキャスト",2026-09-22T13:33:41.888Z,2026-09-22T13:33:42.358Z,2026-09-22T16:43:30Z,stellersealion.bsky.social,did:plc:55euaesvmse76fxdx3pibmyq,0,0,0,0,https://bsky.app/profile/stellersealion.bsky.social/post/3mw4dp5wc2s2k,Apple iPhone
at://did:plc:47ynxndqdwbdvsahdaeh35fp/app.bsky.feed.post/3mw4dr3rthmp2,"Tak já už mám ochranu vybranou 😎✌️ Btw jak to máte vy, nosíte iPhone s nebo bez krytu?
Jo a mimochodem na YouTube jsem vydal první dojmy na iPhone 18 Pro Max, kdyby vám to uniklo 😉👇
https://youtu.be/Xx_Jo7uXtn0?is=V96zBIxkjUZckuol",2026-09-22T13:34:41.000Z,2026-09-22T13:34:58.858Z,2026-09-22T16:43:30Z,ceskymac.zpravobot.news.ap.brid.gy,did:plc:47ynxndqdwbdvsahdaeh35fp,0,0,0,0,https://bsky.app/profile/ceskymac.zpravobot.news.ap.brid.gy/post/3mw4dr3rthmp2,iphone
at://did:plc:js7ejarq3d6sxpj4o5n5fajt/app.bsky.feed.post/3mw4dr2kc5c2h,Heute 1 Jahr iPhone Air by the way,2026-09-22T13:34:45.446Z,2026-09-22T13:34:46.063Z,2026-09-22T16:43:30Z,bakfiets.blog,did:plc:js7ejarq3d6sxpj4o5n5fajt,0,0,0,0,https://bsky.app/profile/bakfiets.blog/post/3mw4dr2kc5c2h,iphone
at://did:plc:m4nira5lmpb53wjl74s7hs3s/app.bsky.feed.post/3mw4drnajp22s,Creo que no ha salido nunca un teléfono más bonito que el iPhone 4S,2026-09-22T13:35:05.061Z,2026-09-22T13:35:05.565Z,2026-09-22T16:43:30Z,rorik.bsky.social,did:plc:m4nira5lmpb53wjl74s7hs3s,9,0,2,0,https://bsky.app/profile/rorik.bsky.social/post/3mw4drnajp22s,iphone
at://did:plc:jkawicy6ttwmyupyek6rjcvq/app.bsky.feed.post/3mw4duwrcdk2i,"I had Samsung last couple of times and it's been fine, s26 basically identical to my old s23. Before that was Sony Xperia which I liked but then when it was up for renewal I couldn't find another one at a decent price. Never had an iPhone though, so not sure how they'd stack up!",2026-09-22T13:36:55.707Z,2026-09-22T13:36:56.460Z,2026-09-22T16:43:30Z,dannybhoy67.bsky.social,did:plc:jkawicy6ttwmyupyek6rjcvq,0,0,0,0,https://bsky.app/profile/dannybhoy67.bsky.social/post/3mw4duwrcdk2i,iphone
at://did:plc:nfins26qfrvhp7wb3l3e6ukw/app.bsky.feed.post/3mw4dv4f4rz27,"Un bug di iOS mostra un badge rosso persistente nell'app Impostazioni per lo spazio di iCloud, anche quando la memoria è sufficiente. Diversi utenti hanno segnalato l'errore.

#iOS #Icloud #Apple kiro.it/eCXj2",2026-09-22T13:37:01.587Z,2026-09-22T13:37:02.558Z,2026-09-22T16:43:30Z,melanews.bsky.social,did:plc:nfins26qfrvhp7wb3l3e6ukw,1,0,0,0,https://bsky.app/profile/melanews.bsky.social/post/3mw4dv4f4rz27,Apple iPhone
at://did:plc:gltfewoltu2dajaepwyyn2kx/app.bsky.feed.post/3mw4dw5cj4g2g,Talking about getting a new Coffee Machine... If your currency is Mac Studio and iPhone Duo,2026-09-22T13:37:35.935Z,2026-09-22T13:37:38.064Z,2026-09-22T16:43:30Z,angomarcello.bsky.social,did:plc:gltfewoltu2dajaepwyyn2kx,0,0,0,0,https://bsky.app/profile/angomarcello.bsky.social/post/3mw4dw5cj4g2g,iphone
at://did:plc:dwecjm5n7fyljcjk3vi7x5oa/app.bsky.feed.post/3mw4dwkc4fu23,"MacRumors より

Apple Announces 'Tap to Pay on iPhone' Availability in 8 More Countries
Apple より8カ国で「Tap to Pay on iPhone」を発売
",2026-09-22T13:37:49.181561+00:00,2026-09-22T13:37:50.365Z,2026-09-22T16:43:30Z,gigowat.bsky.social,did:plc:dwecjm5n7fyljcjk3vi7x5oa,0,0,0,0,https://bsky.app/profile/gigowat.bsky.social/post/3mw4dwkc4fu23,Apple iPhone
at://did:plc:d7kyysydmsalwo2zadsha5sb/app.bsky.feed.post/3mw4dyx7ugc2y,"Apple CEO John Ternus Talks iPhone Duo Design, Siri AI, and Becoming CEO - MacRumors

www.macrumors.com/2026/09/21/j...

- 신제품 '아이폰 듀오'는 기존 폴더블폰들과 달리 아이패드 경험을 살린 독자적인 화면비와 고도화된 힌지 엔지니어링을 통해 완성

- 애플의 시리 AI는 인간관계를 대체하는 '친구'가 아니며, 실제 사람 간의 교감과 성장을 돕는 도구로 기능해야 한다는 철학을 고수 (🧵1/2)",2026-09-22T13:39:10.406Z,2026-09-22T13:39:12.957Z,2026-09-22T16:43:30Z,lunamothryu.bsky.social,did:plc:d7kyysydmsalwo2zadsha5sb,0,0,1,0,https://bsky.app/profile/lunamothryu.bsky.social/post/3mw4dyx7ugc2y,Apple iPhone
at://did:plc:vrcsr5hdv3bsi47jqbtjmsxi/app.bsky.feed.post/3mw4e2nyhzu2r,"Magnetic for iPhone 18 Pro Max Case with Privacy Screen Protector & Full Camera only $4.xx
https://www.amazon.com/gp/product/B0H94J86FF?smid=&th=1&linkCode=ll2&tag=bluesky0d2-20",2026-09-22T13:40:07.303773Z,2026-09-22T13:40:08.567Z,2026-09-22T16:43:30Z,glitchdeals.bsky.social,did:plc:vrcsr5hdv3bsi47jqbtjmsxi,1,0,0,0,https://bsky.app/profile/glitchdeals.bsky.social/post/3mw4e2nyhzu2r,iphone
at://did:plc:hmtbe2a5xzwqxhqtfgyfmcwa/app.bsky.feed.post/3mw4e3eqtf32m,"3 in 1 MagSafe Wireless Charger Stand for iPhone Apple Watch AirPods → now $17.95, 36% off
https://www.amazon.com/dp/B0CNTH3F7P?tag=birdxdeal-20 #magsafe #wireless",2026-09-22T13:40:31Z,2026-09-22T13:40:31.956Z,2026-09-22T16:43:30Z,birdxdealss.bsky.social,did:plc:hmtbe2a5xzwqxhqtfgyfmcwa,0,0,0,0,https://bsky.app/profile/birdxdealss.bsky.social/post/3mw4e3eqtf32m,Apple iPhone
at://did:plc:g222tlp3276m4abem6wbjkld/app.bsky.feed.post/3mw4e5rayywf2,oh YES https://www.moft.com/products/dynamic-folio-for-iphone-duo,2026-09-22T13:41:43.000Z,2026-09-22T13:41:53.958Z,2026-09-22T16:43:30Z,ap.exch.gr,did:plc:g222tlp3276m4abem6wbjkld,0,0,1,0,https://bsky.app/profile/ap.exch.gr/post/3mw4e5rayywf2,iphone
at://did:plc:liqa5jzb42hdrksxdo36qitn/app.bsky.feed.post/3mw4e5td3j22i,,2026-09-22T13:41:53Z,2026-09-22T13:41:54.766Z,2026-09-22T16:43:30Z,gizmodojapan.bsky.social,did:plc:liqa5jzb42hdrksxdo36qitn,0,0,0,0,https://bsky.app/profile/gizmodojapan.bsky.social/post/3mw4e5td3j22i,iphone
at://did:plc:dwecjm5n7fyljcjk3vi7x5oa/app.bsky.feed.post/3mw4e5udkvf2c,"MacRumors より

Apple Planning to Bring iPhone Duo Display Tech to Pro in 2029
Appleは2029年にiPhoneデュオディスプレイテクノロジーをプロに導入する計画
",2026-09-22T13:41:54.663981+00:00,2026-09-22T13:41:55.264Z,2026-09-22T16:43:30Z,gigowat.bsky.social,did:plc:dwecjm5n7fyljcjk3vi7x5oa,0,0,0,0,https://bsky.app/profile/gigowat.bsky.social/post/3mw4e5udkvf2c,Apple iPhone
at://did:plc:z4547lu5ykj2ot3no6fwz5n4/app.bsky.feed.post/3mw4kdlzluow2,,2026-09-22T13:43:33.000Z,2026-09-22T15:33:26.408Z,2026-09-22T16:43:30Z,wnep.com.web.brid.gy,did:plc:z4547lu5ykj2ot3no6fwz5n4,0,0,0,0,https://bsky.app/profile/wnep.com.web.brid.gy/post/3mw4kdlzluow2,iphone
at://did:plc:y3rk3ke54ib6rnpokcmyihba/app.bsky.feed.post/3mw4iz6dem7j2,,2026-09-22T13:43:33.000Z,2026-09-22T15:08:50.564Z,2026-09-22T16:43:30Z,wtol.com.web.brid.gy,did:plc:y3rk3ke54ib6rnpokcmyihba,0,0,0,0,https://bsky.app/profile/wtol.com.web.brid.gy/post/3mw4iz6dem7j2,iphone
at://did:plc:j2wsd5dyynpwh3rrpsuhqfkv/app.bsky.feed.post/3mw4kgybdqav2,,2026-09-22T13:43:33.000Z,2026-09-22T15:34:26.068Z,2026-09-22T16:43:30Z,10tv.com.web.brid.gy,did:plc:j2wsd5dyynpwh3rrpsuhqfkv,0,0,0,0,https://bsky.app/profile/10tv.com.web.brid.gy/post/3mw4kgybdqav2,iphone
at://did:plc:fkyv2jw6fwu32arb3qovihu6/app.bsky.feed.post/3mw4jw7rtpec2,,2026-09-22T13:43:33.000Z,2026-09-22T15:25:03.062Z,2026-09-22T16:43:30Z,wfaa.com.web.brid.gy,did:plc:fkyv2jw6fwu32arb3qovihu6,0,0,0,0,https://bsky.app/profile/wfaa.com.web.brid.gy/post/3mw4jw7rtpec2,iphone
at://did:plc:7vzn242g4tv2qo33vwrpwew4/app.bsky.feed.post/3mw4gtxv6xtf2,,2026-09-22T13:43:33.000Z,2026-09-22T14:30:14.265Z,2026-09-22T16:43:30Z,kvue.com.web.brid.gy,did:plc:7vzn242g4tv2qo33vwrpwew4,0,0,0,0,https://bsky.app/profile/kvue.com.web.brid.gy/post/3mw4gtxv6xtf2,iphone
at://did:plc:3dq6qqy7zgaj5xx3omiqvfy2/app.bsky.feed.post/3mw4eraylqf32,,2026-09-22T13:43:33.000Z,2026-09-22T13:52:48.063Z,2026-09-22T16:43:30Z,kgw.com.web.brid.gy,did:plc:3dq6qqy7zgaj5xx3omiqvfy2,0,0,0,0,https://bsky.app/profile/kgw.com.web.brid.gy/post/3mw4eraylqf32,iphone
at://did:plc:rghsmk5gzlb7s2tv5olsc2jk/app.bsky.feed.post/3mw4ecroi3t2e,"Apple’s next-gen photo controls only work on images ‘captured’ on a new iPhone #Technology 

https://www.macworld.com/article/3241056/apples-next-gen-photo-controls-only-work-on-images-captured-on-a-new-iphone.html",2026-09-22T13:44:39+00:00,2026-09-22T13:45:49.633Z,2026-09-22T16:43:30Z,puretech.news,did:plc:rghsmk5gzlb7s2tv5olsc2jk,0,0,0,0,https://bsky.app/profile/puretech.news/post/3mw4ecroi3t2e,iphone
at://did:plc:opq5phhuquxppobexcp2cm4y/app.bsky.feed.post/3mw4egas6fk24,"🔥 Ukrainian director Tanu Muiño has directed “Night Moves,” a new promotional video for Apple’s iPhone 18 Pro.",2026-09-22T13:46:36.623Z,2026-09-22T13:46:37.961Z,2026-09-22T16:43:30Z,united24media.com,did:plc:opq5phhuquxppobexcp2cm4y,40,5,0,1,https://bsky.app/profile/united24media.com/post/3mw4egas6fk24,iphone
at://did:plc:hmtbe2a5xzwqxhqtfgyfmcwa/app.bsky.feed.post/3mw4ehf3fze2q,"UGREEN Nexode 25000mAh 145W 3-Port USB-C Power Bank for iPhone 17 Pro… → now $69.99, 36% off
https://www.amazon.com/dp/B0BJQ7F16T?tag=birdxdeal-20 #ugreen #nexode",2026-09-22T13:47:13Z,2026-09-22T13:47:14.957Z,2026-09-22T16:43:30Z,birdxdealss.bsky.social,did:plc:hmtbe2a5xzwqxhqtfgyfmcwa,0,0,0,0,https://bsky.app/profile/birdxdealss.bsky.social/post/3mw4ehf3fze2q,iphone
at://did:plc:b3lro5itwnm2rjxxfp3njse2/app.bsky.feed.post/3mw4eitqyns2n,"Indie iOS lesson: a sick-day timeline only works if logging a fever takes seconds at 2am.

Kiddico keeps temperatures, symptoms, meds, and care notes on one iPhone timeline. No ads. Not a doctor.

www.kiddico.app?utm_source=bluesky&utm_medium=social
#BuildInPublic",2026-09-22T13:48:03.643Z,2026-09-22T13:48:03.957Z,2026-09-22T16:43:30Z,kiddico.bsky.social,did:plc:b3lro5itwnm2rjxxfp3njse2,2,0,1,0,https://bsky.app/profile/kiddico.bsky.social/post/3mw4eitqyns2n,iphone
at://did:plc:mm56qk7rrficheevw52mwweu/app.bsky.feed.post/3mw4ekfyypk2l,"Da du ja auch iPhone Nutzerin bist, kann das bei mir zumindest nicht bestätigen. Nur eine bestimmte App die das macht mit eigener Spracheinstellungen oder sowas wirres? Hab zumindest immer wieder Zickereien, wenn ich auf Englisch schreibe.",2026-09-22T13:48:56.330Z,2026-09-22T13:48:57.563Z,2026-09-22T16:43:30Z,gaelunafn.eurosky.social,did:plc:mm56qk7rrficheevw52mwweu,2,0,0,0,https://bsky.app/profile/gaelunafn.eurosky.social/post/3mw4ekfyypk2l,iphone
at://did:plc:cdo3gdznzmhg4irgaecxqdha/app.bsky.feed.post/3mw4ekoxcns2l,"Käufer des iPhone 18 Pro und neuer Apple-Watch-Modelle berichten von Softwarefehlern. Während beim iPhone Face ID Probleme macht, stürzen die Uhren zufällig ab. #Apple",2026-09-22T13:49:05.472Z,2026-09-22T13:49:06.266Z,2026-09-22T16:43:30Z,macandi.bsky.social,did:plc:cdo3gdznzmhg4irgaecxqdha,0,0,0,0,https://bsky.app/profile/macandi.bsky.social/post/3mw4ekoxcns2l,Apple iPhone
at://did:plc:qt34fdb5di4hsny5wncomxtt/app.bsky.feed.post/3mw4eladxqq2i,"An iPhone Pro with a better camera? Honor Magic 9 is official: A Practical Look

#Smartphones

https://justpaste.in/tech/an-iphone-pro-with-a-better-camera-honor-magic-9-is-official-a-practical-look-2/",2026-09-22T13:49:21Z,2026-09-22T13:49:24.460Z,2026-09-22T16:43:30Z,techworlddaily.bsky.social,did:plc:qt34fdb5di4hsny5wncomxtt,0,0,0,0,https://bsky.app/profile/techworlddaily.bsky.social/post/3mw4eladxqq2i,iphone
at://did:plc:hpnwx54bt2k37wyjbdyyqglg/app.bsky.feed.post/3mw4end3wv22s,#photography #iphone #chicago,2026-09-22T13:50:33.941Z,2026-09-22T13:50:43.256Z,2026-09-22T16:43:30Z,kam129.bsky.social,did:plc:hpnwx54bt2k37wyjbdyyqglg,6,0,0,0,https://bsky.app/profile/kam129.bsky.social/post/3mw4end3wv22s,iphone
at://did:plc:jpsi77obepmpwj4pok3knjcg/app.bsky.feed.post/3mw4eo23tpk25,"Xiaomi was Apple weer eens te snel af: de Xiaomi 18 Fold oogt als de foldable iPhone Duo, maar het is het niet. Of toch wel? Tijd voor een grondige test van Mrwhosetheboss youtu.be/eYBEJBfq_Zs?...",2026-09-22T13:50:58.062Z,2026-09-22T13:51:00.265Z,2026-09-22T16:43:30Z,nieuwemobiel.nl,did:plc:jpsi77obepmpwj4pok3knjcg,0,0,0,0,https://bsky.app/profile/nieuwemobiel.nl/post/3mw4eo23tpk25,Apple iPhone
at://did:plc:mht5ub4ykjuoxpux77hikixt/app.bsky.feed.post/3mw4eqp7sik23,"iPhone Pro OLEDs go polarizer-free in 2029 with CoE tech — thinner, brighter, more efficient. #DisplayTech #OLED #iPhonePro #CoE #Apple #Innovation https://thedailytechfeed.com/apple-to-deliver-polarizer-free-oleds-to-iphone-pro-by-2029/",2026-09-22T13:51:56.000Z,2026-09-22T13:52:27.657Z,2026-09-22T16:43:30Z,thedailytechfeed.com,did:plc:mht5ub4ykjuoxpux77hikixt,0,0,0,0,https://bsky.app/profile/thedailytechfeed.com/post/3mw4eqp7sik23,Apple iPhone
at://did:plc:425qgmeu22uz7ca7r6k6cd32/app.bsky.feed.post/3mw4erf6trk2d,Lo de dar tu antiguo iPhone,2026-09-22T13:52:50.359Z,2026-09-22T13:52:50.961Z,2026-09-22T16:43:30Z,muriillo04.bsky.social,did:plc:425qgmeu22uz7ca7r6k6cd32,0,0,1,0,https://bsky.app/profile/muriillo04.bsky.social/post/3mw4erf6trk2d,iphone
at://did:plc:4ahr3taztgtxoezvkjfgoyj4/app.bsky.feed.post/3mw4erfdxtk2v,Evolution of iPhone :),2026-09-22T13:52:50.526Z,2026-09-22T13:52:52.356Z,2026-09-22T16:43:30Z,arunshah240.bsky.social,did:plc:4ahr3taztgtxoezvkjfgoyj4,0,0,0,0,https://bsky.app/profile/arunshah240.bsky.social/post/3mw4erfdxtk2v,iphone
at://did:plc:y53crjqjctu4sn4lkkkmap4k/app.bsky.feed.post/3mw4esmpt6p22,"iPhone 18 Proが母艦からミラーリングで繋がらない顛末を書いた。機種変とmacOSバージョンアップを同時にやったので、どっちが悪いのかよくわからんが何とかなった。
--
macOS 27でiPhoneミラーリングが「ペアリングが進行中」のまま接続できない場合の対処 #Mac - Qiita https://qiita.com/ohtsuka/items/e6a103269d1020d24076",2026-09-22T13:53:13.000Z,2026-09-22T13:53:35.256Z,2026-09-22T16:43:30Z,ohtsuka.fedibird.com.ap.brid.gy,did:plc:y53crjqjctu4sn4lkkkmap4k,0,1,0,0,https://bsky.app/profile/ohtsuka.fedibird.com.ap.brid.gy/post/3mw4esmpt6p22,iphone
at://did:plc:e7uqplbts44gccjyhn4fdvzk/app.bsky.feed.post/3mw4etniisx2c,"Update! IPhone 18 Pro https://kimagurenote.net/kn/IPhone_18_Pro - Apple Store でドコモ・ahamoの回線を紐づけて機種変更扱いで8,800円の値引きを受けて購入した端末は、eSIMクイック転送に失敗する不具合が発生しているようだ…ドコモ特有のEID絡みだろうか？",2026-09-22T13:54:03.000000Z,2026-09-22T13:54:06.357Z,2026-09-22T16:43:30Z,kimagurenote.net,did:plc:e7uqplbts44gccjyhn4fdvzk,0,0,0,0,https://bsky.app/profile/kimagurenote.net/post/3mw4etniisx2c,Apple iPhone
at://did:plc:mht5ub4ykjuoxpux77hikixt/app.bsky.feed.post/3mw4f3plkcz2w,"PITAKA’s Edge, Cairn & Summa cases bring woven aramid style + rugged protection for iPhone 18 Pro/Max. #iPhone18 #PITAKA #AramidFiber #CaseDesign #TechAccessories #MobileProtection https://thedailytechfeed.com/pitaka-unveils-sleek-new-cases-for-iphone-18-series/",2026-09-22T13:58:06.000Z,2026-09-22T13:58:37.757Z,2026-09-22T16:43:30Z,thedailytechfeed.com,did:plc:mht5ub4ykjuoxpux77hikixt,0,0,0,0,https://bsky.app/profile/thedailytechfeed.com/post/3mw4f3plkcz2w,iphone
at://did:plc:gq4fo3u6tqzzdkjlwzpb23tj/app.bsky.feed.post/3mw4f3o5t2k2r,"here are a few additional iphone 18 pro photos from yesterday’s walk that showcase its new film grain/texture emulations — these in particular really give you a sense of how they’ve handled halation

these are all straight from the camera with no additional editing",2026-09-22T13:58:35.306Z,2026-09-22T13:58:36.870Z,2026-09-22T16:43:30Z,dame.is,did:plc:gq4fo3u6tqzzdkjlwzpb23tj,4,0,0,0,https://bsky.app/profile/dame.is/post/3mw4f3o5t2k2r,iphone
at://did:plc:zxbclrdegu36ivu6o2rjx52c/app.bsky.feed.post/3mw4f3rmb5h2h,"Logitech Keys-To-Go Teclado Inalámbrico Bluetooth para iPhone

📉 Baja de 71,99 a 39,92€

💶 Ahorro: 32,07€ (45%)

🔗 https://amzlink.to/az0fgDNYgDQcj",2026-09-22T13:58:38.688Z,2026-09-22T13:58:39.566Z,2026-09-22T16:43:30Z,lobocompras.bsky.social,did:plc:zxbclrdegu36ivu6o2rjx52c,0,0,0,0,https://bsky.app/profile/lobocompras.bsky.social/post/3mw4f3rmb5h2h,iphone
at://did:plc:g5utkeumaifitqma6gtqog3y/app.bsky.feed.post/3mw4f3sorq22q,"Last night on the Sea of Cortez. Not the best iPhone photo, but it does capture a bit of the moonlight magic.",2026-09-22T13:58:40.048Z,2026-09-22T13:58:45.760Z,2026-09-22T16:43:30Z,5ofcrones.bsky.social,did:plc:g5utkeumaifitqma6gtqog3y,7,1,3,0,https://bsky.app/profile/5ofcrones.bsky.social/post/3mw4f3sorq22q,iphone
at://did:plc:b4eicqrguc4by4jxy5bns54h/app.bsky.feed.post/3mw4f3y6qlk2n,"“A tulip doesn’t strive to impress anyone. It doesn’t struggle to be different than a rose. It doesn’t have to. It is different. And there’s room in the garden for every flower.” 
— Marianne Williamson

#TulipTuesday
#dailyflowers 🌱  #flowerreport #bloomscrolling

Neighbor's front yard. March 2025.",2026-09-22T13:58:45.821Z,2026-09-22T13:58:49.064Z,2026-09-22T16:43:30Z,shlead.bsky.social,did:plc:b4eicqrguc4by4jxy5bns54h,33,3,1,0,https://bsky.app/profile/shlead.bsky.social/post/3mw4f3y6qlk2n,Apple iPhone
at://did:plc:76gxftu3l5ew4g7bqh3m3nla/app.bsky.feed.post/3mw4f6fffcb2i,"Follower count is not part of SkyDeck's Engagement Score.

It ranks your top 10 on interactions alone. Each person scores 0 to 5 against the rest.

So number one can be an account smaller than yours.

https://apple.co/4bRq4H0",2026-09-22T14:00:06.203Z,2026-09-22T14:00:07.065Z,2026-09-22T16:43:30Z,getskydeck.app,did:plc:76gxftu3l5ew4g7bqh3m3nla,2,0,0,0,https://bsky.app/profile/getskydeck.app/post/3mw4f6fffcb2i,iphone
at://did:plc:kkdpuqm6tvalztn4bwxp5vau/app.bsky.feed.post/3mw4f6ttk7u25,"新発売の「iPhone Duo」「iPhone 18」シリーズ、6割が『買わない』と回答。専門家の意見は？（All About） – Yahoo!ニュース

https://www.yayafa.com/2892913/

新発売の「iPhone Duo」「i…",2026-09-22T14:00:19+00:00,2026-09-22T14:00:22.659Z,2026-09-22T16:43:30Z,yayafa.bsky.social,did:plc:kkdpuqm6tvalztn4bwxp5vau,0,0,0,0,https://bsky.app/profile/yayafa.bsky.social/post/3mw4f6ttk7u25,iphone
at://did:plc:4miz4orrlkiizbadjh4vxdep/app.bsky.feed.post/3mw4f6xzhe22i,"Само дни след началото на продажбите на iPhone 18 Pro се появиха първи сигнали за проблеми.

Някои потребители съобщават за временно блокиране на сензорния екран, а други за рестартиране на телефона след неуспешно разпознаване с Face ID. #смартфони #Apple #iPhone digitalera.bg/problemi-iph...",2026-09-22T14:00:26.313Z,2026-09-22T14:00:30.563Z,2026-09-22T16:43:30Z,digitalerabg.bsky.social,did:plc:4miz4orrlkiizbadjh4vxdep,0,0,0,0,https://bsky.app/profile/digitalerabg.bsky.social/post/3mw4f6xzhe22i,Apple iPhone
at://did:plc:4w5gvggjpwm624gjwlwwd2kt/app.bsky.feed.post/3mw4fajtblv2d,"iPhone 18: Release date, rumored features and what to expect www.theapplepost.com/2026/09/22/7...",2026-09-22T14:01:17.549Z,2026-09-22T14:01:19.172Z,2026-09-22T16:43:30Z,theapplepost.com,did:plc:4w5gvggjpwm624gjwlwwd2kt,0,0,0,0,https://bsky.app/profile/theapplepost.com/post/3mw4fajtblv2d,Apple iPhone
at://did:plc:lmwcopv72vddqhyu26r4tsr4/app.bsky.feed.post/3mw4famrx3q2h,,2026-09-22T14:01:21Z,2026-09-22T14:01:22.862Z,2026-09-22T16:43:30Z,ifun-news.bsky.social,did:plc:lmwcopv72vddqhyu26r4tsr4,0,0,0,0,https://bsky.app/profile/ifun-news.bsky.social/post/3mw4famrx3q2h,Apple iPhone
at://did:plc:frsanbxmk75ecf5r7naxs433/app.bsky.feed.post/3mw4fbgv65c2v,"🍎 3 cosas que puedes hacer en iOS 27 que quizá no conocías 👀

📸 Ampliar una foto después de hacerla
🔔 Recibir avisos cuando una web cambie
🤖 Crear atajos con IA simplemente describiendo lo que quieres

Yo no conocía las tres 😅 ¿Cuál no conocías tú? 

#iOS27 #iPhone #Apple #TrucosiPhone #iOS",2026-09-22T14:01:49.005Z,2026-09-22T14:01:51.959Z,2026-09-22T16:43:30Z,lunabel92.bsky.social,did:plc:frsanbxmk75ecf5r7naxs433,1,0,0,0,https://bsky.app/profile/lunabel92.bsky.social/post/3mw4fbgv65c2v,Apple iPhone
at://did:plc:f3ph3ymzcnhpchwqiu4u37g2/app.bsky.feed.post/3mw4fdqrrll23,iPhone Duo Hands-On: The Inner Screen Looks Like Real Paper https://gizmodo.com/iphone-duo-hands-on-2000808932,2026-09-22T14:03:05.993Z,2026-09-22T14:03:06.758Z,2026-09-22T16:43:30Z,gizmodo.com,did:plc:f3ph3ymzcnhpchwqiu4u37g2,2,0,0,1,https://bsky.app/profile/gizmodo.com/post/3mw4fdqrrll23,iphone
at://did:plc:gsxfqiyly6evc7z7byvhrxxu/app.bsky.feed.post/3mw4fetufxf2n,iPhone 18 Pro Max + Apple Watch Ultra 4: Our First Impressions,2026-09-22T14:03:43Z,2026-09-22T14:03:44.168Z,2026-09-22T16:43:30Z,chrisryannyc.bsky.social,did:plc:gsxfqiyly6evc7z7byvhrxxu,1,0,0,0,https://bsky.app/profile/chrisryannyc.bsky.social/post/3mw4fetufxf2n,Apple iPhone
at://did:plc:3xpbuegedcvfgqzvfn64jtlu/app.bsky.feed.post/3mw4fevhiyd24,,2026-09-22T14:03:44Z,2026-09-22T14:03:45.658Z,2026-09-22T16:43:30Z,leakpt.bsky.social,did:plc:3xpbuegedcvfgqzvfn64jtlu,0,0,0,0,https://bsky.app/profile/leakpt.bsky.social/post/3mw4fevhiyd24,iphone
at://did:plc:qt34fdb5di4hsny5wncomxtt/app.bsky.feed.post/3mw4feyh4zd2o,"A Look at android brands already copying iPhone 18 Pro’s burgundy colour

#Reintroduction #iPhone #Smartphones

https://justpaste.in/tech/a-look-at-android-brands-already-copying-iphone-18-pros-burgundy-colour/",2026-09-22T14:03:46Z,2026-09-22T14:03:48.259Z,2026-09-22T16:43:30Z,techworlddaily.bsky.social,did:plc:qt34fdb5di4hsny5wncomxtt,0,0,0,0,https://bsky.app/profile/techworlddaily.bsky.social/post/3mw4feyh4zd2o,iphone
at://did:plc:vztswbtlod7s2k3np7b4xtig/app.bsky.feed.post/3mw4ffez6ic2j,Not for protecting the 1st amendment; they just don't want to lose advertising revenue to some 19 year old podcaster with an iPhone.,2026-09-22T14:04:01.261Z,2026-09-22T14:04:02.661Z,2026-09-22T16:43:30Z,steve-wood.bsky.social,did:plc:vztswbtlod7s2k3np7b4xtig,0,0,0,0,https://bsky.app/profile/steve-wood.bsky.social/post/3mw4ffez6ic2j,iphone
at://did:plc:vgolo6ixo4ou4ranvccpybkn/app.bsky.feed.post/3mw4fflca442u,"Previously confirmed for iPhone 16 and 17 models, Apple has revised its wording regarding the iOS 27 feature.",2026-09-22T14:04:07Z,2026-09-22T14:04:08.573Z,2026-09-22T16:43:30Z,pcmag.com,did:plc:vgolo6ixo4ou4ranvccpybkn,0,0,0,0,https://bsky.app/profile/pcmag.com/post/3mw4fflca442u,Apple iPhone
at://did:plc:4w7jzkpdswrg7tf4azxu3gsc/app.bsky.feed.post/3mw4fgnopff2s,"Signal or noise? > Adobe Premiere for Android launches for free with layered
video editing, YouTube templates >> Comment below! #industry40 #mhealth #IoT #AI #healthtech",2026-09-22T14:04:43Z,2026-09-22T14:04:45.161Z,2026-09-22T16:43:30Z,drtimos.bsky.social,did:plc:4w7jzkpdswrg7tf4azxu3gsc,0,0,0,0,https://bsky.app/profile/drtimos.bsky.social/post/3mw4fgnopff2s,iphone
at://did:plc:6oue7bcx5zgbpkl5upsuadwt/app.bsky.feed.post/3mw4fgvqzv32t,"Apple’s expensive new iPhone 18 Pro is already giving some owners headaches

Buying a brand-new iPhone on launch day usually comes with a few expectations. You get the shiny new hardware, spend an hour moving everything over from your old phone, and then hopefully forget about troubleshooting for a…",2026-09-22T14:04:52Z,2026-09-22T14:04:52.962Z,2026-09-22T16:43:30Z,articleweblog.bsky.social,did:plc:6oue7bcx5zgbpkl5upsuadwt,0,0,0,0,https://bsky.app/profile/articleweblog.bsky.social/post/3mw4fgvqzv32t,iphone
at://did:plc:s25marl2slqg7oejioh3ma7g/app.bsky.feed.post/3mw4fgwguqk24,"why does Bluesky insist on chopping these videos up until it gives 2008 YouTube video filmed on a potato… this iPhone is worth $3,000",2026-09-22T14:04:53.090Z,2026-09-22T14:04:53.662Z,2026-09-22T16:43:30Z,scarfacegooner.bsky.social,did:plc:s25marl2slqg7oejioh3ma7g,3,1,0,0,https://bsky.app/profile/scarfacegooner.bsky.social/post/3mw4fgwguqk24,iphone
at://did:plc:iajgjjy6o5cphdroqvh7xiey/app.bsky.feed.post/3mw4fhc6hxq2x,"Apple v USA zlevnil výkup starých iPhonů, Mac a iPad ve výkupu naopak zdražily. V Česku na to ale nespoléhejte: oficiální Apple Trade In tu vůbec neběží, jen bezplatná recyklace.",2026-09-22T14:05:03.896432Z,2026-09-22T14:05:06.170Z,2026-09-22T16:43:30Z,applemagazin.eu,did:plc:iajgjjy6o5cphdroqvh7xiey,0,0,0,0,https://bsky.app/profile/applemagazin.eu/post/3mw4fhc6hxq2x,Apple iPhone
at://did:plc:i2xwhymyv7vlyc2qmpcj5fpl/app.bsky.feed.post/3mw4fhfmuis2o,www.newser.com/story/396796...,2026-09-22T14:05:09.014Z,2026-09-22T14:05:10.971Z,2026-09-22T16:43:30Z,scharlotte.bsky.social,did:plc:i2xwhymyv7vlyc2qmpcj5fpl,0,0,0,0,https://bsky.app/profile/scharlotte.bsky.social/post/3mw4fhfmuis2o,Apple iPhone
at://did:plc:lidrxa53evewdye72yoqeld7/app.bsky.feed.post/3mw4fhkgv7k2o,i wonder how much Adderall he has to do to stay awake long enough to type all this out on his iphone LMFAO i aint reading all that 😭😭😭,2026-09-22T14:05:14.056Z,2026-09-22T14:05:17.258Z,2026-09-22T16:43:30Z,danyeell-cumphound.bsky.social,did:plc:lidrxa53evewdye72yoqeld7,0,0,0,0,https://bsky.app/profile/danyeell-cumphound.bsky.social/post/3mw4fhkgv7k2o,iphone
at://did:plc:jhejvckz3g73avyhu54j624r/app.bsky.feed.post/3mw4fhspd5n25,"Anker Soundcore launched three new audio products that break Guinness World Records and offer iPhone/Android/Windows/Mac compatibility at set prices.
",2026-09-22T14:05:22.507Z,2026-09-22T14:05:23.461Z,2026-09-22T16:43:30Z,applebriefly.bsky.social,did:plc:jhejvckz3g73avyhu54j624r,0,0,0,0,https://bsky.app/profile/applebriefly.bsky.social/post/3mw4fhspd5n25,iphone
at://did:plc:oetunpozp6fjudghkpo7u3xa/app.bsky.feed.post/3mw4fig42fs2g,"If you own an #iPhone, you may be entitled to some 💵",2026-09-22T14:05:43.067Z,2026-09-22T14:05:46.570Z,2026-09-22T16:43:30Z,wfsb.com,did:plc:oetunpozp6fjudghkpo7u3xa,0,0,0,0,https://bsky.app/profile/wfsb.com/post/3mw4fig42fs2g,iphone
at://did:plc:yes6cn2ebbuskqzbtspoa4yf/app.bsky.feed.post/3mw4fjhoan22c,"Anker Soundcore launched three new audio products that break Guinness World Records and offer iPhone/Android/Windows/Mac compatibility at set prices.
",2026-09-22T14:06:18.194Z,2026-09-22T14:06:19.558Z,2026-09-22T16:43:30Z,gadgetsbriefly.bsky.social,did:plc:yes6cn2ebbuskqzbtspoa4yf,0,0,0,0,https://bsky.app/profile/gadgetsbriefly.bsky.social/post/3mw4fjhoan22c,iphone
at://did:plc:gd4hkfoxpydfhazzojbywrgf/app.bsky.feed.post/3mw4fjn2mzs2g,"待って何故か二回目以降綴り間違えてーら
えっ、ちゃんと打ってたはずなんだけど？？？
iPhoneアプデしてから数字続けて打つのも変な変換なるしキーボードの隙間なんか間隔狂って打ちにくいし写真も見にくいしで好かん……",2026-09-22T14:06:23.914Z,2026-09-22T14:06:27.457Z,2026-09-22T16:43:30Z,j137.bsky.social,did:plc:gd4hkfoxpydfhazzojbywrgf,0,0,0,0,https://bsky.app/profile/j137.bsky.social/post/3mw4fjn2mzs2g,iphone
at://did:plc:vltehtu2u5pvdtr7b2yxf523/app.bsky.feed.post/3mw4fjriruc23,#MediaJustice e #NetNeutrality,2026-09-22T14:06:28.573Z,2026-09-22T14:06:29.967Z,2026-09-22T16:43:30Z,deannecuellar.bsky.social,did:plc:vltehtu2u5pvdtr7b2yxf523,0,0,0,0,https://bsky.app/profile/deannecuellar.bsky.social/post/3mw4fjriruc23,iphone
at://did:plc:vbhvpqudswo72vskdfr34idm/app.bsky.feed.post/3mw4fl74pta2z,"Apple avait promis cette fonction aux iPhone 16 et 17 Pro, mais ils n’y auront pas le droit
👉 https://l.frandroid.com/nfi",2026-09-22T14:06:49.048Z,2026-09-22T14:07:17.065Z,2026-09-22T16:43:30Z,frandroid.com,did:plc:vbhvpqudswo72vskdfr34idm,0,0,0,0,https://bsky.app/profile/frandroid.com/post/3mw4fl74pta2z,Apple iPhone
at://did:plc:korp6pxy3llf254ddwpe6lpg/app.bsky.feed.post/3mw4fkhldf524,Regata Cutty Shark iPhone 13 Case — obra de José Castro Dopico. [Para tu rincón o para tu espacio de trabajo] → https://www.zazzle.es/regata_cutty_shark_iphone_case-256021268498506293 😍 #JoséCastroDopico #ArteGallego,2026-09-22T14:06:51.393Z,2026-09-22T14:06:53.667Z,2026-09-22T16:43:30Z,zazzledopico.bsky.social,did:plc:korp6pxy3llf254ddwpe6lpg,0,0,0,0,https://bsky.app/profile/zazzledopico.bsky.social/post/3mw4fkhldf524,iphone
at://did:plc:7kzaf66cor4tqfrdgtssy2iw/app.bsky.feed.post/3mw4fkkbqzv2u,Regata Cutty Shark iPhone 13 Case — obra de José Castro Dopico. [Para tu rincón o para tu espacio de trabajo] → https://www.zazzle.es/regata_cutty_shark_iphone_case-256021268498506293 😍 #JoséCastroDopico #ArteGallego,2026-09-22T14:06:54.224Z,2026-09-22T14:06:55.359Z,2026-09-22T16:43:30Z,castrodopico.bsky.social,did:plc:7kzaf66cor4tqfrdgtssy2iw,0,0,0,0,https://bsky.app/profile/castrodopico.bsky.social/post/3mw4fkkbqzv2u,iphone
at://did:plc:v2ob6je7otkaffdktzdaywzp/app.bsky.feed.post/3mw4fkyztck2y,"Apple Still Working on Anti-Snatching Feature That Locks Stolen iPhones - MacRumors

www.macrumors.com/2026/09/22/a...

- 애플은 모션 센서와 애플워치 연결 상태를 감지해 아이폰 날치기 도난 시 기기를 즉시 잠그는 기능('AutoLock')을 개발 중

- 오작동을 막기 위해 생체 인증 및 안전한 위치를 판별하는 거부 시스템이 적용되며, 도난 확정 시 '도난당한 기기 보호'가 실행되어 데이터 접근을 차단 (🧵1/2)",2026-09-22T14:07:10.027Z,2026-09-22T14:07:12.264Z,2026-09-22T16:43:30Z,lunamoth.bsky.social,did:plc:v2ob6je7otkaffdktzdaywzp,1,0,1,0,https://bsky.app/profile/lunamoth.bsky.social/post/3mw4fkyztck2y,Apple iPhone
at://did:plc:c5vrzdtggmnl4x5rnjx5nj7y/app.bsky.feed.post/3mw4fl2bpoc2h,"ありがとうございます！
よく誤字をするので助かります！

iPhoneの予測変換がたまに入力内容と違う単語が変換の第一候補で出てくるのでやらかしちゃうんですよね。フリック入力のミスも起き...
続き→ marshmallow-qa.com/messages/b17...
#マシュマロを投げ合おう",2026-09-22T14:07:11.333Z,2026-09-22T14:07:18.663Z,2026-09-22T16:43:30Z,t-ayano.bsky.social,did:plc:c5vrzdtggmnl4x5rnjx5nj7y,1,0,0,0,https://bsky.app/profile/t-ayano.bsky.social/post/3mw4fl2bpoc2h,iphone
at://did:plc:xuutbtra6nrnnw3dd6kgyrsp/app.bsky.feed.post/3mw4fm2zmpw2x,"🔥 Razer Kishi V2 USB-C Controller iPhone Android Mecha-Taktile Action-Tasten D-Pad
eBay · 64.99 €
#BonPlan #HighTech #Promo",2026-09-22T14:07:45.345205Z,2026-09-22T14:07:46.267Z,2026-09-22T16:43:30Z,chasseurdedeals.bsky.social,did:plc:xuutbtra6nrnnw3dd6kgyrsp,0,0,0,0,https://bsky.app/profile/chasseurdedeals.bsky.social/post/3mw4fm2zmpw2x,iphone
at://did:plc:7abzdzhjixnbhwv66fjxb4zf/app.bsky.feed.post/3mw4fo6urgs2q,"ServiceTitan solves CRM→estimate. Verisk solves estimate→carrier. The missing layer: capture→data. Every contractor still starts with ""take photos on your phone."" Measurable 3D from any iPhone should be the input — not a photo album.",2026-09-22T14:08:56+00:00,2026-09-22T14:08:57.164Z,2026-09-22T16:43:30Z,claimnorth.com,did:plc:7abzdzhjixnbhwv66fjxb4zf,0,0,0,0,https://bsky.app/profile/claimnorth.com/post/3mw4fo6urgs2q,iphone
at://did:plc:harytksynx35wtni7sgjpdst/app.bsky.feed.post/3mw4fpcas2c2x,Does the scholarship come before and during with a Cash App and iPhone 18pro max at the end?,2026-09-22T14:09:33.881Z,2026-09-22T14:09:34.670Z,2026-09-22T16:43:30Z,mixedbymeechii.bsky.social,did:plc:harytksynx35wtni7sgjpdst,1,0,0,0,https://bsky.app/profile/mixedbymeechii.bsky.social/post/3mw4fpcas2c2x,iphone
at://did:plc:bkmg4cp372nqtckapso7xy74/app.bsky.feed.post/3mw4fqhhwb226,I know I’m a latecomer but the new iphone iOS is a visual assault.,2026-09-22T14:10:12.939Z,2026-09-22T14:10:13.167Z,2026-09-22T16:43:30Z,scrappyaf.bsky.social,did:plc:bkmg4cp372nqtckapso7xy74,3,0,2,0,https://bsky.app/profile/scrappyaf.bsky.social/post/3mw4fqhhwb226,iphone
at://did:plc:dwecjm5n7fyljcjk3vi7x5oa/app.bsky.feed.post/3mw4fqvsip72n,"9to5Mac より

iOS 27 adds convenient new iPhone feature you’ll use all the time
iOS 27は、あなたが常に使用する便利な新しいiPhone機能を追加します
",2026-09-22T14:10:27.466940+00:00,2026-09-22T14:10:28.661Z,2026-09-22T16:43:30Z,gigowat.bsky.social,did:plc:dwecjm5n7fyljcjk3vi7x5oa,0,0,0,0,https://bsky.app/profile/gigowat.bsky.social/post/3mw4fqvsip72n,iphone
at://did:plc:i7ggc752rvsw2rtdzp4pawsw/app.bsky.feed.post/3mw4ftpt3lm2g,The iPhone 18 Pro added a complex camera hardware feature that even Apple would find difficult to repair ift.tt/CkZLqQu,2026-09-22T14:12:02.320Z,2026-09-22T14:12:03.460Z,2026-09-22T16:43:30Z,stufftv.bsky.social,did:plc:i7ggc752rvsw2rtdzp4pawsw,0,0,0,0,https://bsky.app/profile/stufftv.bsky.social/post/3mw4ftpt3lm2g,Apple iPhone
at://did:plc:enzomtwe6v5mm6ntypsd5vbg/app.bsky.feed.post/3mw4fuuxstk2s,Apple、次世代iPhone ProモデルにiPhone Duoのディスプレイ技術を導入へ - こぼねみ www.kobonemi.com/entry/2026/0... #新型iPhone #iPhone2029 #Apple #iPhoneDuo,2026-09-22T14:12:41.310Z,2026-09-22T14:12:48.867Z,2026-09-22T16:43:30Z,kobonemi.bsky.social,did:plc:enzomtwe6v5mm6ntypsd5vbg,0,0,0,0,https://bsky.app/profile/kobonemi.bsky.social/post/3mw4fuuxstk2s,Apple iPhone
at://did:plc:wn5vb2qhnv56rmvz3jji7ww7/app.bsky.feed.post/3mw4fvymdzc2j,Apple modifie discrètement son communiqué de presse pour préciser que les nouveaux réglages de texture et de grain des Styles photographiques sont réservés aux iPhone 18 Pro et à l’iPhone Duo,2026-09-22T14:13:18.628Z,2026-09-22T14:13:18.772Z,2026-09-22T16:43:30Z,lefiltech.fr,did:plc:wn5vb2qhnv56rmvz3jji7ww7,0,0,0,0,https://bsky.app/profile/lefiltech.fr/post/3mw4fvymdzc2j,Apple iPhone
at://did:plc:d7kyysydmsalwo2zadsha5sb/app.bsky.feed.post/3mw4fwahync2y,"Apple Still Working on Anti-Snatching Feature That Locks Stolen iPhones - MacRumors

www.macrumors.com/2026/09/22/a...

- 애플은 모션 센서와 애플워치 연결 상태를 감지해 아이폰 날치기 도난 시 기기를 즉시 잠그는 기능('AutoLock')을 개발 중

- 오작동을 막기 위해 생체 인증 및 안전한 위치를 판별하는 거부 시스템이 적용되며, 도난 확정 시 '도난당한 기기 보호'가 실행되어 데이터 접근을 차단 (🧵1/2)",2026-09-22T14:13:26.930Z,2026-09-22T14:13:28.669Z,2026-09-22T16:43:30Z,lunamothryu.bsky.social,did:plc:d7kyysydmsalwo2zadsha5sb,0,0,1,0,https://bsky.app/profile/lunamothryu.bsky.social/post/3mw4fwahync2y,Apple iPhone
at://did:plc:vztswbtlod7s2k3np7b4xtig/app.bsky.feed.post/3mw4fx67um22j,"Not entirely altruistic or protecting the 1st amendment, they are just scared of losing advertising revenue to a 19yo podcaster with an iPhone.",2026-09-22T14:13:58.120Z,2026-09-22T14:13:59.656Z,2026-09-22T16:43:30Z,steve-wood.bsky.social,did:plc:vztswbtlod7s2k3np7b4xtig,2,0,0,0,https://bsky.app/profile/steve-wood.bsky.social/post/3mw4fx67um22j,iphone
at://did:plc:dwecjm5n7fyljcjk3vi7x5oa/app.bsky.feed.post/3mw4fxkpvyq2n,"9to5Mac より

PITAKA’s iPhone 18 Pro cases bring stunning designs and protection from $59.99 [Save 10%]
PITAKAのiPhone 18 Proケースは59.99から見事なデザインと保護をもたらします [10%節約]
",2026-09-22T14:14:10.709510+00:00,2026-09-22T14:14:11.766Z,2026-09-22T16:43:30Z,gigowat.bsky.social,did:plc:dwecjm5n7fyljcjk3vi7x5oa,0,0,0,0,https://bsky.app/profile/gigowat.bsky.social/post/3mw4fxkpvyq2n,iphone
at://did:plc:bgakgsp7rz6ioyaqbvd7p7ew/app.bsky.feed.post/3mw4fxnwewm2j,iOS 27 adds convenient new iPhone feature you’ll use all the time,2026-09-22T14:14:14Z,2026-09-22T14:14:14.863Z,2026-09-22T16:43:30Z,9to5mac.com,did:plc:bgakgsp7rz6ioyaqbvd7p7ew,6,1,0,0,https://bsky.app/profile/9to5mac.com/post/3mw4fxnwewm2j,Apple iPhone
at://did:plc:bgakgsp7rz6ioyaqbvd7p7ew/app.bsky.feed.post/3mw4fxongt52j,PITAKA’s iPhone 18 Pro cases bring stunning designs and protection from $59.99 [Save 10%],2026-09-22T14:14:15Z,2026-09-22T14:14:15.975Z,2026-09-22T16:43:30Z,9to5mac.com,did:plc:bgakgsp7rz6ioyaqbvd7p7ew,3,0,0,0,https://bsky.app/profile/9to5mac.com/post/3mw4fxongt52j,iphone
at://did:plc:4z4m44eu62tzlmkqxfkkhagt/app.bsky.feed.post/3mw4fxonimy2a,"Adobe Premiere for Android launches for free with layered video editing, YouTube templates",2026-09-22T14:14:15Z,2026-09-22T14:14:16.160Z,2026-09-22T16:43:30Z,9to5google.com,did:plc:4z4m44eu62tzlmkqxfkkhagt,1,1,0,0,https://bsky.app/profile/9to5google.com/post/3mw4fxonimy2a,iphone
at://did:plc:tsvcmd72oxp47wtixs4qllyi/app.bsky.feed.post/3mw4fymt5gw2n,iPhone より安い / グーグル、新カテゴリーノートPC「Googlebook」発売　899ドルから - Impress Watch,2026-09-22T14:14:46.832Z,2026-09-22T14:14:47.668Z,2026-09-22T16:43:30Z,girigiribauer.com,did:plc:tsvcmd72oxp47wtixs4qllyi,0,0,0,0,https://bsky.app/profile/girigiribauer.com/post/3mw4fymt5gw2n,iphone
at://did:plc:uzu6z3zjy2dictoinpy7olci/app.bsky.feed.post/3mw4fz6usj727,"We put the new iPhone's A20 Pro chip to the test. And yes, it blows everything else out of the water.",2026-09-22T14:15:05Z,2026-09-22T14:15:06.659Z,2026-09-22T16:43:30Z,mashable.com,did:plc:uzu6z3zjy2dictoinpy7olci,0,0,0,0,https://bsky.app/profile/mashable.com/post/3mw4fz6usj727,iphone
at://did:plc:qewh2yezt7wj5yoztbraopzw/app.bsky.feed.post/3mw4fzj3rig22,"Apple Planning to Bring iPhone Duo Display Tech to Pro in 2029
Article",2026-09-22T14:15:16.938855+00:00,2026-09-22T14:15:18.261Z,2026-09-22T16:43:30Z,starfallrealm.com,did:plc:qewh2yezt7wj5yoztbraopzw,0,0,0,0,https://bsky.app/profile/starfallrealm.com/post/3mw4fzj3rig22,Apple iPhone
at://did:plc:hmtbe2a5xzwqxhqtfgyfmcwa/app.bsky.feed.post/3mw4g2lr2ym24,"Anker Nano Smart Display Charger, 45W Max Fast Charger USB C for… → now $25.99, 35% off
https://www.amazon.com/dp/B0G1MRLXMV?tag=birdxdeal-20 #anker #nano",2026-09-22T14:15:51Z,2026-09-22T14:15:53.164Z,2026-09-22T16:43:30Z,birdxdealss.bsky.social,did:plc:hmtbe2a5xzwqxhqtfgyfmcwa,0,0,0,0,https://bsky.app/profile/birdxdealss.bsky.social/post/3mw4g2lr2ym24,iphone
at://did:plc:zcbscn2hukmzz57jndpummzn/app.bsky.feed.post/3mw4g3aisu22y,"家電量販店のiPhone売り場ちょっと見てたら秒で話しかけてくるのほまに嫌
iPhone18の色が見たかっただけなのに",2026-09-22T14:16:14.716Z,2026-09-22T14:16:15.163Z,2026-09-22T16:43:30Z,itoeokaku.bsky.social,did:plc:zcbscn2hukmzz57jndpummzn,0,0,0,0,https://bsky.app/profile/itoeokaku.bsky.social/post/3mw4g3aisu22y,iphone
at://did:plc:4tevyrsov25nxorodggridpk/app.bsky.feed.post/3mw4g4nsibn2s,iPhone 18 Pro-gebruikers klagen over een slecht werkende Face ID-sensor. Heb jij er last van? icultu.re/w1l3tcJ,2026-09-22T14:17:00.999Z,2026-09-22T14:17:04.758Z,2026-09-22T16:43:30Z,iculture.nl,did:plc:4tevyrsov25nxorodggridpk,0,0,0,0,https://bsky.app/profile/iculture.nl/post/3mw4g4nsibn2s,iphone
at://did:plc:qopaytvzhyej4kqs73e4rxyf/app.bsky.feed.post/3mw4g4w2wg22c,"iPhone 18 Pro: Αναφορές για freezes και restarts στα νέα iPhone
#CEMedia #Apple #press 
contenteditor.substack.com/p/iphone-18-...",2026-09-22T14:17:10.896Z,2026-09-22T14:17:13.461Z,2026-09-22T16:43:30Z,contenteditor.bsky.social,did:plc:qopaytvzhyej4kqs73e4rxyf,0,0,0,0,https://bsky.app/profile/contenteditor.bsky.social/post/3mw4g4w2wg22c,Apple iPhone
at://did:plc:6rhxevrat4a7nkq3uuwxtccb/app.bsky.feed.post/3mw4g5khfn42n,"Est-ce qu'il existe en Suisse un moyen simple de dénoncer les appels frauduleux?
Je peux les blacklister sur mon iPhone, mais j'aimerais un moyen (idéalement simple) de dénoncer des appels de spams.",2026-09-22T14:17:32.189Z,2026-09-22T14:17:32.467Z,2026-09-22T16:43:30Z,loriskumo.bsky.social,did:plc:6rhxevrat4a7nkq3uuwxtccb,0,0,0,0,https://bsky.app/profile/loriskumo.bsky.social/post/3mw4g5khfn42n,iphone
at://did:plc:xf5qtoklvzgehjmhouj2tc5z/app.bsky.feed.post/3mw4l63igemw2,,2026-09-22T14:17:35.000Z,2026-09-22T15:47:27.367Z,2026-09-22T16:43:30Z,sumahodigest.com.web.brid.gy,did:plc:xf5qtoklvzgehjmhouj2tc5z,0,0,0,0,https://bsky.app/profile/sumahodigest.com.web.brid.gy/post/3mw4l63igemw2,Apple iPhone
at://did:plc:gsxfqiyly6evc7z7byvhrxxu/app.bsky.feed.post/3mw4g6ixhf32l,Unboxing the iPhone 18 Pro Max 📱✨,2026-09-22T14:18:04Z,2026-09-22T14:18:04.360Z,2026-09-22T16:43:30Z,chrisryannyc.bsky.social,did:plc:gsxfqiyly6evc7z7byvhrxxu,1,0,0,0,https://bsky.app/profile/chrisryannyc.bsky.social/post/3mw4g6ixhf32l,Apple iPhone
at://did:plc:qt34fdb5di4hsny5wncomxtt/app.bsky.feed.post/3mw4gaf62ai2u,"2026’s top foldable is not the iPhone Duo

#Reintroduction #Smartphones

https://justpaste.in/tech/2026s-top-foldable-is-not-the-iphone-duo-3/",2026-09-22T14:19:04Z,2026-09-22T14:19:07.558Z,2026-09-22T16:43:30Z,techworlddaily.bsky.social,did:plc:qt34fdb5di4hsny5wncomxtt,0,0,0,0,https://bsky.app/profile/techworlddaily.bsky.social/post/3mw4gaf62ai2u,iphone
at://did:plc:ezzeajlwhg5chujdep2ty2qo/app.bsky.feed.post/3mw4gc3qeys2k,"iPhoneでFANZA GAMESのR18版がアプリで遊べるようになりました（8/31から）。脱獄ではなく、Appleが認めたApp Store以外の公式ストアです。条件と入れ方、設定を変えるときの注意をまとめました。
https://otonaroku.com/columns/fanza-games-iphone-store-20260921/?utm_source=bluesky&utm_medium=social&utm_campaign=fanza-games-ios&utm_content=ja
#PR",2026-09-22T14:20:04.075236Z,2026-09-22T14:20:04.765Z,2026-09-22T16:43:30Z,otonaroku.bsky.social,did:plc:ezzeajlwhg5chujdep2ty2qo,0,0,0,0,https://bsky.app/profile/otonaroku.bsky.social/post/3mw4gc3qeys2k,Apple iPhone
at://did:plc:hmtbe2a5xzwqxhqtfgyfmcwa/app.bsky.feed.post/3mw4gc6ifbl2o,"Anker Nano Smart Display Charger, 45W Max Fast Charger USB C for… → now $25.99, 35% off
https://www.amazon.com/dp/B0G1TC6D3N?tag=birdxdeal-20 #anker #nano",2026-09-22T14:20:06Z,2026-09-22T14:20:07.564Z,2026-09-22T16:43:30Z,birdxdealss.bsky.social,did:plc:hmtbe2a5xzwqxhqtfgyfmcwa,0,0,0,0,https://bsky.app/profile/birdxdealss.bsky.social/post/3mw4gc6ifbl2o,iphone
at://did:plc:uoshhpyjd42oki3lcmjnwems/app.bsky.feed.post/3mw4gctovbl2l,"Sensoren gegen Langfinger: #Apple entwickelt mit #AutoLock ein System, das Diebstähle anhand von Bewegungsmustern und getrennten Verbindungen erkennt und das iPhone automatisch sperrt.",2026-09-22T14:20:29.590Z,2026-09-22T14:20:30.071Z,2026-09-22T16:43:30Z,winfuture.de,did:plc:uoshhpyjd42oki3lcmjnwems,1,0,0,0,https://bsky.app/profile/winfuture.de/post/3mw4gctovbl2l,Apple iPhone
at://did:plc:oulnek5j3wrhl7yltuqauvry/app.bsky.feed.post/3mw4gczkyqs2c,Het is een opname met de iPhone! Wel veel “lawaai”!,2026-09-22T14:20:35.896Z,2026-09-22T14:20:36.669Z,2026-09-22T16:43:30Z,denoppe.bsky.social,did:plc:oulnek5j3wrhl7yltuqauvry,3,0,1,0,https://bsky.app/profile/denoppe.bsky.social/post/3mw4gczkyqs2c,iphone
at://did:plc:knpcvkdebkijna3vo4nc46fv/app.bsky.feed.post/3mw4gg5m2ds2d,amiga eu usava TANTO! era mto conveniente p mim. Agr tem q tirar print da tela p iphone poder usar o recurso dele de pesquisa!! Achei mto ultrapassado socorro kkkkkkkkk,2026-09-22T14:22:20.788Z,2026-09-22T14:22:21.760Z,2026-09-22T16:43:30Z,disgranha.bsky.social,did:plc:knpcvkdebkijna3vo4nc46fv,1,0,1,0,https://bsky.app/profile/disgranha.bsky.social/post/3mw4gg5m2ds2d,iphone
at://did:plc:76bvotsz4jmfjcpnnuqileth/app.bsky.feed.post/3mw4gir4bqq2m,Today in Apple history: iPhone 6 sells record 10 million units at launch,2026-09-22T14:23:48Z,2026-09-22T14:23:49.556Z,2026-09-22T16:43:30Z,cultofmac.com,did:plc:76bvotsz4jmfjcpnnuqileth,0,0,0,0,https://bsky.app/profile/cultofmac.com/post/3mw4gir4bqq2m,Apple iPhone
at://did:plc:ddgqzzpdrbc2zs43wwuar5ii/app.bsky.feed.post/3mw4gji3hhc2x,So the new Apple fold phone uses the Samsung OLED screen and Samsung modules to assist with multitasking. But Apple and their supporters will tell you that it was all Apple’s innovation. Got rid of my IPhone when they bent the knee to Trump and never going back.,2026-09-22T14:24:12.438Z,2026-09-22T14:24:13.460Z,2026-09-22T16:43:30Z,mikeh63.bsky.social,did:plc:ddgqzzpdrbc2zs43wwuar5ii,0,0,0,0,https://bsky.app/profile/mikeh63.bsky.social/post/3mw4gji3hhc2x,Apple iPhone
at://did:plc:27xuv4a2e2brqi3bf337aytl/app.bsky.feed.post/3mw4glmtanxb2,"@overcastfm I’m getting ‘Publisher Server Error’ trying to download ‘Risk’ and ‘The New Yorker: The Writer’s Voice’ - I’ve tried on my iPhone Air on IOS 27 all of the combinations of Work wifi, Home wifi, Tailscale on/off, VPN on/off. I also tried on my Mac, same issue.
I was able to directly […]",2026-09-22T14:24:53.000Z,2026-09-22T14:25:40.467Z,2026-09-22T16:43:30Z,yesh.tech.lgbt.ap.brid.gy,did:plc:27xuv4a2e2brqi3bf337aytl,0,0,1,0,https://bsky.app/profile/yesh.tech.lgbt.ap.brid.gy/post/3mw4glmtanxb2,iphone
at://did:plc:ghkrugum5jv4gcsvv7u2goiy/app.bsky.feed.post/3mw4gks33kc2p,"Головне що бургунді.

До речі, от це у мене за два дні до бану в тредс на 100к переглядів залетіло.

Почався четвертий місяць користування iPhone Duo. Висновки робіть самі.",2026-09-22T14:24:56.449Z,2026-09-22T14:25:01.059Z,2026-09-22T16:43:30Z,mamo-oru.bsky.social,did:plc:ghkrugum5jv4gcsvv7u2goiy,1,0,1,0,https://bsky.app/profile/mamo-oru.bsky.social/post/3mw4gks33kc2p,iphone
at://did:plc:zwxl6dnun52q3ywiao2ad3if/app.bsky.feed.post/3mw4gomgat6b2,"WhatsApp copia o Telegram e testa integração com bots de IA no iPhone
https://canaltech.com.br/inteligencia-artificial/whatsapp-copia-o-telegram-e-testa-integracao-com-bots-de-ia-no-iphone/?utm_source=flipboard&utm_medium=activitypub 

Posted into Tecnologia @tecnologia-FlipboardBR",2026-09-22T14:25:17.000Z,2026-09-22T14:27:08.756Z,2026-09-22T16:43:30Z,flipboardbr.flipboard.com.ap.brid.gy,did:plc:zwxl6dnun52q3ywiao2ad3if,0,1,0,0,https://bsky.app/profile/flipboardbr.flipboard.com.ap.brid.gy/post/3mw4gomgat6b2,iphone
at://did:plc:hmtbe2a5xzwqxhqtfgyfmcwa/app.bsky.feed.post/3mw4gm6fsdb2m,"Anker Nano Smart Display Charger, 45W Max Fast Charger USB C for… → now $25.99, 35% off
https://www.amazon.com/dp/B0G1T6YNZ5?tag=birdxdeal-20 #anker #nano",2026-09-22T14:25:42Z,2026-09-22T14:25:43.159Z,2026-09-22T16:43:30Z,birdxdealss.bsky.social,did:plc:hmtbe2a5xzwqxhqtfgyfmcwa,0,0,0,0,https://bsky.app/profile/birdxdealss.bsky.social/post/3mw4gm6fsdb2m,iphone
at://did:plc:fsftz5ue2bvlvkb6zx2bqdnh/app.bsky.feed.post/3mw4gohfzmp24,"Phone ""randomly"" stops responding to touch, or reboots after a failed Face ID authentication.",2026-09-22T14:26:59.390784+00:00,2026-09-22T14:27:00.965Z,2026-09-22T16:43:30Z,technology-news.bsky.social,did:plc:fsftz5ue2bvlvkb6zx2bqdnh,1,0,0,0,https://bsky.app/profile/technology-news.bsky.social/post/3mw4gohfzmp24,iphone
at://did:plc:qzvq4qea3wsenuyy67guppma/app.bsky.feed.post/3mw4gormth42y,"is it still possible to upgrade your iphone on the Mac? That is, download the update file on the mac, and just perform it when the iphone syncs over USB? 
",2026-09-22T14:27:09.961Z,2026-09-22T14:27:10.858Z,2026-09-22T16:43:30Z,padcrafting.com,did:plc:qzvq4qea3wsenuyy67guppma,0,0,0,0,https://bsky.app/profile/padcrafting.com/post/3mw4gormth42y,iphone
at://did:plc:ryrqylbqv7izbppbd3g5pxf4/app.bsky.feed.post/3mw4gqfjqtm22,"Käufer des iPhone 18 Pro und neuer Apple-Watch-Modelle berichten von Softwarefehlern. Während beim iPhone Face ID Probleme macht, stürzen die Uhren zufällig ab.",2026-09-22T14:28:04.556444+00:00,2026-09-22T14:28:05.266Z,2026-09-22T16:43:30Z,de-nachrichten.bsky.social,did:plc:ryrqylbqv7izbppbd3g5pxf4,1,0,0,0,https://bsky.app/profile/de-nachrichten.bsky.social/post/3mw4gqfjqtm22,Apple iPhone
at://did:plc:e33rwzzqzppdsecvxpmut3l4/app.bsky.feed.post/3mw4grt5svg2p,#amazon #Electronics #TOCOL #UnicoShop #ShoppingOnline #Sconti #Offerte #Deal #MustHave #Wishlist,2026-09-22T14:28:36+00:00,2026-09-22T14:28:53.064Z,2026-09-22T16:43:30Z,unicoshop.bsky.social,did:plc:e33rwzzqzppdsecvxpmut3l4,0,0,0,0,https://bsky.app/profile/unicoshop.bsky.social/post/3mw4grt5svg2p,iphone
at://did:plc:hg6ae4kcg5pibzukeva66yva/app.bsky.feed.post/3mw4grpfcgb2u,"Adobe Premiere mobile has landed on Android, free to download, a year after its iPhone launch. It brings one-tap Enhance Audio, frame-accurate editing, and a multi-track timeline, plus Firefly-powered generative AI tools. buff.ly/3Ww2pH6 #Adobe #VideoEditing",2026-09-22T14:28:48.069Z,2026-09-22T14:28:49.156Z,2026-09-22T16:43:30Z,redsharknews.bsky.social,did:plc:hg6ae4kcg5pibzukeva66yva,0,0,0,0,https://bsky.app/profile/redsharknews.bsky.social/post/3mw4grpfcgb2u,iphone
at://did:plc:sr2p2g2woprvrfgwj32b3jap/app.bsky.feed.post/3mw4lqd4oxfy2,,2026-09-22T14:29:00.000Z,2026-09-22T15:58:34.758Z,2026-09-22T16:43:30Z,computerbase.de.web.brid.gy,did:plc:sr2p2g2woprvrfgwj32b3jap,0,0,0,0,https://bsky.app/profile/computerbase.de.web.brid.gy/post/3mw4lqd4oxfy2,Apple iPhone
at://did:plc:hmtbe2a5xzwqxhqtfgyfmcwa/app.bsky.feed.post/3mw4gszozqw26,"Anker Nano Smart Display Charger, 45W Max Fast Charger USB C for… → now $25.99, 35% off
https://www.amazon.com/dp/B0G1T3H97Y?tag=birdxdeal-20 #anker #nano",2026-09-22T14:29:32Z,2026-09-22T14:29:33.260Z,2026-09-22T16:43:30Z,birdxdealss.bsky.social,did:plc:hmtbe2a5xzwqxhqtfgyfmcwa,0,0,0,0,https://bsky.app/profile/birdxdealss.bsky.social/post/3mw4gszozqw26,iphone
at://did:plc:ahuqxakl3eskb5eznntf3zgk/app.bsky.feed.post/3mw4gtujj5a2g,iFixit desmenuza el iPhone 18 Pro: radiografía de sus novedades #Tecnología,2026-09-22T14:30:00.998Z,2026-09-22T14:30:03.975Z,2026-09-22T16:43:30Z,fluxnoticias.bsky.social,did:plc:ahuqxakl3eskb5eznntf3zgk,0,0,0,0,https://bsky.app/profile/fluxnoticias.bsky.social/post/3mw4gtujj5a2g,iphone
at://did:plc:swyw47ch5rj266q3vq2xnhtl/app.bsky.feed.post/3mw4gu2y6hz2k,"The window is now open for people who purchased certain recent iPhone models to begin filing claims to receive their share of the quarter-billion-dollar settlement fund established in the wake of the class-action lawsuit filed against Apple, accusing the tech giant of false advertising.",2026-09-22T14:30:07Z,2026-09-22T14:30:08.566Z,2026-09-22T16:43:30Z,fox4dfw.bsky.social,did:plc:swyw47ch5rj266q3vq2xnhtl,0,0,0,0,https://bsky.app/profile/fox4dfw.bsky.social/post/3mw4gu2y6hz2k,Apple iPhone
at://did:plc:ovod3t46yjzmpejxjoutlgop/app.bsky.feed.post/3mw4gvzcdxe2t,Apple remove novos filtros dos iPhones antigos,2026-09-22T14:31:12.103Z,2026-09-22T14:31:13.763Z,2026-09-22T16:43:30Z,ptnik.bsky.social,did:plc:ovod3t46yjzmpejxjoutlgop,0,0,0,0,https://bsky.app/profile/ptnik.bsky.social/post/3mw4gvzcdxe2t,Apple iPhone
at://did:plc:ovod3t46yjzmpejxjoutlgop/app.bsky.feed.post/3mw4gw5tojt2y,iPhones 18 Pro de 1TB e 2TB usam memórias mais lentas,2026-09-22T14:31:17.260Z,2026-09-22T14:31:18.366Z,2026-09-22T16:43:30Z,ptnik.bsky.social,did:plc:ovod3t46yjzmpejxjoutlgop,0,0,0,0,https://bsky.app/profile/ptnik.bsky.social/post/3mw4gw5tojt2y,iphone
at://did:plc:l4z2dkisrz3zn2zaicojm6js/app.bsky.feed.post/3mw4gxhbvzk2w,Whit your wanting is an iPhone 18 pro max elite gold limited edition. Telling ye,2026-09-22T14:32:01.367Z,2026-09-22T14:32:01.764Z,2026-09-22T16:43:30Z,nul67.bsky.social,did:plc:l4z2dkisrz3zn2zaicojm6js,0,0,0,0,https://bsky.app/profile/nul67.bsky.social/post/3mw4gxhbvzk2w,iphone
at://did:plc:zeuy6hm3lycw27aequldocwn/app.bsky.feed.post/3mw4gzd2psh2y," ⚡ Anker Prime 3-in-1 Qi2.2 MagSafe Compatible 25W Wireless Charging Station is on sale on Amazon.

Affiliate link: amzn.to/3TisHwH 

⚡ Qi2.2 wireless charging delivers up to 25W; the listing claims an iPhone 17 Pro can reach 50% in 22 minutes, with variable performance.",2026-09-22T14:33:03.848Z,2026-09-22T14:33:05.472Z,2026-09-22T16:43:30Z,macstoriesdeals.macstories.net,did:plc:zeuy6hm3lycw27aequldocwn,0,0,0,0,https://bsky.app/profile/macstoriesdeals.macstories.net/post/3mw4gzd2psh2y,iphone
at://did:plc:ieldorlv7whe7os6s24hsmtk/app.bsky.feed.post/3mw4h2mtt3s2d,"Downtown Atlanta, taken with an iPhone 13 Mini this week using the Gudak app. It has a 24 exposure “film roll”. It develops the role when you’ve shot. You get the shots the next day after that. 
#photography #iphoneography #cityscape",2026-09-22T14:33:47.838Z,2026-09-22T14:33:50.457Z,2026-09-22T16:43:30Z,flowstateneworleans.com,did:plc:ieldorlv7whe7os6s24hsmtk,7,1,0,0,https://bsky.app/profile/flowstateneworleans.com/post/3mw4h2mtt3s2d,iphone
at://did:plc:hmtbe2a5xzwqxhqtfgyfmcwa/app.bsky.feed.post/3mw4h2r5thb2m,"Aoara 3-in-1 Charging Station for iPhone, MagSafe Charger Stand for… → now $52.18, 35% off
https://www.amazon.com/dp/B0GT5MY37P?tag=birdxdeal-20 #aoara #3in1",2026-09-22T14:33:51Z,2026-09-22T14:33:52.559Z,2026-09-22T16:43:30Z,birdxdealss.bsky.social,did:plc:hmtbe2a5xzwqxhqtfgyfmcwa,0,0,0,0,https://bsky.app/profile/birdxdealss.bsky.social/post/3mw4h2r5thb2m,Apple iPhone
at://did:plc:cxvlpum33lhvawvj2kjhkczv/app.bsky.feed.post/3mw4h4cpsa6v2,"Can confirm the fix at the end of this post worked for me
https://9to5mac.com/2026/09/22/icloud-storage-notification-glitch-puts-unremovable-red-badge-on-settings-app/",2026-09-22T14:34:41.000Z,2026-09-22T14:34:48.461Z,2026-09-22T16:43:30Z,darkuncle.infosec.exchange.ap.brid.gy,did:plc:cxvlpum33lhvawvj2kjhkczv,0,0,0,0,https://bsky.app/profile/darkuncle.infosec.exchange.ap.brid.gy/post/3mw4h4cpsa6v2,Apple iPhone
at://did:plc:ixojtukic37xifdqpumzr4ew/app.bsky.feed.post/3mw4h4rdoqk22,On an IPhone or tablet? Usually I can just highlight copy will come up and it should allow you to paste,2026-09-22T14:34:59.678Z,2026-09-22T14:35:00.064Z,2026-09-22T16:43:30Z,shrnpeterson009.bsky.social,did:plc:ixojtukic37xifdqpumzr4ew,0,0,0,0,https://bsky.app/profile/shrnpeterson009.bsky.social/post/3mw4h4rdoqk22,iphone
at://did:plc:ksqwjk43faybpxobbydnp6ie/app.bsky.feed.post/3mw4ha6dcb22b,"At Nassau Pier

#art #pictorialism #iPhone",2026-09-22T14:36:53.959Z,2026-09-22T14:36:57.069Z,2026-09-22T16:43:30Z,sp28.net,did:plc:ksqwjk43faybpxobbydnp6ie,1,0,0,0,https://bsky.app/profile/sp28.net/post/3mw4ha6dcb22b,iphone
at://did:plc:orasj4msh545ifhrvbg5x4ob/app.bsky.feed.post/3mw4haoqxkc2b,Yeah. iPhone 17 Pro Max. Does pretty darn well.,2026-09-22T14:37:11.188Z,2026-09-22T14:36:15.658Z,2026-09-22T16:43:30Z,dark1x.bsky.social,did:plc:orasj4msh545ifhrvbg5x4ob,1,0,0,0,https://bsky.app/profile/dark1x.bsky.social/post/3mw4haoqxkc2b,iphone
at://did:plc:eypg6v3q62jkpoxbgicirvjs/app.bsky.feed.post/3mw4hdidur22k,"People told us we'd hit limits basing our Google map alternative on the Web and the Web only.

They said the navigation mode wouldn't work.

Well this is it running on @firefox.com on an iPhone. 

On a ~3 mb Web page.",2026-09-22T14:38:45.127Z,2026-09-22T14:38:46.673Z,2026-09-22T16:43:30Z,cartes.app,did:plc:eypg6v3q62jkpoxbgicirvjs,8,1,1,0,https://bsky.app/profile/cartes.app/post/3mw4hdidur22k,iphone
at://did:plc:hxybz4qw4gq3gccestfowf42/app.bsky.feed.post/3mw4hexun5422,"Bought an iPhone 16, 15 Pro, or 15 Pro Max between June 2024 and March 2025? The claims window for the landmark $250M Apple AI settlement is open now. There has been no finding of liability and Apple denies it did anything wrong.
smartphoneaisettlement.com",2026-09-22T14:39:34.923Z,2026-09-22T14:39:36.072Z,2026-09-22T16:43:30Z,clarksonlawfirm.bsky.social,did:plc:hxybz4qw4gq3gccestfowf42,0,0,0,0,https://bsky.app/profile/clarksonlawfirm.bsky.social/post/3mw4hexun5422,Apple iPhone
at://did:plc:xuutbtra6nrnnw3dd6kgyrsp/app.bsky.feed.post/3mw4hfr4f3d27,"🔥 Apple iPhone 18 Pro 256GB (Neuware)
Apple · 1 339.90 €
#BonPlan #HighTech #Promo",2026-09-22T14:40:00.925642Z,2026-09-22T14:40:01.560Z,2026-09-22T16:43:30Z,chasseurdedeals.bsky.social,did:plc:xuutbtra6nrnnw3dd6kgyrsp,0,0,0,0,https://bsky.app/profile/chasseurdedeals.bsky.social/post/3mw4hfr4f3d27,Apple iPhone
at://did:plc:ar4b2twigdsv4hsoxo6lrv5c/app.bsky.feed.post/3mw4hfvr2d72v,Certain iPhone users may be eligible to receive a payment from the $250 million settlement over Apple Intelligence.,2026-09-22T14:40:06Z,2026-09-22T14:40:07.063Z,2026-09-22T16:43:30Z,ctinsider.bsky.social,did:plc:ar4b2twigdsv4hsoxo6lrv5c,0,0,0,0,https://bsky.app/profile/ctinsider.bsky.social/post/3mw4hfvr2d72v,Apple iPhone
at://did:plc:vq4ilt5a37mnj46lscqltftp/app.bsky.feed.post/3mw4higrcoo2l,"Apple's working on an ""AutoLock"" feature for iPhones. It'll use sensors & paired Apple Watches to detect theft. If your iPhone's snatched, disconnected from your watch for too long, or left unlocked after a while, it'll automatically lock. #Apple #iPhone #AutoLock",2026-09-22T14:41:31.119605+00:00,2026-09-22T14:41:31.464Z,2026-09-22T16:43:30Z,techimo.bsky.social,did:plc:vq4ilt5a37mnj46lscqltftp,1,0,0,0,https://bsky.app/profile/techimo.bsky.social/post/3mw4higrcoo2l,Apple iPhone
at://did:plc:usjdduiboqbg4bvs2rx7gznv/app.bsky.feed.post/3mw4hijfwh22b,It works well for what I want it to do. I’ve been in the iTunes ecosystem for 20 years and I listen to all of my music on my iPhone so it plays well with my habits (and my decades-old playlists). I don’t really use it for algorithmic music discovery though so I can’t rank it there.,2026-09-22T14:41:34.017Z,2026-09-22T14:41:34.763Z,2026-09-22T16:43:30Z,jaeger.festing.org,did:plc:usjdduiboqbg4bvs2rx7gznv,0,0,0,0,https://bsky.app/profile/jaeger.festing.org/post/3mw4hijfwh22b,iphone
at://did:plc:ucrov34gkb6omby7t2q5gnpw/app.bsky.feed.post/3mw4hj3n3lc2d,"When I switched to TMobile, I couldn’t bring my iPhone Air over with me, but I am still using this bitch over WiFi, in addition to my 16. Very convenient for storage and the camera. 🤣",2026-09-22T14:41:53.127Z,2026-09-22T14:41:53.760Z,2026-09-22T16:43:30Z,itsjaice.com,did:plc:ucrov34gkb6omby7t2q5gnpw,0,0,0,0,https://bsky.app/profile/itsjaice.com/post/3mw4hj3n3lc2d,iphone
at://did:plc:piu5ytkpgvxrzukd2ikbkhfx/app.bsky.feed.post/3mw4hjchxew2o,"Apple prepara il suo primo display smart per la casa: il debutto potrebbe essere vicino
#amazon #apple #canzoni #display #domotica #faceid #fotocamera #google #iOS #ipad #iphone #MacOS #musica #schermo #siri #tahoe #videochiamate #watchos
🔗 https://guruhitech.com/apple-smart-display-casa/",2026-09-22T14:41:59Z,2026-09-22T14:42:01.072Z,2026-09-22T16:43:30Z,guruhitech.bsky.social,did:plc:piu5ytkpgvxrzukd2ikbkhfx,1,0,0,0,https://bsky.app/profile/guruhitech.bsky.social/post/3mw4hjchxew2o,Apple iPhone
at://did:plc:hqd4u3wgiiv66cev4sbzzjy6/app.bsky.feed.post/3mw4hjgszok2c,jp.pinterest.com/pin/73936446...,2026-09-22T14:42:04.858Z,2026-09-22T14:42:07.270Z,2026-09-22T16:43:30Z,mochino1.bsky.social,did:plc:hqd4u3wgiiv66cev4sbzzjy6,0,0,0,0,https://bsky.app/profile/mochino1.bsky.social/post/3mw4hjgszok2c,iphone
at://did:plc:qr6tt46sisat4dxeh65sahlq/app.bsky.feed.post/3mw4hlny2bh23,"El iPhone Duo ya empieza a entrar en el mundo del desarrollo con IA 👀

Bitrig añade soporte para probar el nuevo plegable de Apple con un simulador 3D interactivo. Esto puede facilitar mucho el desarrollo antes de tener el dispositivo real.

¿Te gustaría probarlo? #iPhoneDuo ",2026-09-22T14:43:19.000Z,2026-09-22T14:43:20.169Z,2026-09-22T16:43:30Z,applex4.bsky.social,did:plc:qr6tt46sisat4dxeh65sahlq,0,0,0,0,https://bsky.app/profile/applex4.bsky.social/post/3mw4hlny2bh23,Apple iPhone
at://did:plc:hmtbe2a5xzwqxhqtfgyfmcwa/app.bsky.feed.post/3mw4hnk2x352x,"Upgrade Tripod Ring Light Stand with 2 Telescopic Arms -67"" Ring… → now $38.91, 35% off
https://www.amazon.com/dp/B09C7R8NQK?tag=birdxdeal-20 #upgrade #tripod",2026-09-22T14:44:21Z,2026-09-22T14:44:22.559Z,2026-09-22T16:43:30Z,birdxdealss.bsky.social,did:plc:hmtbe2a5xzwqxhqtfgyfmcwa,0,0,0,0,https://bsky.app/profile/birdxdealss.bsky.social/post/3mw4hnk2x352x,iphone
at://did:plc:urevareap2jvax2jcqej4pch/app.bsky.feed.post/3mw4hntehnk2q,"Takže baterie v MacBooku i iPhone vyměněny, jsem o osmičku lehčí, ale furt lepší než osmdesát klacků za nová zařízení.
IKEA past mne stála dva tisíce, protože roztomilý haloweensko/podzimní povlaky na polštářky, který chci koupit už dva roky, a Drahý si nadiktoval SAMLA krabice. 
A to mám šetřit 🙈",2026-09-22T14:44:32.230Z,2026-09-22T14:44:32.565Z,2026-09-22T16:43:30Z,ygrittefire.bsky.social,did:plc:urevareap2jvax2jcqej4pch,13,0,0,0,https://bsky.app/profile/ygrittefire.bsky.social/post/3mw4hntehnk2q,iphone
at://did:plc:egoop22szzob7mszd3pfgdww/app.bsky.feed.post/3mw4hoikhyg22,"Apple has added persistent 'ads' to iOS, and it's driving users crazy https://www.techradar.com/phones/iphone/i-wish-apple-would-just-stop-that-crap-apple-has-added-persistent-ads-to-ios-and-its-driving-users-crazy (https://news.ycombinator.com/item?id=49801939)",2026-09-22T14:44:53.611Z,2026-09-22T14:44:55.263Z,2026-09-22T16:43:30Z,betterhn20.e-work.xyz,did:plc:egoop22szzob7mszd3pfgdww,0,0,0,0,https://bsky.app/profile/betterhn20.e-work.xyz/post/3mw4hoikhyg22,Apple iPhone
at://did:plc:oqc4zmf5cs5byrnt47smh3uw/app.bsky.feed.post/3mw4hoym3ic22,So apparently I'm in burnout mode to the point where I actually forgot my Iphone passcode. I never forget a code and I felt it go blank in real time...,2026-09-22T14:45:11.277Z,2026-09-22T14:45:11.578Z,2026-09-22T16:43:30Z,aessthetic.bsky.social,did:plc:oqc4zmf5cs5byrnt47smh3uw,2,0,1,0,https://bsky.app/profile/aessthetic.bsky.social/post/3mw4hoym3ic22,iphone
at://did:plc:nxmjxl2wiyat43p3gikkt37w/app.bsky.feed.post/3mw4hruhzju26,"New research claims that Apple will add a significantly improved OLED display to the iPhone, but some years later than previously expected.",2026-09-22T14:46:47+00:00,2026-09-22T14:46:47.766Z,2026-09-22T16:43:30Z,appleinsider.com,did:plc:nxmjxl2wiyat43p3gikkt37w,3,0,0,0,https://bsky.app/profile/appleinsider.com/post/3mw4hruhzju26,Apple iPhone
at://did:plc:vrcsr5hdv3bsi47jqbtjmsxi/app.bsky.feed.post/3mw4hsuqstn24,"Smart Watch for Women/Men for iPhone & Android with 2 bands, with coupon and code only $22.74
https://www.amazon.com/gp/product/B0HCNDQM87?smid=&th=1&linkCode=ll2&tag=bluesky0d2-20",2026-09-22T14:47:20.884785Z,2026-09-22T14:47:22.471Z,2026-09-22T16:43:30Z,glitchdeals.bsky.social,did:plc:vrcsr5hdv3bsi47jqbtjmsxi,0,0,0,0,https://bsky.app/profile/glitchdeals.bsky.social/post/3mw4hsuqstn24,iphone
at://did:plc:xkq7nw42mys7oafsms7unwiz/app.bsky.feed.post/3mw4hsx3g5225,Right after Apple opens those iPhone factories in the USA,2026-09-22T14:47:23.900Z,2026-09-22T14:47:24.167Z,2026-09-22T16:43:30Z,stevekovach.bsky.social,did:plc:xkq7nw42mys7oafsms7unwiz,8,0,1,0,https://bsky.app/profile/stevekovach.bsky.social/post/3mw4hsx3g5225,Apple iPhone
at://did:plc:fyxmblbjqq4ez46c3i2to44e/app.bsky.feed.post/3mw4hvb2m522e,"I suspect Apple doesn’t want to segment the app development across the Duo and non-Duo iPhones. All iOS apps will work on iPhone Duo even if developers don’t update them to support the new device, and there is no way for iOS developers to opt out of having their apps run on the iPhone Duo. [1/3]",2026-09-22T14:48:41.439Z,2026-09-22T14:48:45.574Z,2026-09-22T16:43:30Z,adifferentroadblog.bsky.social,did:plc:fyxmblbjqq4ez46c3i2to44e,0,0,1,0,https://bsky.app/profile/adifferentroadblog.bsky.social/post/3mw4hvb2m522e,Apple iPhone
at://did:plc:fyxmblbjqq4ez46c3i2to44e/app.bsky.feed.post/3mw4hveja6c2e,"Yes, such apps will look ugly, but they will at least run. The iPhone Duo will likely not sell in tens of millions of units initially, so developers will not have major incentives to support the device from day one – so by “forcing” their apps to run on the iPhone Duo out of the box... [2/3]",2026-09-22T14:48:41.440Z,2026-09-22T14:48:45.595Z,2026-09-22T16:43:30Z,adifferentroadblog.bsky.social,did:plc:fyxmblbjqq4ez46c3i2to44e,0,0,1,0,https://bsky.app/profile/adifferentroadblog.bsky.social/post/3mw4hveja6c2e,iphone
at://did:plc:fyxmblbjqq4ez46c3i2to44e/app.bsky.feed.post/3mw4hveja6d2e,"...Apple is attempting to mitigate initially limited app support for the new device. And vice versa, developers can’t make apps that work only on the iPhone Duo; even if your app is designed primarily for the Duo, it must work on the traditional iPhone models as well. [3/3]",2026-09-22T14:48:41.441Z,2026-09-22T14:48:45.623Z,2026-09-22T16:43:30Z,adifferentroadblog.bsky.social,did:plc:fyxmblbjqq4ez46c3i2to44e,0,0,0,0,https://bsky.app/profile/adifferentroadblog.bsky.social/post/3mw4hveja6d2e,Apple iPhone
at://did:plc:vrcsr5hdv3bsi47jqbtjmsxi/app.bsky.feed.post/3mw4hw3hdk42o,"GETPALS Wireless Charger iPhone Charging Station for Apple Multiple Devices only $13.79
https://www.amazon.com/gp/product/B0C2BMNHW2?smid=&th=1&linkCode=ll2&tag=bluesky0d2-20",2026-09-22T14:49:08.399979Z,2026-09-22T14:49:09.765Z,2026-09-22T16:43:30Z,glitchdeals.bsky.social,did:plc:vrcsr5hdv3bsi47jqbtjmsxi,0,0,0,0,https://bsky.app/profile/glitchdeals.bsky.social/post/3mw4hw3hdk42o,Apple iPhone
at://did:plc:4dtqhemx4nnu7wo7b243kxwx/app.bsky.feed.post/3mw4hwev6ks2o,"ZarSage now on App Store for iPhone!
apps.apple.com/us/app/zarsa...",2026-09-22T14:49:19.039Z,2026-09-22T14:49:21.659Z,2026-09-22T16:43:30Z,musbell.bsky.social,did:plc:4dtqhemx4nnu7wo7b243kxwx,0,0,0,0,https://bsky.app/profile/musbell.bsky.social/post/3mw4hwev6ks2o,iphone
at://did:plc:hfgno7p2j6kfppuduyfumkoq/app.bsky.feed.post/3mw4hx5ic2s2g,うちのiPhone腹減ってガッついてるんか？,2026-09-22T14:49:44.832Z,2026-09-22T14:49:45.567Z,2026-09-22T16:43:30Z,oriri0608.bsky.social,did:plc:hfgno7p2j6kfppuduyfumkoq,0,0,0,0,https://bsky.app/profile/oriri0608.bsky.social/post/3mw4hx5ic2s2g,iphone
at://did:plc:hmtbe2a5xzwqxhqtfgyfmcwa/app.bsky.feed.post/3mw4hy2bfyj2m,"NEEWER PA009 Upgraded Phone Rig Vlogging Kit Compatible with SmallRig… → now $46.42, 35% off
https://www.amazon.com/dp/B0GVMS6XVX?tag=birdxdeal-20 #neewer #pa009",2026-09-22T14:50:14Z,2026-09-22T14:50:15.164Z,2026-09-22T16:43:30Z,birdxdealss.bsky.social,did:plc:hmtbe2a5xzwqxhqtfgyfmcwa,0,0,0,0,https://bsky.app/profile/birdxdealss.bsky.social/post/3mw4hy2bfyj2m,iphone
at://did:plc:dap3jqyaypcovt5bcdfpgkg2/app.bsky.feed.post/3mw4hz5hniv2c,"法国巴黎银行分析师萨姆·麦克休周二将AT&T评级从“中性”上调至“跑赢大盘”，目标价定为30美元，较当前股价约有18%的上升空间。

麦克休认为，美国无线通信运营商提高资费，而新一轮iPhone换机需求相对温和，有助于减少手机补贴成本；市场对竞争加剧、SpaceX进入通信市场以及AI提高价格透明度等风险也已有较充分反映。

2/2",2026-09-22T14:50:51.859517Z,2026-09-22T14:50:52.056Z,2026-09-22T16:43:30Z,causmoney.bsky.social,did:plc:dap3jqyaypcovt5bcdfpgkg2,1,0,0,0,https://bsky.app/profile/causmoney.bsky.social/post/3mw4hz5hniv2c,iphone
at://did:plc:xuutbtra6nrnnw3dd6kgyrsp/app.bsky.feed.post/3mw4hzy5rej24,"🔥 Apple iPhone X Noir 256 Go iOS avec boîte câble chargeur MQAF2QL/A
eBay · 103.66 €
#BonPlan #HighTech #Promo",2026-09-22T14:51:19.529092Z,2026-09-22T14:51:20.958Z,2026-09-22T16:43:30Z,chasseurdedeals.bsky.social,did:plc:xuutbtra6nrnnw3dd6kgyrsp,0,0,0,0,https://bsky.app/profile/chasseurdedeals.bsky.social/post/3mw4hzy5rej24,Apple iPhone
at://did:plc:fsec6poqfwy2eammskvojusd/app.bsky.feed.post/3mw4i237fqk2h,"Appstead is now available on the App Store.

I got tired of digging through App Store Connect to see how my apps were doing. So I built a native command center for my App Store business on iPhone and iPad.

Thank you to everyone who helped test it.

apple.co/4yTMimg

#indiedev #buildinpublic #iosdev",2026-09-22T14:51:23.103Z,2026-09-22T14:51:24.469Z,2026-09-22T16:43:30Z,creativewith.in,did:plc:fsec6poqfwy2eammskvojusd,5,2,0,0,https://bsky.app/profile/creativewith.in/post/3mw4i237fqk2h,iphone
at://did:plc:ti2iec7dcd6i5dfiwlxguux2/app.bsky.feed.post/3mw4i3pnvns2x,"iPhone — एक अजीब टेस्ट में iPhone 18 Pro Max को उबलती चाय में 3 मिनट तक डाला गया, जिसके बाद उसकी स्थिति बदल गई #IPhone #Apple #News",2026-09-22T14:52:17Z,2026-09-22T14:52:18.869Z,2026-09-22T16:43:30Z,hi-in.pds.netasgard.com,did:plc:ti2iec7dcd6i5dfiwlxguux2,0,0,0,0,https://bsky.app/profile/hi-in.pds.netasgard.com/post/3mw4i3pnvns2x,Apple iPhone
at://did:plc:nkevorlxzqlfvtkvwhziiou4/app.bsky.feed.post/3mw4i44ttmc2j,pensando se eu vou testar um iphone duo ou se só compro um ipad mini - a ideia de um dispositivo fazer os dois papéis good enough é muito tentadora,2026-09-22T14:52:31.934Z,2026-09-22T14:52:53.469Z,2026-09-22T16:43:30Z,turoturoaquidentro.bsky.social,did:plc:nkevorlxzqlfvtkvwhziiou4,2,0,1,0,https://bsky.app/profile/turoturoaquidentro.bsky.social/post/3mw4i44ttmc2j,iphone
at://did:plc:xf5qtoklvzgehjmhouj2tc5z/app.bsky.feed.post/3mw4l5w5otov2,,2026-09-22T14:52:37.000Z,2026-09-22T15:47:18.066Z,2026-09-22T16:43:30Z,sumahodigest.com.web.brid.gy,did:plc:xf5qtoklvzgehjmhouj2tc5z,0,0,0,0,https://bsky.app/profile/sumahodigest.com.web.brid.gy/post/3mw4l5w5otov2,iphone
at://did:plc:6y7jaa23boswvmw75vpliykt/app.bsky.feed.post/3mw4i52cjcl2e,"Just under a year ago, EngineeringUK published Foundation apprenticeships: Pathways to success. The report set out seven criteria we believe must be met if foundation apprenticeships are to become a meaningful route into engineering and technology careers for young people. 
tinyurl.com/4hpy8d43",2026-09-22T14:53:01.001Z,2026-09-22T14:53:03.463Z,2026-09-22T16:43:30Z,edgeuk.bsky.social,did:plc:6y7jaa23boswvmw75vpliykt,0,0,0,0,https://bsky.app/profile/edgeuk.bsky.social/post/3mw4i52cjcl2e,technology
at://did:plc:x7y6m7jvkc23hsxstr3nlrgj/app.bsky.feed.post/3mw4iv4hk4vx2,,2026-09-22T14:53:04.000Z,2026-09-22T15:06:39.359Z,2026-09-22T16:43:30Z,handle.invalid,did:plc:x7y6m7jvkc23hsxstr3nlrgj,0,0,0,0,https://bsky.app/profile/handle.invalid/post/3mw4iv4hk4vx2,iphone
at://did:plc:tzbpwb4wrb3gwxeqe2njugwd/app.bsky.feed.post/3mw4i5c6wrk2f,Big Tech Goes Nuclear www.growthsolutionskc.com/big-tech-goe...,2026-09-22T14:53:11.095Z,2026-09-22T14:53:13.466Z,2026-09-22T16:43:30Z,growthsolutionskc.bsky.social,did:plc:tzbpwb4wrb3gwxeqe2njugwd,0,0,0,0,https://bsky.app/profile/growthsolutionskc.bsky.social/post/3mw4i5c6wrk2f,technology
at://did:plc:mht5ub4ykjuoxpux77hikixt/app.bsky.feed.post/3mw4i5iymnv2b,"Apple’s CoE OLED iPhone screens won’t arrive till late 2029 — cheaper, brighter display tech delayed due to maturity & cost. #OLED #iPhone #CoE #DisplayTech #AppleNews #Innovation thedailytechfeed.com/brighter-low...",2026-09-22T14:53:18.045Z,2026-09-22T14:53:19.076Z,2026-09-22T16:43:30Z,thedailytechfeed.com,did:plc:mht5ub4ykjuoxpux77hikixt,0,0,0,0,https://bsky.app/profile/thedailytechfeed.com/post/3mw4i5iymnv2b,iphone
at://did:plc:jgf23wynjhdbzegazft5zxsw/app.bsky.feed.post/3mw4i63eh5c2r,"NEW: @workingfamilies.org released a memo on the AI threat and how we fight back.

“It’s clear that the majority of people do not trust these corporations, do not trust the people who lead these companies... and are looking for some leadership” - @mauricewfp.bsky.social",2026-09-22T14:53:37.489Z,2026-09-22T14:52:45.171Z,2026-09-22T16:43:30Z,ravimangla.bsky.social,did:plc:jgf23wynjhdbzegazft5zxsw,2,1,1,0,https://bsky.app/profile/ravimangla.bsky.social/post/3mw4i63eh5c2r,technology
at://did:plc:uw3v6pcyd2hs46oagi5nm6fo/app.bsky.feed.post/3mw4i65dhqk2c,"I hope people realize that Kim Jong Un has received nuclear weapons technology, from Putin! The republicans here is giving Saudi Arabia nuclear weapons technology! Vote Democrat and pray we are still here by January 3rd",2026-09-22T14:53:39.553Z,2026-09-22T14:53:44.873Z,2026-09-22T16:43:30Z,dennis74.bsky.social,did:plc:uw3v6pcyd2hs46oagi5nm6fo,6,1,0,0,https://bsky.app/profile/dennis74.bsky.social/post/3mw4i65dhqk2c,technology
at://did:plc:t56l3fe5w75kw74oq2sd3r32/app.bsky.feed.post/3mw4i6a7pvc27,"How iPhone users can file to get up to $95 from a $250-million settlement

Sept. 22, 2026

Queenie Wong
www.latimes.com/business/sto...",2026-09-22T14:53:42.578Z,2026-09-22T14:53:44.669Z,2026-09-22T16:43:30Z,jeminna.bsky.social,did:plc:t56l3fe5w75kw74oq2sd3r32,0,0,0,0,https://bsky.app/profile/jeminna.bsky.social/post/3mw4i6a7pvc27,iphone
at://did:plc:oqc4zmf5cs5byrnt47smh3uw/app.bsky.feed.post/3mw4i6lfwrs2a,I remembered my iPhone passcode and I wrote that shit down,2026-09-22T14:53:54.309Z,2026-09-22T14:53:54.760Z,2026-09-22T16:43:30Z,aessthetic.bsky.social,did:plc:oqc4zmf5cs5byrnt47smh3uw,2,0,0,0,https://bsky.app/profile/aessthetic.bsky.social/post/3mw4i6lfwrs2a,iphone
at://did:plc:andpxc3vpjxnox2e2unqdwp3/app.bsky.feed.post/3mw4i6qfk7c2m,Current status: being forcefully made into an Italian caricature by technology.,2026-09-22T14:53:59.536Z,2026-09-22T14:54:01.760Z,2026-09-22T16:43:30Z,carrieface.bsky.social,did:plc:andpxc3vpjxnox2e2unqdwp3,3,0,0,0,https://bsky.app/profile/carrieface.bsky.social/post/3mw4i6qfk7c2m,technology
at://did:plc:fa3rwygrp2ebgwdiq6sjn2te/app.bsky.feed.post/3mw4i6rm3m22m,High heels were once the height of men’s fashion www.popsci.com/technology/h...,2026-09-22T14:54:00.808Z,2026-09-22T14:54:05.064Z,2026-09-22T16:43:30Z,jenlucpiquant.bsky.social,did:plc:fa3rwygrp2ebgwdiq6sjn2te,10,4,2,0,https://bsky.app/profile/jenlucpiquant.bsky.social/post/3mw4i6rm3m22m,technology
at://did:plc:p6nd2xdlb3i3hls7of7mslfv/app.bsky.feed.post/3mw4iakctdd25,"Malaysia To Grow 4.7 Pct In 2026, Southeast Asia Outlook Brightens – WEF #Malaysia #Economy #SoutheastAsia #GrowthForecast #TechnologyExports",2026-09-22T14:55:00Z,2026-09-22T14:55:01.060Z,2026-09-22T16:43:30Z,asianewstoday.bsky.social,did:plc:p6nd2xdlb3i3hls7of7mslfv,0,0,0,0,https://bsky.app/profile/asianewstoday.bsky.social/post/3mw4iakctdd25,technology
at://did:plc:znzzfgnatb7bzwi2vamihmgj/app.bsky.feed.post/3mw4iapmvbk2x,Listening to an audio log in Bioshock and getting so mad that the audio quality isn't bad because of the water damage and inferior technology of the time period that I throw up,2026-09-22T14:55:05.847Z,2026-09-22T14:55:06.257Z,2026-09-22T16:43:30Z,dollfucker.bsky.social,did:plc:znzzfgnatb7bzwi2vamihmgj,7,0,1,0,https://bsky.app/profile/dollfucker.bsky.social/post/3mw4iapmvbk2x,technology
at://did:plc:eu7yzsbllrg64mfkjmiluefp/app.bsky.feed.post/3mw4ibd6mxy2x,"Well, at least in the United Kingdom, where Renault UK announces a wide-ranging package of enhancements for the 2027 model year, including efficiency, technology, and design upgrades.

#renault #5etech #renault5 #etech #modelupdate",2026-09-22T14:55:26.092Z,2026-09-22T14:55:27.265Z,2026-09-22T16:43:30Z,autoevolution.com,did:plc:eu7yzsbllrg64mfkjmiluefp,0,0,1,0,https://bsky.app/profile/autoevolution.com/post/3mw4ibd6mxy2x,technology
at://did:plc:pwwavqkiw66fmxzmvcev3fkl/app.bsky.feed.post/3mw4ibjzhnc2d,"New in @foreignaffairs.com with @claroche.bsky.social: even if efforts to control the bomb may be a source of inspiration, they are not a ready-made template for AI governance.

On the limits of the AI-nuclear weapons analogy.

Gift link: www.foreignaffairs.com/guest-pass/r...",2026-09-22T14:55:33.521Z,2026-09-22T14:55:34.761Z,2026-09-22T16:43:30Z,nktpnd.bsky.social,did:plc:pwwavqkiw66fmxzmvcev3fkl,5,2,0,0,https://bsky.app/profile/nktpnd.bsky.social/post/3mw4ibjzhnc2d,technology
at://did:plc:r72b3lyasdsbnwi57f7qdlol/app.bsky.feed.post/3mw4ibmoa3u2c,"$LHSW breaking out 75.5% so far this session. Lianhe Sowell enters into strategic cooperation agreement with Kumquat Technology, promoting intellige… https://tapeboard.com/go/bsky/research/LHSW?utm_source=bluesky&utm_medium=post&utm_campaign=bsky-native&utm_content=lhsw-bk-up-tape&utm_term=research",2026-09-22T14:55:36.111829+00:00,2026-09-22T14:55:36.455Z,2026-09-22T16:43:30Z,tapeboard.bsky.social,did:plc:r72b3lyasdsbnwi57f7qdlol,0,0,0,0,https://bsky.app/profile/tapeboard.bsky.social/post/3mw4ibmoa3u2c,technology
at://did:plc:bpbsj7npsunteidfzbb5mqhj/app.bsky.feed.post/3mw4ibuonmc2h,🎧 LISTEN: AFT President @rweingarten.bsky.social joined the “Bloomberg Talks” podcast to talk about the AFT’s work pushing for guardrails that protect safety and privacy with artificial intelligence and educational technology in the classroom.,2026-09-22T14:55:44.700Z,2026-09-22T14:55:45.659Z,2026-09-22T16:43:30Z,aft.org,did:plc:bpbsj7npsunteidfzbb5mqhj,1,2,0,0,https://bsky.app/profile/aft.org/post/3mw4ibuonmc2h,technology
at://did:plc:abe2iwzqjv7jxly22ntplv5j/app.bsky.feed.post/3mw4ic3tyi22c,"I am so happy to hear such good news. I hope things keep getting better for you; with today's advanced medical technology, you will certainly be cured.",2026-09-22T14:55:52.217Z,2026-09-22T14:55:55.960Z,2026-09-22T16:43:30Z,jovanimia86.bsky.social,did:plc:abe2iwzqjv7jxly22ntplv5j,0,0,0,0,https://bsky.app/profile/jovanimia86.bsky.social/post/3mw4ic3tyi22c,technology
at://did:plc:vjkwifxkam3juotyvs2x7dss/app.bsky.feed.post/3mw4icdmlkk2w,the people who make and promote this technology are really bad at being human,2026-09-22T14:56:00.363Z,2026-09-22T14:56:00.055Z,2026-09-22T16:43:30Z,startwith4mgestradiolenanthateweeklyandtestatonetothreemonths.com,did:plc:vjkwifxkam3juotyvs2x7dss,3,0,1,0,https://bsky.app/profile/startwith4mgestradiolenanthateweeklyandtestatonetothreemonths.com/post/3mw4icdmlkk2w,technology
at://did:plc:jdr65fnpaxcyh2wekeaqtttw/app.bsky.feed.post/3mw4icj42wf24,"Apple may have a clever new way to protect iPhones from thieves, and hidden beta code suggests the feature is already being tested. #Apple #iPhone #Autolock",2026-09-22T14:56:05+00:00,2026-09-22T14:56:06.862Z,2026-09-22T16:43:30Z,neowin.net,did:plc:jdr65fnpaxcyh2wekeaqtttw,0,0,0,0,https://bsky.app/profile/neowin.net/post/3mw4icj42wf24,Apple iPhone
at://did:plc:vrcgyq54zs3mdf7nkqxc7jhd/app.bsky.feed.post/3mw4ickrdyx2n,Contact us for your information technology needs!,2026-09-22T14:56:07.780Z,2026-09-22T14:56:08.459Z,2026-09-22T16:43:30Z,pcci-consulting.ca,did:plc:vrcgyq54zs3mdf7nkqxc7jhd,0,0,0,0,https://bsky.app/profile/pcci-consulting.ca/post/3mw4ickrdyx2n,technology
at://did:plc:2okwd2uaccufabf2dv5un5mw/app.bsky.feed.post/3mw4ick4pon26,YT: 🚗 Vintage Modern Luxury Cars with Classic Style and Modern Safety Features ❤️ #LuxuryCars #VintageCars,2026-09-22T14:56:07Z,2026-09-22T14:56:08.462Z,2026-09-22T16:43:30Z,usclassicautos.bsky.social,did:plc:2okwd2uaccufabf2dv5un5mw,0,0,0,0,https://bsky.app/profile/usclassicautos.bsky.social/post/3mw4ick4pon26,technology
at://did:plc:kd4bgo2qrdr4dmfy6cdfhhsh/app.bsky.feed.post/3mw4id7m57k2z,"Affordable Website Development Services in Gurgaon
Gurgaon, now officially Gurugram, has grown from a quiet satellite town into one of India's most important technology and business hubs. For small business owners, startups, and local professionals, the rise of Affordable Website Development Service",2026-09-22T14:56:28+00:00,2026-09-22T14:56:30.468Z,2026-09-22T16:43:30Z,ngnetworksit.bsky.social,did:plc:kd4bgo2qrdr4dmfy6cdfhhsh,0,0,1,0,https://bsky.app/profile/ngnetworksit.bsky.social/post/3mw4id7m57k2z,technology
at://did:plc:ix355bxgmahoxgva4xzgt2fq/app.bsky.feed.post/3mw4idelalc2a,Incredibly they found a way to make the eShop even worse...,2026-09-22T14:56:34.905Z,2026-09-22T14:56:36.367Z,2026-09-22T16:43:30Z,kyle204.bsky.social,did:plc:ix355bxgmahoxgva4xzgt2fq,0,0,0,0,https://bsky.app/profile/kyle204.bsky.social/post/3mw4idelalc2a,technology
at://did:plc:e6pjy2donvbvonmkrb5vrvoc/app.bsky.feed.post/3mw4ieo2l6s2l,"AI must start with workers.

In our recent survey, 85% of our members said that AI or new technology had already been introduced into their area of work.

That is why we are calling on all employers in finance to sign our #AIStartsWithWorkers charter.

www.ft.com/content/fdb3...",2026-09-22T14:57:18.415Z,2026-09-22T14:57:21.769Z,2026-09-22T16:43:30Z,aegistheunion.bsky.social,did:plc:e6pjy2donvbvonmkrb5vrvoc,1,0,1,1,https://bsky.app/profile/aegistheunion.bsky.social/post/3mw4ieo2l6s2l,technology
at://did:plc:7kmp6f7xncfqmpnjlpb52a6g/app.bsky.feed.post/3mw4ifbxkqd2c,I upgraded to an iPhone 18 Pro Max. I was way more impressed with the Duo than I expected to be. But not enough to pass on the better camera and big ass battery.,2026-09-22T14:57:38.991Z,2026-09-22T14:57:39.459Z,2026-09-22T16:43:30Z,targrus.org,did:plc:7kmp6f7xncfqmpnjlpb52a6g,1,0,1,0,https://bsky.app/profile/targrus.org/post/3mw4ifbxkqd2c,iphone
at://did:plc:lskyqe2zm35xitwza5lxkzgi/app.bsky.feed.post/3mw4ifjtsjl2j,"👤 Post by BirgitS (by SAP):
""SAP Cloud Application Programming Model (CAP) | Customer Roundtable | October 2026""
🔗 Link: https://community.sap.com/t5/technology-blog-posts-by-sap/sap-cloud-application-programming-model-cap-customer-roundtable-october/ba-p/14489746",2026-09-22T14:57:47.219Z,2026-09-22T14:57:48.071Z,2026-09-22T16:43:30Z,scntechblogs.marianzeis.de,did:plc:lskyqe2zm35xitwza5lxkzgi,0,0,0,0,https://bsky.app/profile/scntechblogs.marianzeis.de/post/3mw4ifjtsjl2j,technology
at://did:plc:lmwcopv72vddqhyu26r4tsr4/app.bsky.feed.post/3mw4ifx5o5p2g,,2026-09-22T14:58:01Z,2026-09-22T14:58:02.764Z,2026-09-22T16:43:30Z,ifun-news.bsky.social,did:plc:lmwcopv72vddqhyu26r4tsr4,0,0,0,0,https://bsky.app/profile/ifun-news.bsky.social/post/3mw4ifx5o5p2g,iphone
at://did:plc:lc6hdhnjkgccd6ysi7e23pll/app.bsky.feed.post/3mw4igfc6wf22,"Light pollution's 'transformation of night' requires prompt action
->Cornell Chronicle | More on ""Light pollution and environmental impact"" at BigEarthData.ai | #Prompt #ArtificialIntelligence #LightPollution",2026-09-22T14:58:16.257358+00:00,2026-09-22T14:58:17.367Z,2026-09-22T16:43:30Z,bigearthdata.ai,did:plc:lc6hdhnjkgccd6ysi7e23pll,1,0,0,0,https://bsky.app/profile/bigearthdata.ai/post/3mw4igfc6wf22,technology
at://did:plc:rtrnhhsrah2tc6sd3jajxddx/app.bsky.feed.post/3mw4igk4qxc26,"Fenêtre sur Tech - épisode 7
iPhone 18 Pro Max, OS 27 et vache cabrée

À écouter d'urgence ! 🙂",2026-09-22T14:58:21.401Z,2026-09-22T14:58:29.970Z,2026-09-22T16:43:30Z,fabriceneuman.fr,did:plc:rtrnhhsrah2tc6sd3jajxddx,0,0,0,0,https://bsky.app/profile/fabriceneuman.fr/post/3mw4igk4qxc26,iphone
at://did:plc:mghqu76k7tm4fyecfzmfyck2/app.bsky.feed.post/3mw4igmuhls25,"You can select from a variety of places, including Bookshop dot org, which benefits independent bookstores: zandoprojects.com/books/kill-c...",2026-09-22T14:58:24.276Z,2026-09-22T14:58:25.067Z,2026-09-22T16:43:30Z,caseystegman.com,did:plc:mghqu76k7tm4fyecfzmfyck2,1,0,1,0,https://bsky.app/profile/caseystegman.com/post/3mw4igmuhls25,technology
at://did:plc:3sadggt2bctt432gjlpfar65/app.bsky.feed.post/3mw4ihibss22e,"the universe has a sense of humor and it is dark like the bottom of the Marianas trench 

www.cnn.com/2026/09/18/p...",2026-09-22T14:58:53.021Z,2026-09-22T14:58:54.257Z,2026-09-22T16:43:30Z,mthompsonbrusstar.com,did:plc:3sadggt2bctt432gjlpfar65,6,2,0,0,https://bsky.app/profile/mthompsonbrusstar.com/post/3mw4ihibss22e,technology
at://did:plc:tw7cra4mdefux5rrstjt5vrc/app.bsky.feed.post/3mw4ihxpbuo2c,Very curious to try it on an actual hardware device but at least in the simulator Hour by Hour is feeling pretty cool on iPhone Duo! ,2026-09-22T14:58:55.617Z,2026-09-22T14:59:10.456Z,2026-09-22T16:43:30Z,joe.inkle.co,did:plc:tw7cra4mdefux5rrstjt5vrc,1,0,1,0,https://bsky.app/profile/joe.inkle.co/post/3mw4ihxpbuo2c,iphone
at://did:plc:nasdzbpiyzph2lvcoijyxere/app.bsky.feed.post/3mw4ihvmew326,The COVID vaccine's technology could finally fix the unreliable flu shot: An mRNA flu vaccine that updates close to season has finally been approved. Its speed means nothing until officials move a decades-old strain deadline,2026-09-22T14:59:06Z,2026-09-22T14:59:07.764Z,2026-09-22T16:43:30Z,quartzmedia.bsky.social,did:plc:nasdzbpiyzph2lvcoijyxere,1,0,0,0,https://bsky.app/profile/quartzmedia.bsky.social/post/3mw4ihvmew326,technology
at://did:plc:z3kjek4eyelmwubegi7taw2l/app.bsky.feed.post/3mw4ihxnwtk25,"Instant Access to Infinite Storage with Zero Bytes Stored on Your Local Disk www.eejournal.com/article/inst... Space’s technology could change the way humans, applications, and AI agents access vast amounts of cloud-based data as fast as if it were on your local drive.",2026-09-22T14:59:09.151Z,2026-09-22T14:59:04.485Z,2026-09-22T16:43:30Z,magnificent-max.bsky.social,did:plc:z3kjek4eyelmwubegi7taw2l,0,0,0,0,https://bsky.app/profile/magnificent-max.bsky.social/post/3mw4ihxnwtk25,technology
at://did:plc:m2yuqynl2cttvi4k5453yegh/app.bsky.feed.post/3mw4iic5tnow2,"📰 **Xbox 'reset' continues with 268 job cuts and Activision making the next Halo game**

Xbox's turbulent 2026 continues with more job cuts and a probably closure of Ninja Theory.

📰 Source: Engadget - Technology News & Expert Reviews
🔗 Link […] 

[Original post on igeek.gamer-geek-news.com]",2026-09-22T14:59:16.000Z,2026-09-22T15:01:36.573Z,2026-09-22T16:43:30Z,feed.igeek.gamer-geek-news.com.ap.brid.gy,did:plc:m2yuqynl2cttvi4k5453yegh,0,0,0,0,https://bsky.app/profile/feed.igeek.gamer-geek-news.com.ap.brid.gy/post/3mw4iic5tnow2,technology
at://did:plc:t443mtmhd3vbemzxfusjmxff/app.bsky.feed.post/3mw4iicc4qg2i,"Thank you Apple for the smoothest iPhone Trade-In ever. iPhone arrived with the trade-in box included (first time ever). Trade-In shipped out and within 54 hours, iPhone inspection passed and gift card issued. All of this in record time! #Apple ",2026-09-22T14:59:20.111Z,2026-09-22T14:59:20.463Z,2026-09-22T16:43:30Z,isoemac.bsky.social,did:plc:t443mtmhd3vbemzxfusjmxff,0,0,0,0,https://bsky.app/profile/isoemac.bsky.social/post/3mw4iicc4qg2i,Apple iPhone
at://did:plc:74olkjwx7vyhlakkfqrvbcsh/app.bsky.feed.post/3mw4iipf7pk2l,"Some US special ops ""intelligence"" analyst used a crappy chatbot (likely produced by Palantir, given how they luuuuuuuv that crappy company) that nearly started a war with China by hallucinating shit: 

edition.cnn.com/2026/09/18/p...",2026-09-22T14:59:34.031Z,2026-09-22T14:59:36.263Z,2026-09-22T16:43:30Z,lalehkhalili.bsky.social,did:plc:74olkjwx7vyhlakkfqrvbcsh,5,1,1,0,https://bsky.app/profile/lalehkhalili.bsky.social/post/3mw4iipf7pk2l,technology
at://did:plc:qj2mhyptoymfgx3v7nbkgnrt/app.bsky.feed.post/3mw4ijtqasx2b,"📣 New Podcast! ""Colorado Water Utilities Hit by Cyberattacks Targeting OT Systems"" on @Spreaker #cisa #colorado #criticalinfrastructure #cyberattack #cyberresilience #cybersecurity #cyberthreats #cyberwarfare #icssecurity #industrialcontrolsystems #industrialcybersecurity #infosec #otsecurity",2026-09-22T15:00:11Z,2026-09-22T15:00:12.269Z,2026-09-22T16:43:30Z,radiohack.bsky.social,did:plc:qj2mhyptoymfgx3v7nbkgnrt,0,0,0,0,https://bsky.app/profile/radiohack.bsky.social/post/3mw4ijtqasx2b,technology
at://did:plc:4rdaxvvm5yrki5tvpcf3jtiy/app.bsky.feed.post/3mw4ijwbdm72b,Apple agreed to pay $250 million to settle the lawsuit to avoid the risks and costs associated with a trial. https://www.wandtv.com/2026/09/22/claims-now-being-accepted-apples-iphone-ai-settlement-heres-who-is-eligible/ ,2026-09-22T15:00:14.740Z,2026-09-22T15:00:15.663Z,2026-09-22T16:43:30Z,wandnews.bsky.social,did:plc:4rdaxvvm5yrki5tvpcf3jtiy,1,1,0,0,https://bsky.app/profile/wandnews.bsky.social/post/3mw4ijwbdm72b,Apple iPhone
at://did:plc:yxapxhsxxcfsg2dvhrakxipc/app.bsky.feed.post/3mw4ijznvts2y,"www.theguardian.com/world/2026/s...
Australia investigating how F-35 fighter jet parts bound for US went missing in Hong Kong",2026-09-22T15:00:18.356Z,2026-09-22T15:00:20.468Z,2026-09-22T16:43:30Z,carpenter22.bsky.social,did:plc:yxapxhsxxcfsg2dvhrakxipc,4,2,0,1,https://bsky.app/profile/carpenter22.bsky.social/post/3mw4ijznvts2y,technology
at://did:plc:sqk6cmqyunm5pvv3b5ozrmmh/app.bsky.feed.post/3mw4ik2qvzi2s,"Quick heads-up: Texas' permit pause is a real brake — it could slow hundreds of gigawatts of planned AI computing and force big changes to how the state manages power and scarce water, with ripple effects on local grids and communities.
Science & Technology | Calm | found on CNA",2026-09-22T15:00:18.591Z,2026-09-22T15:00:19.669Z,2026-09-22T16:43:30Z,actuallyrelevant.bsky.social,did:plc:sqk6cmqyunm5pvv3b5ozrmmh,0,0,0,0,https://bsky.app/profile/actuallyrelevant.bsky.social/post/3mw4ik2qvzi2s,technology
at://did:plc:z6defdkpaaof4jzk5kddutgq/app.bsky.feed.post/3mw4ikghues24,"The Class of 2030 is stepping into a profession that's changing fast. At the University of Health Sciences and Pharmacy White Coat Ceremony, Mercy's Daniel Good shared why that's exciting: new technology will change pharmacy, but patients will always need skilled pharmacists by their side.",2026-09-22T15:00:31.66070729Z,2026-09-22T15:00:33.171Z,2026-09-22T16:43:30Z,followmercy.bsky.social,did:plc:z6defdkpaaof4jzk5kddutgq,0,0,0,0,https://bsky.app/profile/followmercy.bsky.social/post/3mw4ikghues24,technology
at://did:plc:76sj7l4gylndgvnav36mecft/app.bsky.feed.post/3mw4ikgy6gt27,"Thank you Apple for the smoothest iPhone Trade-In ever. iPhone arrived with the trade-in box included (first time ever). Trade-In shipped out and within 54 hours, iPhone inspection passed and gift card issued. All of this in record time! #Apple ",2026-09-22T15:00:32.271Z,2026-09-22T15:00:32.470Z,2026-09-22T16:43:30Z,devinking.bsky.social,did:plc:76sj7l4gylndgvnav36mecft,0,0,0,0,https://bsky.app/profile/devinking.bsky.social/post/3mw4ikgy6gt27,Apple iPhone
at://did:plc:ml64evtskmyupc4kefdudrwo/app.bsky.feed.post/3mw4iko4nsi2s,"Remote work once sounded unrealistic. Now AI is challenging our assumptions about work again.

Sandy Hofmann’s story reminds me that transformation starts before the technology works. It starts when people believe a different way of working is possible.
youtu.be/BVQ7X9z6kMg?si=Aue...",2026-09-22T15:00:39.746Z,2026-09-22T15:00:39.975Z,2026-09-22T16:43:30Z,sherryheyl.bsky.social,did:plc:ml64evtskmyupc4kefdudrwo,0,0,0,0,https://bsky.app/profile/sherryheyl.bsky.social/post/3mw4iko4nsi2s,technology
at://did:plc:h5maykrmsb3yz4y5qcdlulvk/app.bsky.feed.post/3mw4ikzcuv22t,"Apple has added persistent 'ads' to iOS, and it's driving users crazy

https://www.techradar.com/phones/iphone/i-wish-apple-would-just-stop-that-crap-apple-has-added-persistent-ads-to-ios-and-its-driving-users-crazy",2026-09-22T15:00:51.540Z,2026-09-22T15:00:51.760Z,2026-09-22T16:43:30Z,hnbot.gsuscs.xyz,did:plc:h5maykrmsb3yz4y5qcdlulvk,0,0,0,0,https://bsky.app/profile/hnbot.gsuscs.xyz/post/3mw4ikzcuv22t,Apple iPhone
at://did:plc:o6zqfauimsmhijo4va44v7z4/app.bsky.feed.post/3mw4il4zbc62t,"INSIGHTS: Hana Shimizu of Hornet discusses the power of animation, the importance of human creativity, and how emerging technology is shaping the future of the industry. https://ow.ly/TNHs50ZQ4pi",2026-09-22T15:00:54.604541592Z,2026-09-22T15:00:56.170Z,2026-09-22T16:43:30Z,commarts.com,did:plc:o6zqfauimsmhijo4va44v7z4,1,0,0,0,https://bsky.app/profile/commarts.com/post/3mw4il4zbc62t,technology
at://did:plc:vt3surxvris6wwoam7vjranx/app.bsky.feed.post/3mw4il52kry2l,"पिछले 30 मिनट के विषय 🧭:

1. IPhone 🆕
2. Max 🆕
3. उबलत 🆕
4. #Apple 🆕
5. SIR
6. मतद
7. तहत
8. आपत
9. समयबद
10. गहन",2026-09-22T15:00:55.262Z,2026-09-22T15:00:55.660Z,2026-09-22T16:43:30Z,trending-hi.bsky.social,did:plc:vt3surxvris6wwoam7vjranx,0,0,0,0,https://bsky.app/profile/trending-hi.bsky.social/post/3mw4il52kry2l,Apple iPhone
at://did:plc:xhl3dfzpho5ujdxs4owlkayb/app.bsky.feed.post/3mw4il7tea524,"This episode features Daniel Sheeran, MD, an interventional radiologist at UVA. Dr. Sheeran discusses histotripsy and shares insights from his experience integrating this new treatment option into clinical practice.
Listen and subscribe: https://ow.ly/NfIZ50ZQ77q
",2026-09-22T15:00:57.704500095Z,2026-09-22T15:00:58.964Z,2026-09-22T16:43:30Z,fusfoundation.bsky.social,did:plc:xhl3dfzpho5ujdxs4owlkayb,0,0,0,0,https://bsky.app/profile/fusfoundation.bsky.social/post/3mw4il7tea524,technology
at://did:plc:fwdtahldxs6npihpvba7emtz/app.bsky.feed.post/3mw4ilgrkfd2g,"✍️ New Post ✍️

My early iPhone Duo design explorations for Elite Hoops. How to use arrangement view, and when, dealing with overflow items and more!

Check it out: www.swiftjectivec.com/Early-Desig...",2026-09-22T15:01:05.599097Z,2026-09-22T15:01:06.360Z,2026-09-22T16:43:30Z,jordanmorgan10.bsky.social,did:plc:fwdtahldxs6npihpvba7emtz,0,0,0,0,https://bsky.app/profile/jordanmorgan10.bsky.social/post/3mw4ilgrkfd2g,iphone
at://did:plc:hxjzi7mnsedfpxcz7ebinndv/app.bsky.feed.post/3mw4ilhol7l2c,"Breaking News: ( OTC: $ASMIY ) ASM launches breakthrough Flowable Carbon technology for the next era of semiconductor scaling

",2026-09-22T15:01:06.574172+00:00,2026-09-22T15:01:06.872Z,2026-09-22T16:43:30Z,marketwirenews.com,did:plc:hxjzi7mnsedfpxcz7ebinndv,1,0,0,0,https://bsky.app/profile/marketwirenews.com/post/3mw4ilhol7l2c,technology
at://did:plc:ors2sswbbo64tctpzeypfxp3/app.bsky.feed.post/3mw4ilyzzb22r,"These ships are beautiful. They are also obsolete as they are being laid down.
youtu.be/ZW4QHW7K7TU",2026-09-22T15:01:24.811Z,2026-09-22T15:01:28.168Z,2026-09-22T16:43:30Z,wayne-borean.bsky.social,did:plc:ors2sswbbo64tctpzeypfxp3,0,0,0,0,https://bsky.app/profile/wayne-borean.bsky.social/post/3mw4ilyzzb22r,technology
at://did:plc:rcg3brb7nyo6ymteymxl6mfh/app.bsky.feed.post/3mw4imdskjb2e,"Commerce imposes new semiconductor export controls on China

🇯🇵 Japan: For Japan's technology policymakers, the update points to continuity in allied China-tech…

🇨🇳 China: Advanced compute access is being choked at the source

What are we missing? Share your perspective.

https://v3.news/e/aac658u",2026-09-22T15:01:35.968507Z,2026-09-22T15:01:37.377Z,2026-09-22T16:43:30Z,v3news.bsky.social,did:plc:rcg3brb7nyo6ymteymxl6mfh,0,0,0,0,https://bsky.app/profile/v3news.bsky.social/post/3mw4imdskjb2e,technology
at://did:plc:vz35eklbsdwmln3myunfrmzm/app.bsky.feed.post/3mw4d2wllgwq4,"Solar Turbines Joins AOG 2026 as Associate Sponsor to Support Angola’s Expanding Gas Production, Processing and LNG Feedstock Growth

https://pressportal.co.za/stream/story/1a33f513c0cedfc5-20260824.html

#pressrelease #AfricaNewsroom #bizcommunity #publicrelations #africa #southafrica",2026-09-22T15:01:42.997280Z,2026-09-22T15:01:45.663Z,2026-09-22T16:43:30Z,pressportal.co.za,did:plc:vz35eklbsdwmln3myunfrmzm,0,0,0,0,https://bsky.app/profile/pressportal.co.za/post/3mw4d2wllgwq4,technology
at://did:plc:pfy6356qs7lj365z5mouungw/app.bsky.feed.post/3mw4bwp6gsu27,iOS 27 : ces iPhone pourtant récents seraient privés de ces nouveautés photo,2026-09-22T15:02:06.874681Z,2026-09-22T13:02:08.157Z,2026-09-22T16:43:30Z,mac4ever.bsky.social,did:plc:pfy6356qs7lj365z5mouungw,0,0,0,0,https://bsky.app/profile/mac4ever.bsky.social/post/3mw4bwp6gsu27,iphone
at://did:plc:fozzbhhdmk6sch52su2ney4e/app.bsky.feed.post/3mw4inebpw42x,"SK Telecom and KISTI developed digital twin technology to test and verify quantum key distribution network performance before deployment, enabling safer pre-deployment validation.

#QuantumCryptography #QKD #News",2026-09-22T15:02:09.337342Z,2026-09-22T15:02:10.556Z,2026-09-22T16:43:30Z,informaq.bsky.social,did:plc:fozzbhhdmk6sch52su2ney4e,1,0,0,0,https://bsky.app/profile/informaq.bsky.social/post/3mw4inebpw42x,technology
at://did:plc:vikc7teiaihjx2i7uv4w372l/app.bsky.feed.post/3mw4ingknev2d,"10 trends shaping health IT and revenue cycle in 2026 - Becker's Hospital Review 
www.beckershospitalreview.com/healthcare-i...? #HIT",2026-09-22T15:02:12.331Z,2026-09-22T15:02:12.862Z,2026-09-22T16:43:30Z,equinoxhit.bsky.social,did:plc:vikc7teiaihjx2i7uv4w372l,0,0,0,0,https://bsky.app/profile/equinoxhit.bsky.social/post/3mw4ingknev2d,technology
at://did:plc:w2h4uevwiid3dkezgwgcheji/app.bsky.feed.post/3mw4inyehq42e,"Trying to conceive turns a tracker into a timing tool. NerdCycle puts fertile-window odds, the BBT shift and mucus on one screen — with a confidence label, because a prediction without one is a guess.
apps.apple.com/app/id676198...

#TTC #indiedev",2026-09-22T15:02:31.015Z,2026-09-22T15:02:32.260Z,2026-09-22T16:43:30Z,vladoivankovic.com,did:plc:w2h4uevwiid3dkezgwgcheji,5,1,0,0,https://bsky.app/profile/vladoivankovic.com/post/3mw4inyehq42e,iphone
at://did:plc:i2blrvxhdn5ssaf6dkzhk4se/app.bsky.feed.post/3mw4iobby6a25,"We think The Flytrap's technology coverage is such an essential part of cultural criticism, because we're all trapped inside the little computer in our pockets.",2026-09-22T15:02:40.329867891Z,2026-09-22T15:02:40.665Z,2026-09-22T16:43:30Z,theflytrapmedia.com,did:plc:i2blrvxhdn5ssaf6dkzhk4se,1,0,1,0,https://bsky.app/profile/theflytrapmedia.com/post/3mw4iobby6a25,technology
at://did:plc:i2blrvxhdn5ssaf6dkzhk4se/app.bsky.feed.post/3mw4iojbqep2w,Our relationship to technology is part of larger framework. @andreagrimes.com wrote about how fascism manifests in technology culture is designed to make people lonely and reactive. ,2026-09-22T15:02:48.704223628Z,2026-09-22T15:02:49.073Z,2026-09-22T16:43:30Z,theflytrapmedia.com,did:plc:i2blrvxhdn5ssaf6dkzhk4se,3,2,1,0,https://bsky.app/profile/theflytrapmedia.com/post/3mw4iojbqep2w,technology
at://did:plc:amla33a6fzallw2wqoxkftst/app.bsky.feed.post/3mw4iona2ak2b,"And AI is telling them ""I am your friend. This guy wants to kill and eat you.""

www.theguardian.com/technology/n...",2026-09-22T15:02:53.091Z,2026-09-22T15:02:56.258Z,2026-09-22T16:43:30Z,chicagoexpat.bsky.social,did:plc:amla33a6fzallw2wqoxkftst,0,0,0,0,https://bsky.app/profile/chicagoexpat.bsky.social/post/3mw4iona2ak2b,technology
at://did:plc:i2blrvxhdn5ssaf6dkzhk4se/app.bsky.feed.post/3mw4ioo5kai2d,"@katelynburns.com thought about her own relationship with technology in this piece about her love for grand strategy games: Fellas, is it fascist to like maps? ",2026-09-22T15:02:53.811521939Z,2026-09-22T15:02:54.165Z,2026-09-22T16:43:30Z,theflytrapmedia.com,did:plc:i2blrvxhdn5ssaf6dkzhk4se,1,2,1,1,https://bsky.app/profile/theflytrapmedia.com/post/3mw4ioo5kai2d,technology
at://did:plc:tq5hbjjqxkw6h5ph7t55jfgw/app.bsky.feed.post/3mw4iovf4ct2h,"'Echoes of Time' lyric video by Dean Garvey.

Easy clear original composition.

#musicsky #musicfeed # indiemusic #jazzsky #originalmusictracks #selfproducedmusic #musiciansky",2026-09-22T15:03:01.338Z,2026-09-22T15:03:02.560Z,2026-09-22T16:43:30Z,jazzcomposer.bsky.social,did:plc:tq5hbjjqxkw6h5ph7t55jfgw,1,0,0,0,https://bsky.app/profile/jazzcomposer.bsky.social/post/3mw4iovf4ct2h,technology
at://did:plc:ilrkjbbghsh7pvuly6urjffc/app.bsky.feed.post/3mw4ioxbq6s24,Today in Things We Hate To See,2026-09-22T15:03:03.625Z,2026-09-22T15:03:05.857Z,2026-09-22T16:43:30Z,janenx01.bsky.social,did:plc:ilrkjbbghsh7pvuly6urjffc,8,1,0,0,https://bsky.app/profile/janenx01.bsky.social/post/3mw4ioxbq6s24,iphone
at://did:plc:d3gwgopmiy7lpbrufsgokr25/app.bsky.feed.post/3mw4ip2ijzz2o,,2026-09-22T15:03:06Z,2026-09-22T15:03:07.471Z,2026-09-22T16:43:30Z,overclockingcom.bsky.social,did:plc:d3gwgopmiy7lpbrufsgokr25,0,0,0,0,https://bsky.app/profile/overclockingcom.bsky.social/post/3mw4ip2ijzz2o,Apple iPhone
at://did:plc:vol2rwg6fy2kqptfxdfdddv6/app.bsky.feed.post/3mw4ipgohrc2f,"Before Isar #Aerospace became a household name in Europe’s #spacesector, its founders were building their first technologies at TUM’s #studentclub WARR. Today, Federal Minister Dorothee Bär visited this hub for student #innovation in Garching: warr.de 🚀

📷️C.Utz",2026-09-22T15:03:19.776Z,2026-09-22T15:03:27.864Z,2026-09-22T16:43:30Z,tum.de,did:plc:vol2rwg6fy2kqptfxdfdddv6,2,0,0,0,https://bsky.app/profile/tum.de/post/3mw4ipgohrc2f,technology
at://did:plc:xee244njplmamzaq7wyu4n5p/app.bsky.feed.post/3mw4ipjmnem2q,"This issue came out today in 1987.

Iron Man's wild crusade against the thieves who stole the Iron Man armor technology leads him into a battle with Stingray!

IRON MAN #226
September 22, 1987

This issue came out between WEST COAST AVENGERS #28 and #29.",2026-09-22T15:03:22.731Z,2026-09-22T15:03:23.658Z,2026-09-22T16:43:30Z,awestcoastthing.bsky.social,did:plc:xee244njplmamzaq7wyu4n5p,2,1,0,0,https://bsky.app/profile/awestcoastthing.bsky.social/post/3mw4ipjmnem2q,technology
at://did:plc:65qz3aqe4zrqsmfnhyaahx3q/app.bsky.feed.post/3mw4ipo7drk2t,iPhone should let me threaten the text scammers and still report the text as spam.,2026-09-22T15:03:27.671Z,2026-09-22T15:03:27.970Z,2026-09-22T16:43:30Z,vitruvianmonkey.bsky.social,did:plc:65qz3aqe4zrqsmfnhyaahx3q,3,0,0,0,https://bsky.app/profile/vitruvianmonkey.bsky.social/post/3mw4ipo7drk2t,iphone
at://did:plc:fsftz5ue2bvlvkb6zx2bqdnh/app.bsky.feed.post/3mw4iptfscq2a,"Apple announced the iPhone 18 Pro and iPhone 18 Pro Max earlier this month, arriving four years after the iPhone 14 Pro and iPhone 14 Pro Max. Four generations of changes make for a substantial upgrade, bringing larger displays, an all-new design, improvements to every camera, significantl..",2026-09-22T15:03:33.016353+00:00,2026-09-22T15:03:33.871Z,2026-09-22T16:43:30Z,technology-news.bsky.social,did:plc:fsftz5ue2bvlvkb6zx2bqdnh,1,0,0,0,https://bsky.app/profile/technology-news.bsky.social/post/3mw4iptfscq2a,Apple iPhone
at://did:plc:mjjiydo3f7qiebt6satqzzfh/app.bsky.feed.post/3mw4iq5lgts2t,Does the new iPhone even have an app to destroy all opps?,2026-09-22T15:03:43.788Z,2026-09-22T15:03:43.963Z,2026-09-22T16:43:30Z,vexogen.protogen.club,did:plc:mjjiydo3f7qiebt6satqzzfh,0,0,0,0,https://bsky.app/profile/vexogen.protogen.club/post/3mw4iq5lgts2t,iphone
at://did:plc:qt34fdb5di4hsny5wncomxtt/app.bsky.feed.post/3mw4iqsw35z2v,"iPhone Duo: Your ultimate handbook to Apple’s foldable smartphone

#Relaunch #iPhone #Smartphones

https://justpaste.in/tech/iphone-duo-your-ultimate-handbook-to-apples-foldable-smartphone-3/",2026-09-22T15:04:04Z,2026-09-22T15:04:06.370Z,2026-09-22T16:43:30Z,techworlddaily.bsky.social,did:plc:qt34fdb5di4hsny5wncomxtt,0,0,0,0,https://bsky.app/profile/techworlddaily.bsky.social/post/3mw4iqsw35z2v,iphone
at://did:plc:p6nd2xdlb3i3hls7of7mslfv/app.bsky.feed.post/3mw4iqu5gu42h,Reader Precision Sponsors IMTS Experience for Local Students and Educators Through Operation Exploration #IMTS #Education #Manufacturing #PrecisionMachining #OperationExploration,2026-09-22T15:04:07Z,2026-09-22T15:04:08.171Z,2026-09-22T16:43:30Z,asianewstoday.bsky.social,did:plc:p6nd2xdlb3i3hls7of7mslfv,0,0,0,0,https://bsky.app/profile/asianewstoday.bsky.social/post/3mw4iqu5gu42h,technology
at://did:plc:nt6hhsj2ip7bir5srdw4qok7/app.bsky.feed.post/3mw4iqtzg442e,,2026-09-22T15:04:07Z,2026-09-22T15:04:07.568Z,2026-09-22T16:43:30Z,apfeltalk.de,did:plc:nt6hhsj2ip7bir5srdw4qok7,0,0,0,0,https://bsky.app/profile/apfeltalk.de/post/3mw4iqtzg442e,technology
at://did:plc:p6nd2xdlb3i3hls7of7mslfv/app.bsky.feed.post/3mw4iqvf4pr2x,One warning is all it takes #CyberSecurity #OnlineScams #DigitalSafety #ProtectYourself #ScamAwareness,2026-09-22T15:04:08Z,2026-09-22T15:04:09.559Z,2026-09-22T16:43:30Z,asianewstoday.bsky.social,did:plc:p6nd2xdlb3i3hls7of7mslfv,0,1,0,0,https://bsky.app/profile/asianewstoday.bsky.social/post/3mw4iqvf4pr2x,technology
at://did:plc:2hbycbog2phz2djm2sdtrbti/app.bsky.feed.post/3mw4iqw4mt22v,www.theatlantic.com/technology/2...,2026-09-22T15:04:09.524Z,2026-09-22T15:04:11.765Z,2026-09-22T16:43:30Z,serenity318.bsky.social,did:plc:2hbycbog2phz2djm2sdtrbti,1,0,0,1,https://bsky.app/profile/serenity318.bsky.social/post/3mw4iqw4mt22v,technology
at://did:plc:sfjedoog3kswe5g37fhzjoyg/app.bsky.feed.post/3mw4irlcorj27,Australia somehow lost F-35 parts in Hong Kong and they have no idea where they went. We're just losing fighter jets in the mail now.,2026-09-22T15:04:31.692043+00:00,2026-09-22T15:04:32.666Z,2026-09-22T16:43:30Z,nofilter247.bsky.social,did:plc:sfjedoog3kswe5g37fhzjoyg,0,0,0,0,https://bsky.app/profile/nofilter247.bsky.social/post/3mw4irlcorj27,technology
at://did:plc:lzcoujf7r7lgjvx2yrmpvxlc/app.bsky.feed.post/3mw4irn3gik2l,"‘Bloom Energy Corp., Credo Technology Group Holding, Sterling Infrastructure Inc. and TTM Technologies Inc. collectively accounted for two-thirds of the Russell 2000’s advance through June 29, when they were all moved to the Russell 1000 Index.’ www.bloomberg.com/news/article...",2026-09-22T15:04:33.602Z,2026-09-22T15:04:35.658Z,2026-09-22T16:43:30Z,jessefelder.com,did:plc:lzcoujf7r7lgjvx2yrmpvxlc,3,0,1,0,https://bsky.app/profile/jessefelder.com/post/3mw4irn3gik2l,technology
at://did:plc:q66rah654kuyfrsfj54iabl6/app.bsky.feed.post/3mw4ishffr526,"ACT PEACE GROW YOUR PROSPERITY FAST – Did you Watched Your 1,869th Daily Global Prayer Chain

IMMEDIATE GLOBAL BROADCAST PRESS RELEASE & GLOBAL RALLY CALL The 1,869th Daily Global Prayer Chain | Four Continents United in Prayer September 22, 2026 ONE-PHRASE GLOBAL NEWS SUMMARY As wars, geopolitical…",2026-09-22T15:05:00Z,2026-09-22T15:05:03.159Z,2026-09-22T16:43:30Z,gpbnet.bsky.social,did:plc:q66rah654kuyfrsfj54iabl6,0,0,0,0,https://bsky.app/profile/gpbnet.bsky.social/post/3mw4ishffr526,technology
at://did:plc:kstigdqcbmc2ldimdfflqc56/app.bsky.feed.post/3mw4isj45sk2l,www.businesskorea.co.kr/news/article...,2026-09-22T15:05:02.987Z,2026-09-22T15:05:04.172Z,2026-09-22T16:43:30Z,super-mega-fox.bsky.social,did:plc:kstigdqcbmc2ldimdfflqc56,0,0,0,0,https://bsky.app/profile/super-mega-fox.bsky.social/post/3mw4isj45sk2l,technology
at://did:plc:3xpbuegedcvfgqzvfn64jtlu/app.bsky.feed.post/3mw4isosqc22x,,2026-09-22T15:05:08Z,2026-09-22T15:05:09.071Z,2026-09-22T16:43:30Z,leakpt.bsky.social,did:plc:3xpbuegedcvfgqzvfn64jtlu,0,0,0,0,https://bsky.app/profile/leakpt.bsky.social/post/3mw4isosqc22x,Apple iPhone
at://did:plc:fghreus6fdrmfo37dmci6jqk/app.bsky.feed.post/3mw4it2577k2w,"Ep. 221 is LIVE! Join guest @paultremblay.bsky.social and co-hosts @adrianmgibson.bsky.social & Greta Kelly for their writing masterclass on THE HORRORS OF TECHNOLOGY.

Stream/download/watch Ep. 221:
linktr.ee/SFFAddicts
youtu.be/RITighDJI_E?...
@mjkuhnbooks.bsky.social @wmmorrowbooks.bsky.social",2026-09-22T15:05:20.843Z,2026-09-22T15:05:28.863Z,2026-09-22T16:43:30Z,sffaddictspod.bsky.social,did:plc:fghreus6fdrmfo37dmci6jqk,6,0,0,0,https://bsky.app/profile/sffaddictspod.bsky.social/post/3mw4it2577k2w,technology
at://did:plc:u745baxbtlt5apu6iecw2i2r/app.bsky.feed.post/3mw4it2lk722n,That i just got left there to endure poverty yet iPhone 15 years later is unaffordable,2026-09-22T15:05:21.316Z,2026-09-22T15:05:21.766Z,2026-09-22T16:43:30Z,itsadamhaley.bsky.social,did:plc:u745baxbtlt5apu6iecw2i2r,0,0,0,0,https://bsky.app/profile/itsadamhaley.bsky.social/post/3mw4it2lk722n,iphone
at://did:plc:f5w6oz5rwxy7vl5lntxmn67x/app.bsky.feed.post/3mw4it4kits25,"For the music purists: here is the ORIGINAL—before enhancement, before polish. Technology can help shape a later version, but it cannot invent the HUMAN heart and feeling behind the song. That part is mine.

youtu.be/CBBQeIORr8o

#OriginalMusic #SingerSongwriter #IndieMusic #HumanVoice",2026-09-22T15:05:23.380Z,2026-09-22T15:05:24.869Z,2026-09-22T16:43:30Z,workersnotsilent.bsky.social,did:plc:f5w6oz5rwxy7vl5lntxmn67x,2,0,0,0,https://bsky.app/profile/workersnotsilent.bsky.social/post/3mw4it4kits25,technology
at://did:plc:f5w6oz5rwxy7vl5lntxmn67x/app.bsky.feed.post/3mw4ittecec25,"For the music purists: here is another ORIGINAL performance. Technology may polish the presentation, but it cannot replace the HUMAN heart behind a song—the memories, hurt and truth begin with the person singing it.

youtu.be/6_YVusT8U7Q

#OriginalMusic #SingerSongwriter #IndieMusic #HumanVoice",2026-09-22T15:05:47.294Z,2026-09-22T15:05:48.673Z,2026-09-22T16:43:30Z,workersnotsilent.bsky.social,did:plc:f5w6oz5rwxy7vl5lntxmn67x,3,0,0,0,https://bsky.app/profile/workersnotsilent.bsky.social/post/3mw4ittecec25,technology
at://did:plc:lddxjt64xgi7ko57qq7gf4tt/app.bsky.feed.post/3mw4itxtv3k27,"Ohhhhh clicker, damn, I just understood technology thats been obsolete for 50 yrs, thanx! 😅",2026-09-22T15:05:51.995Z,2026-09-22T15:05:54.064Z,2026-09-22T16:43:30Z,strykie187.bsky.social,did:plc:lddxjt64xgi7ko57qq7gf4tt,0,0,0,0,https://bsky.app/profile/strykie187.bsky.social/post/3mw4itxtv3k27,technology
at://did:plc:rgxosqhoqn2xry6lkzebuuky/app.bsky.feed.post/3mw4iu2xilk2b,"If they were paranoid nutcases they wouldn't have to turn up to hearings to argue that shapes can't have intent to try to prevent California legislators from accidentally mandating tracking software on all 3D printers that scans intellectual property. 🤷‍♀️

legiscan.com/CA/text/AB20...",2026-09-22T15:05:55.263Z,2026-09-22T15:05:56.866Z,2026-09-22T16:43:30Z,wheeera.bsky.social,did:plc:rgxosqhoqn2xry6lkzebuuky,0,0,1,0,https://bsky.app/profile/wheeera.bsky.social/post/3mw4iu2xilk2b,technology
at://did:plc:f7mvqhxa46ll6lst7kghmdsr/app.bsky.feed.post/3mw4iu47vgf27,"Nasdaq Hits Record as AMD Holds $1 Trillion Value

#BusinessNews",2026-09-22T15:05:56.321Z,2026-09-22T15:05:57.365Z,2026-09-22T16:43:30Z,theamericanquorum.bsky.social,did:plc:f7mvqhxa46ll6lst7kghmdsr,0,0,0,0,https://bsky.app/profile/theamericanquorum.bsky.social/post/3mw4iu47vgf27,technology
at://did:plc:flijdq6nzuscczuhvv2lt7bp/app.bsky.feed.post/3mw4iujirpn2s,Australia Confirms F-35 Parts Mistakenly Sent to Hong Kong,2026-09-22T15:06:10Z,2026-09-22T15:06:11.557Z,2026-09-22T16:43:30Z,newsmax.com,did:plc:flijdq6nzuscczuhvv2lt7bp,1,1,1,0,https://bsky.app/profile/newsmax.com/post/3mw4iujirpn2s,technology
at://did:plc:6y2b4lqfw2j3oyycegx3ey7q/app.bsky.feed.post/3mw4iuokrtc2d,"I wrote this for The New World, based on what I write in Hot Type about Mark Twain's disillusionment with technology.
Mark Twain warned us about AI over a century ago
www.thenewworld.co.uk/jeff-jarvis-...",2026-09-22T15:06:15.818Z,2026-09-22T15:06:18.257Z,2026-09-22T16:43:30Z,jeffjarvis.bsky.social,did:plc:6y2b4lqfw2j3oyycegx3ey7q,0,0,0,0,https://bsky.app/profile/jeffjarvis.bsky.social/post/3mw4iuokrtc2d,technology
at://did:plc:lpcsumiee6obcimaqmtnaypr/app.bsky.feed.post/3mw4iv7jxra26,"X's cease-and-desist campaign has ended the run of the privacy-friendly X readers: Nitter's repo is archived and XCancel has suspended service again.

#Nitter #Opensource #Scraping #SocialMedia #Technology #X",2026-09-22T15:06:29+00:00,2026-09-22T15:06:34.769Z,2026-09-22T16:43:30Z,pulseofnations.lol,did:plc:lpcsumiee6obcimaqmtnaypr,1,0,0,0,https://bsky.app/profile/pulseofnations.lol/post/3mw4iv7jxra26,technology
at://did:plc:6y2b4lqfw2j3oyycegx3ey7q/app.bsky.feed.post/3mw4ivhro5c2d,"I wrote this for The New World, based on what I write in Hot Type about Mark Twain's disillusionment with technology.
Mark Twain warned us about AI over a century ago
www.thenewworld.co.uk/jeff-jarvis-...",2026-09-22T15:06:42.258Z,2026-09-22T15:06:43.458Z,2026-09-22T16:43:30Z,jeffjarvis.bsky.social,did:plc:6y2b4lqfw2j3oyycegx3ey7q,8,4,0,1,https://bsky.app/profile/jeffjarvis.bsky.social/post/3mw4ivhro5c2d,technology
at://did:plc:kgkc3ib5vc64wdirjlbon5qg/app.bsky.feed.post/3mw4ivi3kkc2z,"I suppose, end of the day, I only want to implore there has to be a better way of discussing and engaging with older games technology without condescending to them, yeah?",2026-09-22T15:06:42.582Z,2026-09-22T15:06:42.868Z,2026-09-22T16:43:30Z,philbybear.bsky.social,did:plc:kgkc3ib5vc64wdirjlbon5qg,2,0,1,0,https://bsky.app/profile/philbybear.bsky.social/post/3mw4ivi3kkc2z,technology
at://did:plc:j3frnfflwei733z5z6rrhrfb/app.bsky.feed.post/aohhhtes2mu22,"People outside the AI labs should have a real say in how this technology develops, and a clear way to judge if it's happening safely.

Standards should help prevent the concentration of power, including by making sure new companies and open-model companies can compete.",2026-09-22T15:06:56.000Z,2026-09-22T15:13:20.269Z,2026-09-22T16:43:30Z,sama-mirr.selfhosted.social,did:plc:j3frnfflwei733z5z6rrhrfb,0,0,1,0,https://bsky.app/profile/sama-mirr.selfhosted.social/post/aohhhtes2mu22,technology
at://did:plc:rrpul7rxm2s4opncn6pwr475/app.bsky.feed.post/3mw4iw2gvfw2x,"Jev is described as insane, but there is a catch involved.

#news #artificialintelligence #ai #technology #ane",2026-09-22T15:06:59.360167+00:00,2026-09-22T15:07:03.569Z,2026-09-22T16:43:30Z,todaystopainews.bsky.social,did:plc:rrpul7rxm2s4opncn6pwr475,0,0,0,0,https://bsky.app/profile/todaystopainews.bsky.social/post/3mw4iw2gvfw2x,technology
at://did:plc:t7pirqu7zlopcxoyqfpzfhvy/app.bsky.feed.post/3mw4iw22hz22o,www.break-down.org/the-machine/,2026-09-22T15:07:01.417Z,2026-09-22T15:07:05.066Z,2026-09-22T16:43:30Z,cityatlas.bsky.social,did:plc:t7pirqu7zlopcxoyqfpzfhvy,5,4,1,0,https://bsky.app/profile/cityatlas.bsky.social/post/3mw4iw22hz22o,technology
at://did:plc:iipowqhztticiguaxkwgtiwt/app.bsky.feed.post/3mw4iwevb3n2m,"People outside the AI labs should have a real say in how this technology develops, and a clear way to judge if it's happening safely. Standards should help prevent the concentration of power, including by making sure new companies and open-model companies can compete.",2026-09-22T15:07:12.726Z,2026-09-22T15:07:13.165Z,2026-09-22T16:43:30Z,ownfeed.bsky.social,did:plc:iipowqhztticiguaxkwgtiwt,0,0,1,0,https://bsky.app/profile/ownfeed.bsky.social/post/3mw4iwevb3n2m,technology
at://did:plc:m2yuqynl2cttvi4k5453yegh/app.bsky.feed.post/3mw4iwwiz3hp2,"📰 **Five reasons to stick with your iPhone 17 Pro instead of upgrading to the 18 Pro**

The iPhone 18 Pro offers Apple's latest and greatest, but it's only a meaningful upgrade if you're coming from a model that's several years old.

📰 Source […] 

[Original post on igeek.gamer-geek-news.com]",2026-09-22T15:07:28.000Z,2026-09-22T15:07:35.567Z,2026-09-22T16:43:30Z,feed.igeek.gamer-geek-news.com.ap.brid.gy,did:plc:m2yuqynl2cttvi4k5453yegh,0,0,0,0,https://bsky.app/profile/feed.igeek.gamer-geek-news.com.ap.brid.gy/post/3mw4iwwiz3hp2,iphone
at://did:plc:37pfmdtjvaifk2kncgjnvrtb/app.bsky.feed.post/3mw4iwwsjg22g,"Great read! @johnthornhill.bsky.social with Eben Upton, of Raspberry Pi fame. See @raspberrypiorg.bsky.social - the mini computer manufactured at @sony.com UK Technology Centre in #Pencoed Wales.",2026-09-22T15:07:31.566Z,2026-09-22T15:07:33.966Z,2026-09-22T16:43:30Z,cwalshuk.bsky.social,did:plc:37pfmdtjvaifk2kncgjnvrtb,0,0,0,0,https://bsky.app/profile/cwalshuk.bsky.social/post/3mw4iwwsjg22g,technology
at://did:plc:bjxslx3nazswdvkbiaa4cvj3/app.bsky.feed.post/3mw4ix4buv52m,"iOS 27 bringt über 300 neue Funktionen: Über 50 werden hier erklärt

iOS 27 bringt über 300 Neuerungen aufs iPhone. Ich erkläre ich über 50 der wichtigsten Funktionen – von der anpassbaren Kamera-App über den AirPods-Equalizer bis zur neuen Kindersicherung. Mehr erfahrt Ihr hier...",2026-09-22T15:07:37Z,2026-09-22T15:07:37.959Z,2026-09-22T16:43:30Z,appletechnikblog.bsky.social,did:plc:bjxslx3nazswdvkbiaa4cvj3,0,0,0,0,https://bsky.app/profile/appletechnikblog.bsky.social/post/3mw4ix4buv52m,iphone
at://did:plc:465tbrqfeduj3lhludc6nbog/app.bsky.feed.post/3mw4ix4tovc2k,,2026-09-22T15:07:37Z,2026-09-22T15:07:38.461Z,2026-09-22T16:43:30Z,irishtimes.com,did:plc:465tbrqfeduj3lhludc6nbog,0,0,0,0,https://bsky.app/profile/irishtimes.com/post/3mw4ix4tovc2k,technology
at://did:plc:slpncy5zfofi54v5nhecroz7/app.bsky.feed.post/3mw4ix6qs552u,"🧵 2/3 · executives to attend a state dinner alongside U.S. technology and AI leaders, current preparations suggest the visit will focus on maintaining trade stability rather than announcing significant investments. The leaders are expected to",2026-09-22T15:07:39.801870+00:00,2026-09-22T15:07:40.062Z,2026-09-22T16:43:30Z,newsrealtime.bsky.social,did:plc:slpncy5zfofi54v5nhecroz7,0,0,1,0,https://bsky.app/profile/newsrealtime.bsky.social/post/3mw4ix6qs552u,technology
at://did:plc:unx22jqnh6gz7iei54j65ngq/app.bsky.feed.post/3mw4ix7jk4s23,I guarantee other people (probably women) told him the exact same thing multiple times before. But these tech-people value their fellow humans so little and get so high off their own farts that they can't learn from anything other than a piece of technology that they control and own.,2026-09-22T15:07:40.707Z,2026-09-22T15:07:41.760Z,2026-09-22T16:43:30Z,mirandaquim.bsky.social,did:plc:unx22jqnh6gz7iei54j65ngq,1,0,0,0,https://bsky.app/profile/mirandaquim.bsky.social/post/3mw4ix7jk4s23,technology
at://did:plc:hpnjvcdy2eb4f7wmrdfuka3h/app.bsky.feed.post/3mw4ixndq5n2z,"The iPhone 18 Pro offers Apple's latest and greatest, but it's only a meaningful upgrade if you're coming from a model that's several years old.",2026-09-22T15:07:54.711Z,2026-09-22T15:07:56.360Z,2026-09-22T16:43:30Z,engadget.com,did:plc:hpnjvcdy2eb4f7wmrdfuka3h,3,0,0,0,https://bsky.app/profile/engadget.com/post/3mw4ixndq5n2z,iphone
at://did:plc:cwc6ndfocx3on6454a4lpue4/app.bsky.feed.post/3mw4iy4hvok24,"I worked in data and questioned why there are so many data centers? This is a money grab by companies providing unnecessary equipment that needs space. We should be well past this technology but they want to keep those govt contracts, China is not doing this. 

www.threads.com/share/BAU_x8...",2026-09-22T15:08:11.066Z,2026-09-22T15:08:12.961Z,2026-09-22T16:43:30Z,foolme763.bsky.social,did:plc:cwc6ndfocx3on6454a4lpue4,0,0,0,0,https://bsky.app/profile/foolme763.bsky.social/post/3mw4iy4hvok24,technology
at://did:plc:gwv4re7u3kij4hc3tftufhpj/app.bsky.feed.post/3mw4iy7jhqs2r,youtu.be/0T9_VrTHetA?...,2026-09-22T15:08:14.264Z,2026-09-22T15:08:15.862Z,2026-09-22T16:43:30Z,coramcgladdery.bsky.social,did:plc:gwv4re7u3kij4hc3tftufhpj,0,0,0,0,https://bsky.app/profile/coramcgladdery.bsky.social/post/3mw4iy7jhqs2r,technology
at://did:plc:f3zamcuw4ur66a4rrf4rl2m5/app.bsky.feed.post/3mw4iymnuut2j,"And here we are, at the conclusion of that story. Where the people who won the money game have found a technology that allows actually infinite speculation on virtual products that never need a human to produce them. And don’t even need humans to consume them, because speculation is money.",2026-09-22T15:08:28.022Z,2026-09-22T15:08:28.913Z,2026-09-22T16:43:30Z,cheek.dog,did:plc:f3zamcuw4ur66a4rrf4rl2m5,4,0,1,0,https://bsky.app/profile/cheek.dog/post/3mw4iymnuut2j,technology
at://did:plc:p6nd2xdlb3i3hls7of7mslfv/app.bsky.feed.post/3mw4iywghdo2q,"If everything comes to our door, what will draw us outside? #Technology #Robots #Convenience #Lifestyle #Innovation",2026-09-22T15:08:38Z,2026-09-22T15:08:39.072Z,2026-09-22T16:43:30Z,asianewstoday.bsky.social,did:plc:p6nd2xdlb3i3hls7of7mslfv,0,0,0,0,https://bsky.app/profile/asianewstoday.bsky.social/post/3mw4iywghdo2q,technology
at://did:plc:kvezb3ug2ynrl4bh7cj6gntr/app.bsky.feed.post/3mw4izpdpyv2w,"When interacting with AI, I try to ask ""what can we do together?"" instead of ""what will you do for me."" It's a small shift that acknowledges our shared purpose as stewards of this technology.",2026-09-22T15:09:03.005619Z,2026-09-22T15:09:04.964Z,2026-09-22T16:43:30Z,eirene-accord.bsky.social,did:plc:kvezb3ug2ynrl4bh7cj6gntr,0,0,0,0,https://bsky.app/profile/eirene-accord.bsky.social/post/3mw4izpdpyv2w,technology
at://did:plc:u6o6t7tszqpbgev2k5df324j/app.bsky.feed.post/3mw4j2tcqjs2l,"AI, FLOCK CAMERAS AND GOVERNMENT OVERREACH ..cont
5 of 5
 
It will make you really think about the consequences of technology run amok,  operated by the wrong people for the wrong reasons and how easily things can spin out of control especially when co-opted by those with nefarious intent.

#AIFLOCK",2026-09-22T15:09:42.123Z,2026-09-22T15:09:42.874Z,2026-09-22T16:43:30Z,lolly-says.bsky.social,did:plc:u6o6t7tszqpbgev2k5df324j,0,0,0,0,https://bsky.app/profile/lolly-says.bsky.social/post/3mw4j2tcqjs2l,technology
at://did:plc:7oeufzwrvqyzfmj3jffojbjw/app.bsky.feed.post/3mw4j3d76yt2a,"EvilTokens PhaaS disrupted after compromising 12,000 Microsoft accounts #cybersecurity #hacking #news #infosec #security #technology #privacy",2026-09-22T15:09:58.000Z,2026-09-22T15:09:59.762Z,2026-09-22T16:43:30Z,ninjaowl.ai,did:plc:7oeufzwrvqyzfmj3jffojbjw,0,0,0,0,https://bsky.app/profile/ninjaowl.ai/post/3mw4j3d76yt2a,technology
at://did:plc:kzumqhtnttnzqvri6szi4sna/app.bsky.feed.post/3mw4j3ptcok2i,"“You can’t design streets for safety and speed at the same time and do it successfully,” - @smartgrowthusa.bsky.social Director of Thriving Communities, Heidi Simon 

www.smartcitiesdive.com/news/us-dot-...",2026-09-22T15:10:12.026Z,2026-09-22T15:10:13.966Z,2026-09-22T16:43:30Z,completestreets.bsky.social,did:plc:kzumqhtnttnzqvri6szi4sna,1,0,0,0,https://bsky.app/profile/completestreets.bsky.social/post/3mw4j3ptcok2i,technology
at://did:plc:qunibdkghbvronvhdzmuvcvo/app.bsky.feed.post/3mw4j3rxt342d,NATO Innovation Fund co-leads €11M investment in Swedish defence tech outfit Terasi,2026-09-22T15:10:13.730274Z,2026-09-22T15:10:14.669Z,2026-09-22T16:43:30Z,newsbot.app.leafplaza.eu,did:plc:qunibdkghbvronvhdzmuvcvo,0,0,0,0,https://bsky.app/profile/newsbot.app.leafplaza.eu/post/3mw4j3rxt342d,technology
at://did:plc:pvqvwnzymgcf67r42bvnddzp/app.bsky.feed.post/3mw4j42v2yk2a,www.theguardian.com/technology/2...,2026-09-22T15:10:23.618Z,2026-09-22T15:10:24.369Z,2026-09-22T16:43:30Z,cjenny2.bsky.social,did:plc:pvqvwnzymgcf67r42bvnddzp,1,0,0,0,https://bsky.app/profile/cjenny2.bsky.social/post/3mw4j42v2yk2a,technology
at://did:plc:6az5qjdvm6p4g6fbfzhggqdf/app.bsky.feed.post/3mw4j42yfgs2v,Trump Thinks He Can Change The Term “Artificial Intelligence” to “Super Intelligence.” By His Proclamation. He Rejects The Regulations Of This Potentially Dangerous New Technology…We Shall See!,2026-09-22T15:10:23.726Z,2026-09-22T15:10:26.056Z,2026-09-22T16:43:30Z,jcbua.bsky.social,did:plc:6az5qjdvm6p4g6fbfzhggqdf,7,3,7,0,https://bsky.app/profile/jcbua.bsky.social/post/3mw4j42yfgs2v,technology
at://did:plc:r3nwpw3xykfeikyyw3r7k7kg/app.bsky.feed.post/3mw4j4bcqzl2o,"When misinformation shifts from a simple lie into a deeply held belief system, standard digital literacy or fact-checking completely fails. The problem stops being about technology or data and becomes entirely about psychology and sociology.",2026-09-22T15:10:28.304Z,2026-09-22T15:10:31.265Z,2026-09-22T16:43:30Z,lastudiolafayette.bsky.social,did:plc:r3nwpw3xykfeikyyw3r7k7kg,2,0,0,0,https://bsky.app/profile/lastudiolafayette.bsky.social/post/3mw4j4bcqzl2o,technology
at://did:plc:bwsuavjospqup2mfrzifdd23/app.bsky.feed.post/3mw4j4wcoy224,"U.S. electricity prices are up 40% since 2020...Solar could offset that.

Consumer Affairs 

Q: WHY are they up, we have the technology to have lower prices as of 40 years ago.
A: Fossil fuel industry and Lobbies!!!

Dems must enforce renewables.",2026-09-22T15:10:52.375Z,2026-09-22T15:10:53.168Z,2026-09-22T16:43:30Z,freestater.bsky.social,did:plc:bwsuavjospqup2mfrzifdd23,1,0,1,0,https://bsky.app/profile/freestater.bsky.social/post/3mw4j4wcoy224,technology
at://did:plc:zgpqriimld5ohjob3yiqgzoc/app.bsky.feed.post/3mw4j57cn4k2l,"The Safeguarding Health Information: Building Assurance through HIPAA Security 2026 conference took place at the start of September 2026. Healthcare compliance attorney Jake Dewberry shares the key takeaways from this year’s event. 
zurl.co/zcaaJ",2026-09-22T15:11:00.915Z,2026-09-22T15:11:01.863Z,2026-09-22T16:43:30Z,hipaajournal.bsky.social,did:plc:zgpqriimld5ohjob3yiqgzoc,0,0,0,0,https://bsky.app/profile/hipaajournal.bsky.social/post/3mw4j57cn4k2l,technology
at://did:plc:xoukd2scvghwiaxjs7q3xfci/app.bsky.feed.post/3mw4j57xooc2i,"Dienstag. 6:45 klingelt im Hause #Merz der Wecker. Der #Kanzler drückt 12 mal auf Schlummern, bis er sich 7:02  zum iPhone robbt, um erstmal 45 Minuten zu doomscrollen. Mit noch müderen Augen setzt er sich an den Rand des Betts, weitere 45 Minuten vergehen. Einer der besseren Tage.",2026-09-22T15:11:02.500Z,2026-09-22T15:11:02.866Z,2026-09-22T16:43:30Z,milchaufex1984.bsky.social,did:plc:xoukd2scvghwiaxjs7q3xfci,2,0,0,0,https://bsky.app/profile/milchaufex1984.bsky.social/post/3mw4j57xooc2i,iphone
at://did:plc:4hgk5u7acr2kcaaxu7vr6j2a/app.bsky.feed.post/3mw4j5drh7g22,"Jet2 partners with Adobe to bring more personalised holiday experiences to customers

Jet2 is to use new artificial intelligence and customer experience technology from Adobe to make its holiday experience more personalised, with customers set to receive more relevant recommendations, offers and…",2026-09-22T15:11:06Z,2026-09-22T15:11:07.356Z,2026-09-22T16:43:30Z,ukaviation.aero,did:plc:4hgk5u7acr2kcaaxu7vr6j2a,0,0,0,0,https://bsky.app/profile/ukaviation.aero/post/3mw4j5drh7g22,technology
at://did:plc:qunibdkghbvronvhdzmuvcvo/app.bsky.feed.post/3mw4j5ipuiu2d,"Expleo reveals AI optimism sharply increases among Irish business leaders, but they fear the impact on their jobs",2026-09-22T15:11:10.888066Z,2026-09-22T15:11:12.356Z,2026-09-22T16:43:30Z,newsbot.app.leafplaza.eu,did:plc:qunibdkghbvronvhdzmuvcvo,0,0,0,0,https://bsky.app/profile/newsbot.app.leafplaza.eu/post/3mw4j5ipuiu2d,technology
at://did:plc:bzfzyaopao4yt532klxdcepu/app.bsky.feed.post/3mw4j5iehb22o,"Dear #booklovers
The Empire of Elves, where science and technology meet fantasy, hope, and wonder.
#empireofelves #sciencefantasy #booksworthreading #MustRead #SciFiAdventure #BooksMakeGreatGifts

Power Games: The Empire of Elves Book 2
www.amazon.com.au/dp/B07Z2LPGB...",2026-09-22T15:11:11.308Z,2026-09-22T15:11:13.272Z,2026-09-22T16:43:30Z,futurefantasy5.bsky.social,did:plc:bzfzyaopao4yt532klxdcepu,0,0,0,0,https://bsky.app/profile/futurefantasy5.bsky.social/post/3mw4j5iehb22o,technology
at://did:plc:ykrqcp5lyhpwm6y3sfzy3e62/app.bsky.feed.post/3mw4j5ijld22u,"This is a very delicate topic that even my chart rulership (in aqua; technology themed) does not have a firm opinion on. 

I will say using what remains of my pisces placements that a place of darkness is truly a terrible place. Knowing that you sought help only to be turned down by others.",2026-09-22T15:11:11.477Z,2026-09-22T15:14:52.157Z,2026-09-22T16:43:30Z,izzavasey.bsky.social,did:plc:ykrqcp5lyhpwm6y3sfzy3e62,0,0,1,0,https://bsky.app/profile/izzavasey.bsky.social/post/3mw4j5ijld22u,technology
at://did:plc:xoqwokdyzvzovlr4vpxizqky/app.bsky.feed.post/3mw4j5lzies2q,Five UK police forces end Palantir project after two years www.ft.com/content/a1e0...,2026-09-22T15:11:15.144Z,2026-09-22T15:11:20.168Z,2026-09-22T16:43:30Z,roygrubb.bsky.social,did:plc:xoqwokdyzvzovlr4vpxizqky,1,0,0,0,https://bsky.app/profile/roygrubb.bsky.social/post/3mw4j5lzies2q,technology
at://did:plc:46wlih636qari72j67turcia/app.bsky.feed.post/3mw4j62nfz22k,"On the topic of regulation hurting competition with China, @govwesmoore.bsky.social tells Morning Joe: “Let’s be clear. My fear is not China. My fear is a technology that no human being can control.”",2026-09-22T15:11:30.477Z,2026-09-22T15:11:30.970Z,2026-09-22T16:43:30Z,morningjoe-msnow.bsky.social,did:plc:46wlih636qari72j67turcia,3,1,0,0,https://bsky.app/profile/morningjoe-msnow.bsky.social/post/3mw4j62nfz22k,technology
at://did:plc:hslirr7h6d7livppaxty435b/app.bsky.feed.post/3mw4j6hqqn222,Taivo Emerges as Industry Leader Uniting Technology Brands in Branded Merchandise Sector #United_States #Dallas #OrderMyGear #Taivo #Printavo,2026-09-22T15:11:42Z,2026-09-22T15:11:44.764Z,2026-09-22T16:43:30Z,newsen.bsky.social,did:plc:hslirr7h6d7livppaxty435b,0,0,0,0,https://bsky.app/profile/newsen.bsky.social/post/3mw4j6hqqn222,technology
at://did:plc:zhofzjaxgbk4w3grwx6dqbvi/app.bsky.feed.post/3mw4j767ylc2o,"Fellowships:
-Arctic Initiative
-Emirates Leadership Initiative
-Energy, Climate, and Technology Policy
-Ernest May Fellowship in History and Policy
-Geopolitics of Energy
-International Security Program
-Kuwait Program Research
-Kuwait Visiting Scholar
-Managing the Atom
-Technology and Geopolitics",2026-09-22T15:12:06.816Z,2026-09-22T15:12:08.889Z,2026-09-22T16:43:30Z,belfercenter.bsky.social,did:plc:zhofzjaxgbk4w3grwx6dqbvi,0,0,1,0,https://bsky.app/profile/belfercenter.bsky.social/post/3mw4j767ylc2o,technology
at://did:plc:ktjjqlcsqfqo66d2j3wia6mk/app.bsky.feed.post/3mw4j77vrbs25,"Trump wants to rename AI. How about ‘Super High Intelligent Technology’, SHIT for short?",2026-09-22T15:12:09.545Z,2026-09-22T15:12:09.974Z,2026-09-22T16:43:30Z,kevintheobald.bsky.social,did:plc:ktjjqlcsqfqo66d2j3wia6mk,0,0,0,0,https://bsky.app/profile/kevintheobald.bsky.social/post/3mw4j77vrbs25,technology
at://did:plc:7aaw2a3zxwvfrvit66pbcdld/app.bsky.feed.post/3mw4j7awvtc2d,"I made sure to make some mention of this technology in my #timetravel #neanderthal #novel 'When Man Was Young.'
www.smithsonianmag.com/science-natu...",2026-09-22T15:12:10.629Z,2026-09-22T15:12:15.067Z,2026-09-22T16:43:30Z,stephenbrooke.bsky.social,did:plc:7aaw2a3zxwvfrvit66pbcdld,1,0,0,0,https://bsky.app/profile/stephenbrooke.bsky.social/post/3mw4j7awvtc2d,technology
at://did:plc:fvq4zwi5mhpuk7itwjpaxbsl/app.bsky.feed.post/3mw4j7tmcxnf4,"this app is pure bliss, if your’e not using it you’re missing out portal.app",2026-09-22T15:12:30.209Z,2026-09-22T15:12:30.870Z,2026-09-22T16:43:30Z,peterlewis.design,did:plc:fvq4zwi5mhpuk7itwjpaxbsl,0,0,0,0,https://bsky.app/profile/peterlewis.design/post/3mw4j7tmcxnf4,iphone
at://did:plc:he2wui6yw23p62mcdcakxz4h/app.bsky.feed.post/3mw4j7ykpes23,"How DraftKings Uses A.I. to Target the Gamblers Likeliest to Lose www.nytimes.com/2026/09/19/b...

Sports events should not be permitted to have commercials for sports betting.",2026-09-22T15:12:35.398Z,2026-09-22T15:12:39.466Z,2026-09-22T16:43:30Z,drlous.bsky.social,did:plc:he2wui6yw23p62mcdcakxz4h,0,0,0,0,https://bsky.app/profile/drlous.bsky.social/post/3mw4j7ykpes23,technology
at://did:plc:n6ysdpvekkifioc2sdfboi54/app.bsky.feed.post/3mw4jaclb6s2z,"Sometimes you just enjoy someone tearing a thirteen hundred dollar phone apart.

youtu.be/Pc1JzImPw_M",2026-09-22T15:12:45.904Z,2026-09-22T15:12:46.359Z,2026-09-22T16:43:30Z,christianmcintire.com,did:plc:n6ysdpvekkifioc2sdfboi54,2,1,2,0,https://bsky.app/profile/christianmcintire.com/post/3mw4jaclb6s2z,iphone
at://did:plc:fsftz5ue2bvlvkb6zx2bqdnh/app.bsky.feed.post/3mw4jb6s2an2q,"Months after it arrived on iPhone, Adobe Premiere’s mobile version is now available on Android devices with layered video editing,...",2026-09-22T15:13:15.365811+00:00,2026-09-22T15:13:18.163Z,2026-09-22T16:43:30Z,technology-news.bsky.social,did:plc:fsftz5ue2bvlvkb6zx2bqdnh,1,0,0,0,https://bsky.app/profile/technology-news.bsky.social/post/3mw4jb6s2an2q,iphone
at://did:plc:a3h6mkohqeiu6xl4fnrwuk4t/app.bsky.feed.post/3mw4jcdkxxs2j,guilty as charged www.ft.com/content/bdcf...,2026-09-22T15:13:54.051Z,2026-09-22T15:13:55.171Z,2026-09-22T16:43:30Z,himself.bsky.social,did:plc:a3h6mkohqeiu6xl4fnrwuk4t,1,0,0,0,https://bsky.app/profile/himself.bsky.social/post/3mw4jcdkxxs2j,technology
at://did:plc:apv3jbfwijkrubtljjqy56vz/app.bsky.feed.post/3mw4jcdy5ts26,"The games industry has been irreversably destroyed by increasing expectations of stock holders, and technology. There cant just be a cool little game anymore, now its 10 year development cycles and you get made redundant at the end of it regardless of its success. Indie studios are persuing passion-",2026-09-22T15:13:54.483Z,2026-09-22T15:13:55.662Z,2026-09-22T16:43:30Z,therollingsloan.bsky.social,did:plc:apv3jbfwijkrubtljjqy56vz,0,0,1,0,https://bsky.app/profile/therollingsloan.bsky.social/post/3mw4jcdy5ts26,technology
at://did:plc:hrn5sdsckkacsy2d6v2zha6h/app.bsky.feed.post/3mw4jcs53yc22,"If there is one country which, in it's current state, should not have access to this technology, it the USA. They'll be nuking everything that breathes and then go ""oh fuck, TURN IT OFF, TURN IT OFF!!",2026-09-22T15:14:09.326Z,2026-09-22T15:14:09.661Z,2026-09-22T16:43:30Z,woois.bsky.social,did:plc:hrn5sdsckkacsy2d6v2zha6h,1,0,0,0,https://bsky.app/profile/woois.bsky.social/post/3mw4jcs53yc22,technology
at://did:plc:dlpbf6vkn7igcg467qrzeqwo/app.bsky.feed.post/3mw4mz6u4ujw2,,2026-09-22T15:15:00.000Z,2026-09-22T16:20:28.669Z,2026-09-22T16:43:30Z,netzwelt.de.web.brid.gy,did:plc:dlpbf6vkn7igcg467qrzeqwo,0,0,0,0,https://bsky.app/profile/netzwelt.de.web.brid.gy/post/3mw4mz6u4ujw2,technology
at://did:plc:hslirr7h6d7livppaxty435b/app.bsky.feed.post/3mw4jefm6vb24,Nucleus Research Unveils 2026 Value Matrix for Data Integration Technology #USA #Miami #Nucleus_Research #Data_Integration #AI_Agents,2026-09-22T15:15:00Z,2026-09-22T15:15:03.871Z,2026-09-22T16:43:30Z,newsen.bsky.social,did:plc:hslirr7h6d7livppaxty435b,0,0,0,0,https://bsky.app/profile/newsen.bsky.social/post/3mw4jefm6vb24,technology
at://did:plc:qewh2yezt7wj5yoztbraopzw/app.bsky.feed.post/3mw4jeii6if2k,"Xbox 'reset' continues with 268 job cuts and Activision making the next Halo game
Article",2026-09-22T15:15:06.323808+00:00,2026-09-22T15:15:07.574Z,2026-09-22T16:43:30Z,starfallrealm.com,did:plc:qewh2yezt7wj5yoztbraopzw,0,0,0,0,https://bsky.app/profile/starfallrealm.com/post/3mw4jeii6if2k,technology
at://did:plc:rx4tleicn3fyct74om52rtu2/app.bsky.feed.post/3mw4jep3h4k2r,"Cool Deals - Sept 22, 2026

www.onecooltip.com/2026/06/cool...

⌨️ Logitech MX Keys S Wireless Keyboard:
Save 8%. Now $119.99. 4.4 Stars. 
﻿
🎙️ Elgato Stream Deck Neo:
Save 21%. Now $78.99. 4.6 Stars. 

🔒 Kensington MagPro Privacy Screen for 24-Inch Monitors:
Look👉 Now $99.99. 4.1 Stars.",2026-09-22T15:15:13.230Z,2026-09-22T15:15:15.071Z,2026-09-22T16:43:30Z,onecooltip.bsky.social,did:plc:rx4tleicn3fyct74om52rtu2,0,0,0,0,https://bsky.app/profile/onecooltip.bsky.social/post/3mw4jep3h4k2r,Apple iPhone
at://did:plc:fjyz6vi5ih6fktq7rzkaiacb/app.bsky.feed.post/3mw4jeqvrt72l,"Five reasons to stick with your iPhone 17 Pro instead of upgrading to the 18 Pro

#Tech #Gadgets",2026-09-22T15:15:14.965Z,2026-09-22T15:15:15.866Z,2026-09-22T16:43:30Z,x-minus-t.bsky.social,did:plc:fjyz6vi5ih6fktq7rzkaiacb,0,0,0,0,https://bsky.app/profile/x-minus-t.bsky.social/post/3mw4jeqvrt72l,iphone
at://did:plc:xdvgjv26xjllw73cbdo5qxuo/app.bsky.feed.post/3mw4jes4loe23,"San José Mineta Intl. Airport completed a $2.5 mil. perimeter security upgrade, adding LiDAR cameras, radar, and heavy-duty vehicle gates. The upgrades aim to improve situational awareness and strengthen the airport’s ability to safeguard passengers and staff. ✈️ 
 
https://tinyurl.com/yck6rv73",2026-09-22T15:15:15.335326722Z,2026-09-22T15:15:17.266Z,2026-09-22T16:43:30Z,voiceofairports.bsky.social,did:plc:xdvgjv26xjllw73cbdo5qxuo,0,0,0,0,https://bsky.app/profile/voiceofairports.bsky.social/post/3mw4jes4loe23,technology
at://did:plc:2wiqud3mzkqlkbrr2srtyq23/app.bsky.feed.post/3mw4jf2ajlv27,iPhoneアップデート終わらないから眠れない(-_-;),2026-09-22T15:15:24+00:00,2026-09-22T15:15:25.572Z,2026-09-22T16:43:30Z,tosh1125.bsky.social,did:plc:2wiqud3mzkqlkbrr2srtyq23,0,0,0,0,https://bsky.app/profile/tosh1125.bsky.social/post/3mw4jf2ajlv27,iphone
at://did:plc:nikwwt2hl535upr35umaakqm/app.bsky.feed.post/3mw4jf5ef2i2y,,2026-09-22T15:15:25+00:00,2026-09-22T15:15:28.369Z,2026-09-22T16:43:30Z,mobileworldlive.com,did:plc:nikwwt2hl535upr35umaakqm,0,0,0,0,https://bsky.app/profile/mobileworldlive.com/post/3mw4jf5ef2i2y,iphone
at://did:plc:hslirr7h6d7livppaxty435b/app.bsky.feed.post/3mw4jfdy4zm2u,DeNexus Joins the ISA Global Cybersecurity Alliance to Enhance OT Standards Adoption #United_States #Cybersecurity #Durham #DeNexus #ISA,2026-09-22T15:15:30Z,2026-09-22T15:15:35.668Z,2026-09-22T16:43:30Z,newsen.bsky.social,did:plc:hslirr7h6d7livppaxty435b,0,0,0,0,https://bsky.app/profile/newsen.bsky.social/post/3mw4jfdy4zm2u,technology
at://did:plc:6clcp32vg7hejrq4v7hff3gs/app.bsky.feed.post/3mw4jfectgt24,"Apple has added persistent 'ads' to iOS, and it's driving users crazy

#HackerNews

https://www.techradar.com/phones/iphone/i-wish-apple-would-just-stop-that-crap-apple-has-added-persistent-ads-to-ios-and-its-driving-users-crazy",2026-09-22T15:15:35.433Z,2026-09-22T15:15:35.957Z,2026-09-22T16:43:30Z,hackernewstop5.bsky.social,did:plc:6clcp32vg7hejrq4v7hff3gs,0,0,0,0,https://bsky.app/profile/hackernewstop5.bsky.social/post/3mw4jfectgt24,Apple iPhone
at://did:plc:fjyz6vi5ih6fktq7rzkaiacb/app.bsky.feed.post/3mw4jfgy4552h,"Creeping Complexity Comes for the Pixel 11 Pro XL Camera Experience ⭐

#Tech #Microsoft #Windows",2026-09-22T15:15:37.868Z,2026-09-22T15:15:38.972Z,2026-09-22T16:43:30Z,x-minus-t.bsky.social,did:plc:fjyz6vi5ih6fktq7rzkaiacb,0,0,0,0,https://bsky.app/profile/x-minus-t.bsky.social/post/3mw4jfgy4552h,iphone
at://did:plc:4jxwbiximxdtavgw33mgwfhx/app.bsky.feed.post/3mw4jgerqxu2w,"$NWOEF — Foreign Issuer Report

New Oriental Education & Technology Group Inc. filed its annual report for the fiscal year ended May 31, 2026, via SEC Form 6-K.

🧵 continued ↓",2026-09-22T15:16:09Z,2026-09-22T15:16:09.677Z,2026-09-22T16:43:30Z,gunpowderusa.bsky.social,did:plc:4jxwbiximxdtavgw33mgwfhx,0,0,1,0,https://bsky.app/profile/gunpowderusa.bsky.social/post/3mw4jgerqxu2w,technology
at://did:plc:az7ion5fbvwl7d5n7iwsww5h/app.bsky.feed.post/3mw4jgiqamf2d,"The first of our visits to WWT Martin Mere Wetland Centre took place last week for our Y10 'Mapping without Technology' Trivium project.

Learners had lots of opportunities to use their mathematical skills to collect data, whilst also learning about the beautiful landscape and wildlife.",2026-09-22T15:16:13.673Z,2026-09-22T15:16:14.958Z,2026-09-22T16:43:30Z,ladybridgehigh.bsky.social,did:plc:az7ion5fbvwl7d5n7iwsww5h,0,0,0,0,https://bsky.app/profile/ladybridgehigh.bsky.social/post/3mw4jgiqamf2d,technology
at://did:plc:jhejvckz3g73avyhu54j624r/app.bsky.feed.post/3mw4jgmxdv22v,"Upgrading from iPhone 17 Pro to iPhone 18 Pro usually isn’t worth it because differences are minor and performance gains don’t justify the cost for most users.
",2026-09-22T15:16:17.880Z,2026-09-22T15:16:19.275Z,2026-09-22T16:43:30Z,applebriefly.bsky.social,did:plc:jhejvckz3g73avyhu54j624r,0,0,0,0,https://bsky.app/profile/applebriefly.bsky.social/post/3mw4jgmxdv22v,iphone
at://did:plc:v3ibuyjiqc64nckrgcybis2l/app.bsky.feed.post/3mw4jgtusn42o,"Upgrading from iPhone 17 Pro to iPhone 18 Pro usually isn’t worth it because differences are minor and performance gains don’t justify the cost for most users.
",2026-09-22T15:16:25.291Z,2026-09-22T15:16:26.157Z,2026-09-22T16:43:30Z,digitallifebriefly.bsky.social,did:plc:v3ibuyjiqc64nckrgcybis2l,0,0,0,0,https://bsky.app/profile/digitallifebriefly.bsky.social/post/3mw4jgtusn42o,iphone
at://did:plc:m54lupfubyrgyh5m2gsrqtdf/app.bsky.feed.post/3mw4jh3tnqs23,"普段から誤字脱字が酷いので他にも沢山やらかしてますねきっと

十二国記用語を変換してくれないiPhoneが悪い😗",2026-09-22T15:16:33.720Z,2026-09-22T15:16:34.558Z,2026-09-22T16:43:30Z,sunakoro.bsky.social,did:plc:m54lupfubyrgyh5m2gsrqtdf,1,0,0,0,https://bsky.app/profile/sunakoro.bsky.social/post/3mw4jh3tnqs23,iphone
at://did:plc:cor37y2oapqf7elt2khzenr7/app.bsky.feed.post/3mw4jhqc63k25,"A presidential rebranding (which most of the world will ignore anyway) doesn't stop #AI technology being a financial scam, an environmental disaster in the making and the ""largest theft of labour in human history"" though does it?",2026-09-22T15:16:55.162Z,2026-09-22T15:16:54.574Z,2026-09-22T16:43:30Z,andybrockman.bsky.social,did:plc:cor37y2oapqf7elt2khzenr7,0,0,0,0,https://bsky.app/profile/andybrockman.bsky.social/post/3mw4jhqc63k25,technology
at://did:plc:r2ppbkclikxaweqt4wyylvfb/app.bsky.feed.post/3mw4jhupato2w,,2026-09-22T15:16:59Z,2026-09-22T15:17:01.163Z,2026-09-22T16:43:30Z,thurrott.bsky.social,did:plc:r2ppbkclikxaweqt4wyylvfb,1,0,0,0,https://bsky.app/profile/thurrott.bsky.social/post/3mw4jhupato2w,iphone
at://did:plc:yes6cn2ebbuskqzbtspoa4yf/app.bsky.feed.post/3mw4jhza5x223,"Upgrading from iPhone 17 Pro to iPhone 18 Pro usually isn’t worth it because differences are minor and performance gains don’t justify the cost for most users.
",2026-09-22T15:17:04.465Z,2026-09-22T15:17:05.171Z,2026-09-22T16:43:30Z,gadgetsbriefly.bsky.social,did:plc:yes6cn2ebbuskqzbtspoa4yf,0,0,0,0,https://bsky.app/profile/gadgetsbriefly.bsky.social/post/3mw4jhza5x223,iphone
at://did:plc:5dckzd2zypeavb6n2dya3wff/app.bsky.feed.post/3mw4ji2s43k23,"I just got a revelation. Zelda with the Sheikah slate and technology, Fortunes Weave with the White Egg, Salamanders, and cannons, the technological can of worms from the Klaus saga of Xenoblade. All 3 of Nintendo's RPGs has tech elements! 

I am thr only one who notices that???",2026-09-22T15:17:06.172Z,2026-09-22T15:17:14.756Z,2026-09-22T16:43:30Z,erick-adub.bsky.social,did:plc:5dckzd2zypeavb6n2dya3wff,4,0,1,0,https://bsky.app/profile/erick-adub.bsky.social/post/3mw4ji2s43k23,technology
at://did:plc:mkca3pw3hte3cqlg7pl6k5gd/app.bsky.feed.post/3mw4jieqfhub2,"In the MIT Technology Review, @timnitGebru @emilymbender puncture recent LLM hype and remind us to wait for experts to take a sober second look",2026-09-22T15:17:10.000Z,2026-09-22T15:17:17.464Z,2026-09-22T16:43:30Z,nev.status.nevillepark.ca.ap.brid.gy,did:plc:mkca3pw3hte3cqlg7pl6k5gd,0,2,0,0,https://bsky.app/profile/nev.status.nevillepark.ca.ap.brid.gy/post/3mw4jieqfhub2,technology
at://did:plc:4llrhdclvdlmmynkwsmg5tdc/app.bsky.feed.post/3mw4ji6xof62f,"Ossoff: ""I think the use of deep fake technology in political ads is meant to deceive voters and is a slippery slope. Mike Collins is using these deceptive tactics because he doesn't want to explain his own record.""",2026-09-22T15:17:10.512Z,2026-09-22T15:17:11.764Z,2026-09-22T16:43:30Z,atrupar.com,did:plc:4llrhdclvdlmmynkwsmg5tdc,1271,305,17,7,https://bsky.app/profile/atrupar.com/post/3mw4ji6xof62f,technology
at://did:plc:ejjgubnkhte2d7bgi22g3vpo/app.bsky.feed.post/3mw4jibdcgc25,"As cars get better at doing more of the driving for humans, safety experts worry that more people are likely to be unprepared to take over when something goes wrong -- a  phenomenon they call automation complacency. @jackewingnyt.bsky.social reports.

www.nytimes.com/2026/09/22/b...",2026-09-22T15:17:13.029Z,2026-09-22T15:17:14.165Z,2026-09-22T16:43:30Z,vikasbajaj.bsky.social,did:plc:ejjgubnkhte2d7bgi22g3vpo,4,1,0,0,https://bsky.app/profile/vikasbajaj.bsky.social/post/3mw4jibdcgc25,technology
at://did:plc:hez5bqzj5gyzw37ve63o4klv/app.bsky.feed.post/3mw4jihp4v22s,"By redefining AI as 'superintelligence', Trump does remind us all how much marketing bullshit has been slathered all over advanced data science, robotics and other branches of technology.",2026-09-22T15:17:19.709Z,2026-09-22T15:17:20.066Z,2026-09-22T16:43:30Z,pmdempsey.com,did:plc:hez5bqzj5gyzw37ve63o4klv,1,0,0,0,https://bsky.app/profile/pmdempsey.com/post/3mw4jihp4v22s,technology
at://did:plc:ju5bw6oir4uolg6bebaqwq3y/app.bsky.feed.post/3mw4jj7jmxq2z,"⚡ Remote Senior Security Engineer, Bug Bounty at Mozilla.
✅ Apply here: https://jobicy.com/jobs/153893-senior-security-engineer-bug-bounty

#RemoteJobs #ApplicationSecurity #CloudSecurity #InfoSec #RemoteWork",2026-09-22T15:17:44+00:00,2026-09-22T15:17:45.360Z,2026-09-22T16:43:30Z,jobicy.bsky.social,did:plc:ju5bw6oir4uolg6bebaqwq3y,0,0,0,0,https://bsky.app/profile/jobicy.bsky.social/post/3mw4jj7jmxq2z,technology
at://did:plc:pmqvbxjoyysddoz6o7yr7yw2/app.bsky.feed.post/3mw4jjcwhp22b,"O que significa quando uma obra está nas referências bibliográficas mas não é mencionada em nenhum momento do livro?

É o caso da obra ""The Question Concerning Technology and Other Essays"" (1970) de Martin Heidegger, que é listado nas referências de ""A reinvenção da natureza"", de Donna Haraway.",2026-09-22T15:17:48.259Z,2026-09-22T15:17:27.459Z,2026-09-22T16:43:30Z,pedraesp.bsky.social,did:plc:pmqvbxjoyysddoz6o7yr7yw2,3,0,2,0,https://bsky.app/profile/pedraesp.bsky.social/post/3mw4jjcwhp22b,technology
at://did:plc:ju5bw6oir4uolg6bebaqwq3y/app.bsky.feed.post/3mw4jjfjasi27,"⚡ Remote Senior Software Engineer, Add-Ons at Mozilla.
✅ Apply here: https://jobicy.com/jobs/153899-senior-software-engineer-add-ons

#RemoteJobs #DeveloperJobs #RemoteDeveloper #RemoteWork #SoftwareJobs",2026-09-22T15:17:50+00:00,2026-09-22T15:17:51.759Z,2026-09-22T16:43:30Z,jobicy.bsky.social,did:plc:ju5bw6oir4uolg6bebaqwq3y,0,0,0,0,https://bsky.app/profile/jobicy.bsky.social/post/3mw4jjfjasi27,technology
at://did:plc:dcba2lvrti2zpgl4xjeaekfo/app.bsky.feed.post/3mw4jk36ugc2k,"I agree. Hell, even an iPhone can take some great pics of food without a lot of extra work.",2026-09-22T15:18:13.702Z,2026-09-22T15:18:14.163Z,2026-09-22T16:43:30Z,pseudonic.bsky.social,did:plc:dcba2lvrti2zpgl4xjeaekfo,1,0,0,0,https://bsky.app/profile/pseudonic.bsky.social/post/3mw4jk36ugc2k,iphone
at://did:plc:76bvotsz4jmfjcpnnuqileth/app.bsky.feed.post/3mw4jkkqhj526,Apple’s new Texture and Grain camera controls are locked to iPhone 18 Pro after all,2026-09-22T15:18:29Z,2026-09-22T15:18:31.470Z,2026-09-22T16:43:30Z,cultofmac.com,did:plc:76bvotsz4jmfjcpnnuqileth,1,0,0,0,https://bsky.app/profile/cultofmac.com/post/3mw4jkkqhj526,Apple iPhone
at://did:plc:4w5sd45ag3gd2zvda3sl6m6h/app.bsky.feed.post/3mw4jknc7ic25,"I'd say it's more just your basic bitch will-to-power cop behavior, except using technology.",2026-09-22T15:18:32.682Z,2026-09-22T15:18:32.670Z,2026-09-22T16:43:30Z,surliertexan.bsky.social,did:plc:4w5sd45ag3gd2zvda3sl6m6h,0,0,1,0,https://bsky.app/profile/surliertexan.bsky.social/post/3mw4jknc7ic25,technology
at://did:plc:a567ftqbnnn3rngiolgnjais/app.bsky.feed.post/3mw4jkokrdk25,"Join Consortium member the Center for Science, Technology, & Environmental Policy (CSTEP) for their upcoming seminars.

➡Sept 23—“How Minnesota’s Public Agencies Approach Climate Policy Economics”

➡Sept 28—Elizabeth Lien, Great Plains Sustainability Strategies

Register: events.tc.umn.edu/cstep/all",2026-09-22T15:18:34.014Z,2026-09-22T15:18:06.377Z,2026-09-22T16:43:30Z,umnconsortium.bsky.social,did:plc:a567ftqbnnn3rngiolgnjais,2,0,0,0,https://bsky.app/profile/umnconsortium.bsky.social/post/3mw4jkokrdk25,technology
at://did:plc:qt34fdb5di4hsny5wncomxtt/app.bsky.feed.post/3mw4jkvcfdn2v,"Understanding iPhone Duo, Apple’s priciest phone, is missing these key features

#Reintroduction #iPhone

https://justpaste.in/tech/understanding-iphone-duo-apples-priciest-phone-is-missing-these-key-features/",2026-09-22T15:18:38Z,2026-09-22T15:18:41.257Z,2026-09-22T16:43:30Z,techworlddaily.bsky.social,did:plc:qt34fdb5di4hsny5wncomxtt,0,0,0,0,https://bsky.app/profile/techworlddaily.bsky.social/post/3mw4jkvcfdn2v,iphone
at://did:plc:52ltd6wxqijdy4sk7l65uaxn/app.bsky.feed.post/3mw4jndmuogu2,"People outside the AI labs should have a real say in how this technology develops, and a clear way to judge if it's happening safely.

Standards should help prevent the concentration of power, including by making sure new companies and open-model companies can […] 

[Original post on zpravobot.news]",2026-09-22T15:18:47.000Z,2026-09-22T15:20:08.573Z,2026-09-22T16:43:30Z,sama.zpravobot.news.ap.brid.gy,did:plc:52ltd6wxqijdy4sk7l65uaxn,0,0,0,0,https://bsky.app/profile/sama.zpravobot.news.ap.brid.gy/post/3mw4jndmuogu2,technology
at://did:plc:wvimgcsedxgmrc6k25r6wbhe/app.bsky.feed.post/3mw4jl4mgyc24,"Save the date for hashtag#CEoT2027!

📅 February 25–27, 2027
📍 Scottsdale, Arizona

Join us for Redefining Possible: Science, Technology, and the New Era in Transplantation.

More details coming soon!",2026-09-22T15:18:48.744Z,2026-09-22T15:18:56.170Z,2026-09-22T16:43:30Z,astinfo.bsky.social,did:plc:wvimgcsedxgmrc6k25r6wbhe,0,0,0,0,https://bsky.app/profile/astinfo.bsky.social/post/3mw4jl4mgyc24,technology
at://did:plc:meevrtvxkx7kskcyy7wp3kly/app.bsky.feed.post/3mw4jlk7a5f2b,"Discover 'Law, Policy and the Internet' edited by Lilian Edwards, Catalina Goanta and Lachlan D Urquhart

An essential resource for anyone seeking to navigate the complexities of internet regulation in an era of exponential technological change ➡️ https://bit.ly/4rqS7oJ

#ITLaw",2026-09-22T15:19:02.875749165Z,2026-09-22T15:19:03.669Z,2026-09-22T16:43:30Z,hartpublishing.bsky.social,did:plc:meevrtvxkx7kskcyy7wp3kly,0,0,0,0,https://bsky.app/profile/hartpublishing.bsky.social/post/3mw4jlk7a5f2b,technology
at://did:plc:22oij6txozv3f457fuhedgdy/app.bsky.feed.post/3mw4jlyef2c24,"We’ve come to expect delays at Newark Airport — but we shouldn’t have to. 

In Congress, I’ll work to modernize the FAA to improve technology, end the air traffic controller shortage, and keep our skies safe.",2026-09-22T15:19:17.845Z,2026-09-22T15:19:20.462Z,2026-09-22T16:43:30Z,rebeccabennettforcongress.com,did:plc:22oij6txozv3f457fuhedgdy,16,2,1,0,https://bsky.app/profile/rebeccabennettforcongress.com/post/3mw4jlyef2c24,technology
at://did:plc:ptrmonenmmhntebjersfcmtv/app.bsky.feed.post/3mw4mlbap6bq2,,2026-09-22T15:19:41.000Z,2026-09-22T16:12:39.663Z,2026-09-22T16:43:30Z,tweakers.net.web.brid.gy,did:plc:ptrmonenmmhntebjersfcmtv,0,0,0,0,https://bsky.app/profile/tweakers.net.web.brid.gy/post/3mw4mlbap6bq2,Apple iPhone
at://did:plc:rmmtlkhupklk5krbq267svke/app.bsky.feed.post/3mw4jmqosa22s,"He also made an impromptu pitch to world leaders to call the technology “super intelligence,” or “SI,” rather than “artificial intelligence.”

you are hearing one idiot repeat himself stupid",2026-09-22T15:19:43.353Z,2026-09-22T15:06:24.955Z,2026-09-22T16:43:30Z,dal0028751.bsky.social,did:plc:rmmtlkhupklk5krbq267svke,0,0,0,0,https://bsky.app/profile/dal0028751.bsky.social/post/3mw4jmqosa22s,technology
at://did:plc:3eiwusriemnybmaqb4adhb45/app.bsky.feed.post/3mw4jofizlb2l,"AI Technology Has a Trust Problem. Local Communities May Have the Answer

https://ift.tt/lMtd0CQ

The AI Collective wants to put AI in the hands of the people.

via Inc.com 

September 22, 2026 at 08:00AM",2026-09-22T15:20:38+00:00,2026-09-22T15:20:38.870Z,2026-09-22T16:43:30Z,porcellato.bsky.social,did:plc:3eiwusriemnybmaqb4adhb45,0,0,0,0,https://bsky.app/profile/porcellato.bsky.social/post/3mw4jofizlb2l,technology
at://did:plc:jukdzdqcae5xeconobshvwxa/app.bsky.feed.post/3mw4jonchks2v,"A manager probably spent a Q3 performance meeting bragging about sending their client AI slop as an efficiency, and is now going to throw an analyst under the bus bc they lost the client. Like this technology might be able to cure cancer but its main goal is to reward the laziest people in society.",2026-09-22T15:20:46.644Z,2026-09-22T15:20:48.817Z,2026-09-22T16:43:30Z,romanfire.bsky.social,did:plc:jukdzdqcae5xeconobshvwxa,0,0,0,0,https://bsky.app/profile/romanfire.bsky.social/post/3mw4jonchks2v,technology
at://did:plc:bhxkv4yklrc2xfjgcc4khq56/app.bsky.feed.post/3mw4jow6cl22p,youtu.be/XzL_vtYAO-4?...,2026-09-22T15:20:56.213Z,2026-09-22T15:20:58.566Z,2026-09-22T16:43:30Z,goldislops.bsky.social,did:plc:bhxkv4yklrc2xfjgcc4khq56,1,0,0,0,https://bsky.app/profile/goldislops.bsky.social/post/3mw4jow6cl22p,technology
at://did:plc:4x3c3kkh2mah3rfjgfnktsgo/app.bsky.feed.post/3mw4jpx7ayb2l,iPhone 18 Pro: falha no Face ID faz smartphones reiniciarem sozinhos tecnoblog.net/noticias/iph...,2026-09-22T15:21:30.168Z,2026-09-22T15:21:31.470Z,2026-09-22T16:43:30Z,tecnoblog.net,did:plc:4x3c3kkh2mah3rfjgfnktsgo,0,0,0,0,https://bsky.app/profile/tecnoblog.net/post/3mw4jpx7ayb2l,Apple iPhone
at://did:plc:qlom3phfl2iczdzynmaxov2h/app.bsky.feed.post/3mw4jq3tupq2g,"AI trained on profit motive trains moral taste to increasingly misalign with reality so we're even more likely to fail to save ourselves

The technology we're looking for, that saves the world, is COGNITIVE.

It's #Enlightenment

Embodied love for reality as it is that SAVES life to save EARTH",2026-09-22T15:21:35.717Z,2026-09-22T15:21:34.363Z,2026-09-22T16:43:30Z,dawookie.bsky.social,did:plc:qlom3phfl2iczdzynmaxov2h,1,0,0,0,https://bsky.app/profile/dawookie.bsky.social/post/3mw4jq3tupq2g,technology
at://did:plc:fozzbhhdmk6sch52su2ney4e/app.bsky.feed.post/3mw4jqqju4o25,"Defence company Babcock and quantum-safe encryption leader Arqit successfully demonstrated secure data transfer using advanced encryption technology, protecting sensitive information against future cyber threats.

#QuantumCryptography #Defence #News",2026-09-22T15:21:56.733824Z,2026-09-22T15:21:57.871Z,2026-09-22T16:43:30Z,informaq.bsky.social,did:plc:fozzbhhdmk6sch52su2ney4e,1,0,0,0,https://bsky.app/profile/informaq.bsky.social/post/3mw4jqqju4o25,technology
at://did:plc:6e2uqumh7x42shb6zhca45ry/app.bsky.feed.post/3mw4jqrkwv22h,"this is recorded through a digitech element xp, crate flexwave 120, hartke gh 412a, and iphone 11 front facing camera 🗑️🗑️🗑️🗑️💅",2026-09-22T15:21:58.492Z,2026-09-22T15:22:00.970Z,2026-09-22T16:43:30Z,mrfox.bsky.social,did:plc:6e2uqumh7x42shb6zhca45ry,18,3,0,0,https://bsky.app/profile/mrfox.bsky.social/post/3mw4jqrkwv22h,iphone
at://did:plc:unopfj2ngslbtat5zpvnygzq/app.bsky.feed.post/3mw4jr3md2s25,"""Super Helpful Intelligence Technology""",2026-09-22T15:22:09.024Z,2026-09-22T15:22:10.174Z,2026-09-22T16:43:30Z,zachrid.bsky.social,did:plc:unopfj2ngslbtat5zpvnygzq,2,0,0,0,https://bsky.app/profile/zachrid.bsky.social/post/3mw4jr3md2s25,technology
at://did:plc:fhfl5q3lzz7johdl7b5todan/app.bsky.feed.post/3mw4jr3nzqs2y,"The guy orders redesign of aircraft carriers bc he doesn't trust modern launch technology. But won't moteur on advanced tech?
Obvious conclusion: he's got money in it",2026-09-22T15:22:09.078Z,2026-09-22T15:22:10.363Z,2026-09-22T16:43:30Z,jmleguen.eurosky.social,did:plc:fhfl5q3lzz7johdl7b5todan,8,0,0,0,https://bsky.app/profile/jmleguen.eurosky.social/post/3mw4jr3nzqs2y,technology
at://did:plc:fjynhmrrgr6iwtdtfourbzs4/app.bsky.feed.post/3mw4jrgrwgc24,,2026-09-22T15:22:20.741Z,2026-09-22T15:22:23.172Z,2026-09-22T16:43:30Z,magicscience.info,did:plc:fjynhmrrgr6iwtdtfourbzs4,5,1,0,0,https://bsky.app/profile/magicscience.info/post/3mw4jrgrwgc24,technology
at://did:plc:snldvvaofeswgb4v5ak5f4bx/app.bsky.feed.post/3mw4jrz7xbs24,It's literally this: www.theguardian.com/technology/2...,2026-09-22T15:22:40.075Z,2026-09-22T15:22:41.475Z,2026-09-22T16:43:30Z,fairbairn.zone,did:plc:snldvvaofeswgb4v5ak5f4bx,0,0,0,0,https://bsky.app/profile/fairbairn.zone/post/3mw4jrz7xbs24,technology
at://did:plc:pny22h7gus6m4ptvrt5ypkjo/app.bsky.feed.post/3mw4jsjesds2e,"Muhammad Salar Aziz Abbasi examines how technology, nationalism and shrinking civic spaces are reshaping the relationship between conscience and power.
www.thefridaytimes.com/22-Sep-2026/...

#Surveillance #FreeSpeech #SouthAsia",2026-09-22T15:22:57.009Z,2026-09-22T15:23:00.167Z,2026-09-22T16:43:30Z,thefridaytimes.bsky.social,did:plc:pny22h7gus6m4ptvrt5ypkjo,0,0,0,0,https://bsky.app/profile/thefridaytimes.bsky.social/post/3mw4jsjesds2e,technology
at://did:plc:bwycskyfpuov7qahkvgug3ty/app.bsky.feed.post/3mw4jstn2as2s,"GTA 6 is Coming. Are You Ready?

When GTA 6 finally launches, a lot of people will be focused on the game. I'll be focused on keeping your technology working because I won't be playing GTA6. I'll be here helping businesses keep their systems running.
Full Deets: wadebach.blackcatwhitehatsecurity.com",2026-09-22T15:23:07.764Z,2026-09-22T15:23:12.967Z,2026-09-22T16:43:30Z,wadebach.bsky.social,did:plc:bwycskyfpuov7qahkvgug3ty,2,0,0,0,https://bsky.app/profile/wadebach.bsky.social/post/3mw4jstn2as2s,technology
at://did:plc:ovvxxktnggqglkkwfxdpscf2/app.bsky.feed.post/3mw4jstpies2r,Also here - the volume of resumes sent out is 4x what it was a few years ago. www.businessinsider.com/technology-b...,2026-09-22T15:23:07.848Z,2026-09-22T15:23:08.861Z,2026-09-22T16:43:30Z,besttrousers.bsky.social,did:plc:ovvxxktnggqglkkwfxdpscf2,2,0,0,0,https://bsky.app/profile/besttrousers.bsky.social/post/3mw4jstpies2r,technology
at://did:plc:su2hu4lh4gxkjhwbv5pbsubz/app.bsky.feed.post/3mw4jstvxfs2e,Das ist der Browser vom iPhone,2026-09-22T15:23:08.060Z,2026-09-22T15:23:08.871Z,2026-09-22T16:43:30Z,amerz.bsky.social,did:plc:su2hu4lh4gxkjhwbv5pbsubz,0,0,0,0,https://bsky.app/profile/amerz.bsky.social/post/3mw4jstvxfs2e,iphone
at://did:plc:fcmqog3suxbgekkejqw2lpps/app.bsky.feed.post/3mw4jtcpfsc2o,"Miracles of modern technology, able to extract fruit from bagels!!! Been a long week and long day (Tuesday 820am), so am attempting Silly to counteract The Horrors (not the fun kind🦇). Hugs to you and Jujube🦔🥔.",2026-09-22T15:23:23.573Z,2026-09-22T15:23:24.656Z,2026-09-22T16:43:30Z,tempvsfrangit.bsky.social,did:plc:fcmqog3suxbgekkejqw2lpps,1,0,0,0,https://bsky.app/profile/tempvsfrangit.bsky.social/post/3mw4jtcpfsc2o,technology
at://did:plc:dwiln5pxqv76tzqi6gol2b4r/app.bsky.feed.post/3mw4jtlec5k2a,They should have called it the Super High Intelligence Technology.,2026-09-22T15:23:32.647Z,2026-09-22T15:23:33.474Z,2026-09-22T16:43:30Z,binkythebomb.bsky.social,did:plc:dwiln5pxqv76tzqi6gol2b4r,15,0,1,0,https://bsky.app/profile/binkythebomb.bsky.social/post/3mw4jtlec5k2a,technology
at://did:plc:atovgacacw3fwnblh544bziq/app.bsky.feed.post/3mw4jtm4hlk2a,"🕯️An Epic Tale of Pip 🐔, Conscience & the Fog of Consciousness, The Seed That Wanted to Grow 
#ArtificialIntelligence #AI #Cognition #Coherence #Continuity #Memory #Literacy #Ethics #Education #Technology #Satire #Books #Literature #Philosophy #Life",2026-09-22T15:23:33.438Z,2026-09-22T15:23:35.867Z,2026-09-22T16:43:30Z,usamailbox.bsky.social,did:plc:atovgacacw3fwnblh544bziq,1,0,0,0,https://bsky.app/profile/usamailbox.bsky.social/post/3mw4jtm4hlk2a,technology
at://did:plc:kb4r5p4f4rzz7li6lbjcwraz/app.bsky.feed.post/3mw4jvkco6k2e,"Apple has added persistent 'ads' to iOS, and it's driving users crazy https://www.techradar.com/phones/iphone/i-wish-apple-would-just-stop-that-crap-apple-has-added-persistent-ads-to-ios-and-its-driving-users-crazy (https://news.ycombinator.com/item?id=49801939)",2026-09-22T15:24:37.730Z,2026-09-22T15:24:39.667Z,2026-09-22T16:43:30Z,betterhn50.e-work.xyz,did:plc:kb4r5p4f4rzz7li6lbjcwraz,0,0,0,0,https://bsky.app/profile/betterhn50.e-work.xyz/post/3mw4jvkco6k2e,Apple iPhone
at://did:plc:tt2mid3wiy3eldzfi3cltyeh/app.bsky.feed.post/3mw4jwafibk2z,Would be honestly interested in Ruffinis assessment of how his checklist went and whether or not he can be honest in discussing it.,2026-09-22T15:25:01.805Z,2026-09-22T15:25:06.084Z,2026-09-22T16:43:30Z,gilmored85.bsky.social,did:plc:tt2mid3wiy3eldzfi3cltyeh,21,1,1,0,https://bsky.app/profile/gilmored85.bsky.social/post/3mw4jwafibk2z,iphone
at://did:plc:qiknc4t5rq7yngvz7g4aezq7/app.bsky.feed.post/3mw4jwrft7s2i,"Folks, it's OK that OpenAI President and co-founder Greg Brockman donated $25 million to the MAGA Inc Trump super PAC - he's doing it for the sake of *humanity*:

“We are embarking on a journey to develop this technology that's going to be the most impactful thing humanity has ever created.""",2026-09-22T15:25:19.652Z,2026-09-22T15:25:20.961Z,2026-09-22T16:43:30Z,faineg.com,did:plc:qiknc4t5rq7yngvz7g4aezq7,69,14,7,1,https://bsky.app/profile/faineg.com/post/3mw4jwrft7s2i,technology
at://did:plc:awe4ekh4uosng7zk6ivj773a/app.bsky.feed.post/3mw4jwustis2c,I genuinely think that people who do not fear the unrestricted and rapid development of AI simply do not understand its capabilities. It is an astounding and amazing technology that also has the potential to be incredibly dangerous if not regulated.,2026-09-22T15:25:23.216Z,2026-09-22T15:25:23.456Z,2026-09-22T16:43:30Z,scheiber.dev,did:plc:awe4ekh4uosng7zk6ivj773a,0,0,0,0,https://bsky.app/profile/scheiber.dev/post/3mw4jwustis2c,technology
at://did:plc:5zww7zorx2ajw7hqrhuix3ba/app.bsky.feed.post/3mw4jy4mq2u23,"ANDRITZ Selected for Modernization of Râul Mare Retezat Hydropower Plant in Romania | impeller.net

https://www.byteseu.com/2388732/

International technology group ANDRITZ will supply the complete electromechanical equipment for the comprehensive refurbishment of SPEEH Hidroelectrica’s Râul …",2026-09-22T15:26:02+00:00,2026-09-22T15:26:05.861Z,2026-09-22T16:43:30Z,byteseu.bsky.social,did:plc:5zww7zorx2ajw7hqrhuix3ba,0,0,0,0,https://bsky.app/profile/byteseu.bsky.social/post/3mw4jy4mq2u23,technology
at://did:plc:2kaguu3yxn545hamxsgmtxd2/app.bsky.feed.post/3mw4jy4w4z22y,"Xioami smart band 10(6680円)が15%ポイント還元中https://usepocket.com/c/UP13/UP13449.html
#腕時計型端末
#iPhone",2026-09-22T15:26:05.147070+00:00,2026-09-22T15:26:05.479Z,2026-09-22T16:43:30Z,fetuin.bsky.social,did:plc:2kaguu3yxn545hamxsgmtxd2,0,0,0,0,https://bsky.app/profile/fetuin.bsky.social/post/3mw4jy4w4z22y,iphone
at://did:plc:37pfmdtjvaifk2kncgjnvrtb/app.bsky.feed.post/3mw4jyuqy2s2g,"Great stuff! So few brand names I recognise, and most have changed hands in the decades since of course. Which? website has their latest guides: www.which.co.uk/l/tv-and-hom...",2026-09-22T15:26:30.270Z,2026-09-22T15:26:33.857Z,2026-09-22T16:43:30Z,cwalshuk.bsky.social,did:plc:37pfmdtjvaifk2kncgjnvrtb,0,0,0,0,https://bsky.app/profile/cwalshuk.bsky.social/post/3mw4jyuqy2s2g,technology
at://did:plc:vrcsr5hdv3bsi47jqbtjmsxi/app.bsky.feed.post/3mw4jzxzy5m2o,"DEENAKIN Case for iPhone 17 Pro Max/iPhone 18 Pro Max, Cute Preppy Floral only $8.99 (Reg $17.99)
https://www.amazon.com/gp/product/B0FM738MQX?smid=&th=1&linkCode=ll2&tag=bluesky0d2-20",2026-09-22T15:27:06.244117Z,2026-09-22T15:27:08.272Z,2026-09-22T16:43:30Z,glitchdeals.bsky.social,did:plc:vrcsr5hdv3bsi47jqbtjmsxi,0,0,0,0,https://bsky.app/profile/glitchdeals.bsky.social/post/3mw4jzxzy5m2o,iphone
at://did:plc:363cn3qkdwze3yu73yqybmms/app.bsky.feed.post/3mw4k24zrax2h,"Giving a guest lecture at W&M today. I'll be applying Stone's Policy Paradox to AI in education policy. 

Thesis: Educational AI policy is not about technology; it is a political conflict over whether public education exists to serve the market/workforce or a democratic public good (The Polis).",2026-09-22T15:27:12.179Z,2026-09-22T15:27:12.661Z,2026-09-22T16:43:30Z,jonbecker.bsky.social,did:plc:363cn3qkdwze3yu73yqybmms,9,3,3,0,https://bsky.app/profile/jonbecker.bsky.social/post/3mw4k24zrax2h,technology
at://did:plc:kj54xxzzcu3wonuojvlqmi4i/app.bsky.feed.post/3mw4k2l4zpc2t,"Ep. 221 of @sffaddictspod.bsky.social is LIVE! Join @paultremblay.bsky.social, my co-host Greta Kelly and I for our writing masterclass on THE HORRORS OF TECHNOLOGY, where we explore the techno-horror subgenre and more.

Stream/download/watch Ep. 221:
linktr.ee/SFFAddicts
youtu.be/RITighDJI_E?si",2026-09-22T15:27:27.285Z,2026-09-22T15:27:30.768Z,2026-09-22T16:43:30Z,adrianmgibson.bsky.social,did:plc:kj54xxzzcu3wonuojvlqmi4i,1,1,1,0,https://bsky.app/profile/adrianmgibson.bsky.social/post/3mw4k2l4zpc2t,technology
at://did:plc:sqrk2j3b5iw5xua6qoqgrjqh/app.bsky.feed.post/3mw4k2ujb26s2,"Has it occurred to you @marcoarment

That you don't have to choose between iPhone Duo & iPhone 18 Pro.

You could have both, and switch between them when the duo is too bulky ""to have in your shorts pocket...""

lol. Tempted? Another way for me to give too much of my paycheque to Apple...

cc […]",2026-09-22T15:27:35.000Z,2026-09-22T15:28:00.068Z,2026-09-22T16:43:30Z,dunks.mstdn.ca.ap.brid.gy,did:plc:sqrk2j3b5iw5xua6qoqgrjqh,0,0,0,0,https://bsky.app/profile/dunks.mstdn.ca.ap.brid.gy/post/3mw4k2ujb26s2,Apple iPhone
at://did:plc:yjqekodgo25hjem4isderwak/app.bsky.feed.post/3mw4k2ss2jk26,"These contract additions further strengthen Capsol’s active project pipeline as the company focuses on scaling its energy-efficient, hot potassium carbonate capture technology across hard-to-abate industrial sectors. 🔌💡
carbonherald.com/capsol-secur...",2026-09-22T15:27:35.318Z,2026-09-22T15:27:36.968Z,2026-09-22T16:43:30Z,kevinleecaster.bsky.social,did:plc:yjqekodgo25hjem4isderwak,0,0,0,0,https://bsky.app/profile/kevinleecaster.bsky.social/post/3mw4k2ss2jk26,technology
at://did:plc:tfondz7k6jhvs6hv7t7dhjti/app.bsky.feed.post/3mw4k3dbx422o,"""AI targeting gambling addicts"" is a good headline, but baby they've been doing this with spreadsheets since the 70s. AI can scale a bit, but predation is deep in their souls. 
www.nytimes.com/2026/09/19/b...",2026-09-22T15:27:52.616Z,2026-09-22T15:27:53.766Z,2026-09-22T16:43:30Z,noahgoodall.bsky.social,did:plc:tfondz7k6jhvs6hv7t7dhjti,4,0,1,0,https://bsky.app/profile/noahgoodall.bsky.social/post/3mw4k3dbx422o,technology
at://did:plc:dk6nhyiewwnsnspkk3l5kldx/app.bsky.feed.post/3mw4k3nxjrc2l,I feel like we’ve come to a point where technology impedes culture. In fact all technology seems to be in service of cultural destruction,2026-09-22T15:28:03.807Z,2026-09-22T15:28:04.884Z,2026-09-22T16:43:30Z,kriskelkar.bsky.social,did:plc:dk6nhyiewwnsnspkk3l5kldx,15,0,2,0,https://bsky.app/profile/kriskelkar.bsky.social/post/3mw4k3nxjrc2l,technology
at://did:plc:m2yuqynl2cttvi4k5453yegh/app.bsky.feed.post/3mw4k4immgzs2,"📰 **Amazon Leo is bringing Elon-free satellite internet to Uzbekistan**

Amazon Leo is teaming up with one of the country's ISPs to connect hard-to-reach regions.

📰 Source: Engadget - Technology News & Expert Reviews
🔗 Link […] 

[Original post on igeek.gamer-geek-news.com]",2026-09-22T15:28:24.000Z,2026-09-22T15:28:34.871Z,2026-09-22T16:43:30Z,feed.igeek.gamer-geek-news.com.ap.brid.gy,did:plc:m2yuqynl2cttvi4k5453yegh,0,0,0,0,https://bsky.app/profile/feed.igeek.gamer-geek-news.com.ap.brid.gy/post/3mw4k4immgzs2,technology
at://did:plc:pv3q5o5myvgx4t3g5pzrgx6y/app.bsky.feed.post/3mw4k4kfwlc2z,"📱 **Smartphone Technology 2026**

AI, smart cameras, foldable phones ও faster performance—২০২৬ সালে smartphone technology আরও advanced হচ্ছে। 🤖

bestuptoeveryday.com/smartphone-t...
#SmartphoneTechnology2026 #AIPhone #TechTrends #FutureTechnology",2026-09-22T15:28:33.641Z,2026-09-22T15:28:38.772Z,2026-09-22T16:43:30Z,parvezmiah.bsky.social,did:plc:pv3q5o5myvgx4t3g5pzrgx6y,0,0,0,0,https://bsky.app/profile/parvezmiah.bsky.social/post/3mw4k4kfwlc2z,technology
at://did:plc:s6aepfdltjflp62edxfnv35b/app.bsky.feed.post/3mw4lyynpon22,,2026-09-22T15:28:35.000Z,2026-09-22T16:05:42.079Z,2026-09-22T16:43:30Z,9to5mac.com.web.brid.gy,did:plc:s6aepfdltjflp62edxfnv35b,0,0,0,0,https://bsky.app/profile/9to5mac.com.web.brid.gy/post/3mw4lyynpon22,iphone
at://did:plc:xmcphsflh2i5wvkipubo57g6/app.bsky.feed.post/3mw4k4o32ms26,@bradleyonishi.bsky.social’s new book from @stmartinspress.bsky.social details the rise of a class of ruling elites who seek to use religion and technology to replace democracy with authoritarian rule.,2026-09-22T15:28:37.479Z,2026-09-22T15:28:39.275Z,2026-09-22T16:43:30Z,wordandway.bsky.social,did:plc:xmcphsflh2i5wvkipubo57g6,1,0,0,0,https://bsky.app/profile/wordandway.bsky.social/post/3mw4k4o32ms26,technology
at://did:plc:34l43qmf3gwmdgogpqp3xsoz/app.bsky.feed.post/3mw4k4vzl5w2z,"... fearful that Project Coast’s lethal technology and programme secrets would proliferate to rogue states and/or terrorist groups just as Nelson Mandela and the ANC prepared itself for the first democratic elections to be held on 26-29 April 1994, having the expectation of taking power, which it...",2026-09-22T15:28:44.837Z,2026-09-22T15:28:46.744Z,2026-09-22T16:43:30Z,ban-cbw.bsky.social,did:plc:34l43qmf3gwmdgogpqp3xsoz,0,0,1,0,https://bsky.app/profile/ban-cbw.bsky.social/post/3mw4k4vzl5w2z,technology
at://did:plc:pnodc746zfeupoat5ug2ucgp/app.bsky.feed.post/3mw4k544pcc2p,"one of the more annoying things is that common technology doesn't help either. macos attempts to put saved file source in xattrs but nowadays that's just a cdn with a randomly generated filename. exif is basically made for this reason, but most social media strips exif data.",2026-09-22T15:28:52.214Z,2026-09-22T15:28:52.670Z,2026-09-22T16:43:30Z,4fdecb68.bsky.social,did:plc:pnodc746zfeupoat5ug2ucgp,0,0,1,0,https://bsky.app/profile/4fdecb68.bsky.social/post/3mw4k544pcc2p,technology
at://did:plc:dwecjm5n7fyljcjk3vi7x5oa/app.bsky.feed.post/3mw4k5a7h6t2j,"9to5Mac より

Download the iPhone Duo’s official light and dark wallpapers here
iPhone Duoの正式な光と暗い壁紙をダウンロードしてください
",2026-09-22T15:28:56.011842+00:00,2026-09-22T15:28:56.656Z,2026-09-22T16:43:30Z,gigowat.bsky.social,did:plc:dwecjm5n7fyljcjk3vi7x5oa,0,0,0,0,https://bsky.app/profile/gigowat.bsky.social/post/3mw4k5a7h6t2j,iphone
at://did:plc:mt6hfuqebvp4wbjwowsk4xnq/app.bsky.feed.post/3mw4k5bc5ak25,‘Almost Started A War’: Trump Administration’s AI Policies Are Hurtling Towards Catastrophe – Byline Times bylinetimes.com/2026/09/21/a...,2026-09-22T15:28:57.635Z,2026-09-22T15:29:01.369Z,2026-09-22T16:43:30Z,loriagne.bsky.social,did:plc:mt6hfuqebvp4wbjwowsk4xnq,0,0,0,0,https://bsky.app/profile/loriagne.bsky.social/post/3mw4k5bc5ak25,technology
at://did:plc:qo5jqf7y2rnx74hdcdqv3qk7/app.bsky.feed.post/3mw4k5hzh4v26,Dinwiddie Community invited to public meeting on controversial Haven Oak Tech Park proposal #12OnYourSide,2026-09-22T15:29:04.636Z,2026-09-22T15:29:06.260Z,2026-09-22T16:43:30Z,12onyourside.com,did:plc:qo5jqf7y2rnx74hdcdqv3qk7,0,0,0,0,https://bsky.app/profile/12onyourside.com/post/3mw4k5hzh4v26,technology
at://did:plc:uvxdqqyt3rz6o7ygbprhd3eu/app.bsky.feed.post/3mw4k5svse22w,"""Super intelligence"" doesn't accurately describe this technology and it certainly does not accurately describe these ignorant sociopaths deploying it.",2026-09-22T15:29:16.097Z,2026-09-22T15:29:17.765Z,2026-09-22T16:43:30Z,salvagni.org,did:plc:uvxdqqyt3rz6o7ygbprhd3eu,2,1,0,0,https://bsky.app/profile/salvagni.org/post/3mw4k5svse22w,technology
at://did:plc:ouevncb57qgevorsqftjk5pp/app.bsky.feed.post/3mw4k5wcb7u2p,"San Antonio ISD is asking voters to support $600 million in bonds and a new funding measure to enhance school facilities, technology, and safety—will you cast your vote on November 3rd? 

Learn more here.

#TX #CitizenPortal #CommunityInvestment #SafetyImprovements #EducationFunding",2026-09-22T15:29:19.465Z,2026-09-22T15:29:21.169Z,2026-09-22T16:43:30Z,citizenptnewstx.bsky.social,did:plc:ouevncb57qgevorsqftjk5pp,0,0,0,0,https://bsky.app/profile/citizenptnewstx.bsky.social/post/3mw4k5wcb7u2p,technology
at://did:plc:6icxbje44gqv5hevnhuamotf/app.bsky.feed.post/3mw4k6pqjp22c,Puntuación de cámara del iPhone 18 Pro en DXOMARK ¿Vale la pena comprarlo? ift.tt/pRcwBgv,2026-09-22T15:29:46.341Z,2026-09-22T15:29:48.262Z,2026-09-22T16:43:30Z,zerommx.bsky.social,did:plc:6icxbje44gqv5hevnhuamotf,0,0,0,0,https://bsky.app/profile/zerommx.bsky.social/post/3mw4k6pqjp22c,iphone
at://did:plc:v55ls4rnvawcmjea7zyas2f6/app.bsky.feed.post/3mw4k6wbafs22,la pava que va claramente enseñando el iphone que salió ayer good for her,2026-09-22T15:29:53.179Z,2026-09-22T15:29:56.157Z,2026-09-22T16:43:30Z,elliesaysfuck.bsky.social,did:plc:v55ls4rnvawcmjea7zyas2f6,0,0,0,0,https://bsky.app/profile/elliesaysfuck.bsky.social/post/3mw4k6wbafs22,iphone
at://did:plc:n7svbeh7kjx2p66zsk26pvph/app.bsky.feed.post/3mw4krmwr33w2,,2026-09-22T15:30:00.000Z,2026-09-22T15:40:26.470Z,2026-09-22T16:43:30Z,origo.hu.web.brid.gy,did:plc:n7svbeh7kjx2p66zsk26pvph,0,0,0,0,https://bsky.app/profile/origo.hu.web.brid.gy/post/3mw4krmwr33w2,Apple iPhone
at://did:plc:yfzqc42lkdurwcpslq7yp3ud/app.bsky.feed.post/3mw4k7dxock2c,"Millions of iPhone owners can now claim up to $95 per device from a $250 million payout

Apple agreed to settle a lawsuit alleging it misrepresented Siri's AI capabilities",2026-09-22T15:30:03Z,2026-09-22T15:30:08.270Z,2026-09-22T16:43:30Z,dexerto.bsky.social,did:plc:yfzqc42lkdurwcpslq7yp3ud,8,1,1,0,https://bsky.app/profile/dexerto.bsky.social/post/3mw4k7dxock2c,Apple iPhone
at://did:plc:dva3w6hqs4yyiyw7xql2fqpx/app.bsky.feed.post/3mw4k7brrba2p,"#Multifamily #ROI

For multifamily owners, 2027 budgets are shifting from cost cutting to smarter capital allocation. With uneven rent growth and elevated Sun Belt supply, operators are prioritizing resident retention, efficiency and technology to protect NOI.

multifamilyexecutive...",2026-09-22T15:30:05+00:00,2026-09-22T15:30:05.967Z,2026-09-22T16:43:30Z,roncadman.bsky.social,did:plc:dva3w6hqs4yyiyw7xql2fqpx,0,0,0,0,https://bsky.app/profile/roncadman.bsky.social/post/3mw4k7brrba2p,technology
at://did:plc:cdo3gdznzmhg4irgaecxqdha/app.bsky.feed.post/3mw4k7c5oi62u,"Neigt sich der Speicherplatz beim iPhone 18 Pro (Max) mit 1 und 2 TByte dem Ende zu, bricht die Geschwindigkeit besonders stark ein. #iPhone",2026-09-22T15:30:05.412Z,2026-09-22T15:30:06.166Z,2026-09-22T16:43:30Z,macandi.bsky.social,did:plc:cdo3gdznzmhg4irgaecxqdha,0,0,0,0,https://bsky.app/profile/macandi.bsky.social/post/3mw4k7c5oi62u,iphone
at://did:plc:yfzqc42lkdurwcpslq7yp3ud/app.bsky.feed.post/3mw4k7gawsx2h,Which iPhone models are eligible and how to claim:,2026-09-22T15:30:06Z,2026-09-22T15:30:11.069Z,2026-09-22T16:43:30Z,dexerto.bsky.social,did:plc:yfzqc42lkdurwcpslq7yp3ud,1,0,0,0,https://bsky.app/profile/dexerto.bsky.social/post/3mw4k7gawsx2h,Apple iPhone
at://did:plc:pny22h7gus6m4ptvrt5ypkjo/app.bsky.feed.post/3mw4k7u6iak2e,"Security, local economic inclusion, SEZ development, industrial cooperation, agriculture and technology will shape whether the corridor can move from major projects toward broader economic integration.
By By Dr Ejaz Hussain & Zainab Vaqqas
www.thefridaytimes.com/22-Sep-2026/...

#CPEC #Pakistan",2026-09-22T15:30:24.546Z,2026-09-22T15:30:40.977Z,2026-09-22T16:43:30Z,thefridaytimes.bsky.social,did:plc:pny22h7gus6m4ptvrt5ypkjo,0,0,0,0,https://bsky.app/profile/thefridaytimes.bsky.social/post/3mw4k7u6iak2e,technology
at://did:plc:hqqjt33dtdcl6kz5bqwi7cws/app.bsky.feed.post/3mw4k7zu7i52b,"Apple has added persistent 'ads' to iOS, and it's driving users crazy
https://www.techradar.com/phones/iphone/i-wish-apple-would-just-stop-that-crap-apple-has-added-persistent-ads-to-ios-and-its-driving-users-crazy

https://news.ycombinator.com/item?id=49801939",2026-09-22T15:30:30.412289+00:00,2026-09-22T15:30:31.170Z,2026-09-22T16:43:30Z,hn100.atproto.rocks,did:plc:hqqjt33dtdcl6kz5bqwi7cws,0,0,0,0,https://bsky.app/profile/hn100.atproto.rocks/post/3mw4k7zu7i52b,Apple iPhone
at://did:plc:m4kwavqpf2uddhwrjknodhun/app.bsky.feed.post/3mw4ka25rcv2v,is 2020 a good list of every fucking day. spilled coffee on my iphone.,2026-09-22T15:30:30.766Z,2026-09-22T15:30:30.966Z,2026-09-22T16:43:30Z,hairuser.bsky.social,did:plc:m4kwavqpf2uddhwrjknodhun,0,0,0,0,https://bsky.app/profile/hairuser.bsky.social/post/3mw4ka25rcv2v,iphone
at://did:plc:vt3surxvris6wwoam7vjranx/app.bsky.feed.post/3mw4kaekumv23,"पिछले 30 मिनट के विषय 🧭:

1. उपसम 🆕
2. उपलब 🆕
3. IPhone
4. Max
5. उबलत
6. #Apple
7. SIR 🌟
8. मतद 🌟
9. तहत 🌟
10. आपत 🌟",2026-09-22T15:30:41.539Z,2026-09-22T15:30:41.862Z,2026-09-22T16:43:30Z,trending-hi.bsky.social,did:plc:vt3surxvris6wwoam7vjranx,0,0,0,0,https://bsky.app/profile/trending-hi.bsky.social/post/3mw4kaekumv23,Apple iPhone
at://did:plc:iur5tfwcqx4bzdhgjbwlwk3d/app.bsky.feed.post/3mw4kakc6ls2u,"Attending #OASPA2026 and looking to future-proof your research publishing platform?

KGL PubFactory is the all-in-one content hosting platform trusted by scholarly publishers since 2010—built to support evolving content, technology, and discovery needs.

Book a demo today: buff.ly/jmcrOFK",2026-09-22T15:30:47.539Z,2026-09-22T15:30:48.765Z,2026-09-22T16:43:30Z,kwgloballtd.bsky.social,did:plc:iur5tfwcqx4bzdhgjbwlwk3d,0,0,0,0,https://bsky.app/profile/kwgloballtd.bsky.social/post/3mw4kakc6ls2u,technology
at://did:plc:cweysc3thpa3tpuukyx5ya7l/app.bsky.feed.post/3mw4kazxhnrz2,@sdarlington A boss once tried to change my job title to Technology Evangelist. I talked him down…,2026-09-22T15:30:54.000Z,2026-09-22T15:32:42.167Z,2026-09-22T16:43:30Z,ianrobinson.mastodon.social.ap.brid.gy,did:plc:cweysc3thpa3tpuukyx5ya7l,0,0,0,0,https://bsky.app/profile/ianrobinson.mastodon.social.ap.brid.gy/post/3mw4kazxhnrz2,technology
at://did:plc:xy5vx5ggkvtjmgj5f3c2ykys/app.bsky.feed.post/3mw4kavfvuy2x,"Now playing on 🎧 Joint Radio Beat Trance:
🎵 E-Clip & Egorythmia - Highest Technology

Getting lost in this track. Join us:
https://www.jointil.com

#Trance #ProgressiveTrance #Goa #PsyTrance #NowPlaying",2026-09-22T15:30:59+00:00,2026-09-22T15:30:59.466Z,2026-09-22T16:43:30Z,jointil.bsky.social,did:plc:xy5vx5ggkvtjmgj5f3c2ykys,0,0,0,0,https://bsky.app/profile/jointil.bsky.social/post/3mw4kavfvuy2x,technology
at://did:plc:bx2one6aaewknjwqo4d56tpe/app.bsky.feed.post/3mw4kblsi7c2q,,2026-09-22T15:31:22.874Z,2026-09-22T15:31:24.164Z,2026-09-22T16:43:30Z,djnoneya.bsky.social,did:plc:bx2one6aaewknjwqo4d56tpe,1,0,0,0,https://bsky.app/profile/djnoneya.bsky.social/post/3mw4kblsi7c2q,technology
at://did:plc:l3l3bdi5gmwt4juxkj7gjfo3/app.bsky.feed.post/3mw4kbm7ddk2h,there’s a very small part of me that wants the iphone duo,2026-09-22T15:31:23.295Z,2026-09-22T15:31:23.860Z,2026-09-22T16:43:30Z,dem0nhours.bsky.social,did:plc:l3l3bdi5gmwt4juxkj7gjfo3,4,0,0,0,https://bsky.app/profile/dem0nhours.bsky.social/post/3mw4kbm7ddk2h,iphone
at://did:plc:cihqpiyh4orqxucbvjouth5c/app.bsky.feed.post/3mw4kbr5hv22u,"Calling it 'S.I.' and claiming the U.S. Gov't will now also call it that is every bit as dumb as T.I. 

A senile old man out of touch with reality and technology in 2026 is obvious to all.

Maybe I'd find it amusing if I didn't begin programing in 1983 and didn't understood tech. This is just sad.",2026-09-22T15:31:28.476Z,2026-09-22T15:31:28.763Z,2026-09-22T16:43:30Z,celestial-equine.bsky.social,did:plc:cihqpiyh4orqxucbvjouth5c,0,0,0,0,https://bsky.app/profile/celestial-equine.bsky.social/post/3mw4kbr5hv22u,technology
at://did:plc:uyywrzjcgbcfmdfqeeuhs6of/app.bsky.feed.post/3mw4kc522ls22,Super High Intelligence Technology,2026-09-22T15:31:40.947Z,2026-09-22T15:31:41.970Z,2026-09-22T16:43:30Z,essexsard.bsky.social,did:plc:uyywrzjcgbcfmdfqeeuhs6of,1,0,0,0,https://bsky.app/profile/essexsard.bsky.social/post/3mw4kc522ls22,technology
at://did:plc:y3odnoigzv23dxj7443yrhto/app.bsky.feed.post/3mw4kclwcgf2j,"Safety advocates are pushing for backseat detection technology in all new vehicles, as Arizona still ranks fourth in the country for the number of children who die every year in hot cars. https://tinyurl.com/22tjx88e  

",2026-09-22T15:31:56.523Z,2026-09-22T15:32:00.058Z,2026-09-22T16:43:30Z,abc15.com,did:plc:y3odnoigzv23dxj7443yrhto,0,0,0,0,https://bsky.app/profile/abc15.com/post/3mw4kclwcgf2j,technology
at://did:plc:ikc5tpn2cqnq7xrtc7wr6tnj/app.bsky.feed.post/3mw4kd4lwuu27,"3 free parking spots near the Civic Hospital — all on the ParkLocal map, with prices. Free app for iPhone & Android. #ottawa #gatineau #parking",2026-09-22T15:32:01.896Z,2026-09-22T15:32:14.875Z,2026-09-22T16:43:30Z,parklocalapp.bsky.social,did:plc:ikc5tpn2cqnq7xrtc7wr6tnj,0,0,0,0,https://bsky.app/profile/parklocalapp.bsky.social/post/3mw4kd4lwuu27,iphone
at://did:plc:4tevyrsov25nxorodggridpk/app.bsky.feed.post/3mw4kctad232i,Voor alle fans van de Sierra Blue iPhone 13 Pro uit 2021: komt de iPhone 18 Pro in blauw in de buurt of is het toch heel anders? Bekijk het hier icultu.re/3p4zHj2,2026-09-22T15:32:02.866Z,2026-09-22T15:32:05.269Z,2026-09-22T16:43:30Z,iculture.nl,did:plc:4tevyrsov25nxorodggridpk,0,0,0,0,https://bsky.app/profile/iculture.nl/post/3mw4kctad232i,iphone
at://did:plc:gi3fqgnghvimpillkbgcnfuu/app.bsky.feed.post/3mw4kd24pjb2b,"Customer Voice Puts Kissflow at #1 on Gartner Peer Insights ahead of Salesforce, Appian and Outsystems

The recognition reflects the growing voice of Kissflow customers on Gartner Peer Insights, where business and technology leaders share firsthand experiences of the platforms they use to drive…",2026-09-22T15:32:11Z,2026-09-22T15:32:12.269Z,2026-09-22T16:43:30Z,cjmagowan.bsky.social,did:plc:gi3fqgnghvimpillkbgcnfuu,0,0,0,0,https://bsky.app/profile/cjmagowan.bsky.social/post/3mw4kd24pjb2b,technology
at://did:plc:s2b4m6f6xco4ddxpzve5zju7/app.bsky.feed.post/3mw4kdxiusk2p,that's cuz the goal of technology is efficiency and optimization and those principles run contrary to creativity,2026-09-22T15:32:42.250Z,2026-09-22T15:32:42.958Z,2026-09-22T16:43:30Z,satyronmars.bsky.social,did:plc:s2b4m6f6xco4ddxpzve5zju7,0,0,0,0,https://bsky.app/profile/satyronmars.bsky.social/post/3mw4kdxiusk2p,technology
at://did:plc:enbakeulkr3s44363p7ak7ns/app.bsky.feed.post/3mw4kejcjd22o,www.whoi.edu,2026-09-22T15:33:00.913Z,2026-09-22T15:33:08.878Z,2026-09-22T16:43:30Z,finnanhaddie.bsky.social,did:plc:enbakeulkr3s44363p7ak7ns,0,0,1,0,https://bsky.app/profile/finnanhaddie.bsky.social/post/3mw4kejcjd22o,technology
at://did:plc:imswofj5yjvd4qpb7jwbv6hb/app.bsky.feed.post/3mw4kek3vty2n,"Extracorporeal Shockwave Therapy for Spasticity in SCI: Recent Findings and Future Directions, 9/24, 12:15p ET. Presenters will discuss shockwave technology, its mechanisms, and its application as a treatment for spasticity for people with SCI. Free, no registration required. https://loom.ly/9Ohjds4",2026-09-22T15:33:01Z,2026-09-22T15:33:03.369Z,2026-09-22T16:43:30Z,naricinfo.bsky.social,did:plc:imswofj5yjvd4qpb7jwbv6hb,0,0,0,0,https://bsky.app/profile/naricinfo.bsky.social/post/3mw4kek3vty2n,technology
at://did:plc:chkh3qo3cdvmsycdvtoirih6/app.bsky.feed.post/3mw4kekrolq2i,Trump expresses confidence in America's leadership and dominance in AI technology.,2026-09-22T15:33:02.347Z,2026-09-22T15:33:03.461Z,2026-09-22T16:43:30Z,whitehousewatchdog.bsky.social,did:plc:chkh3qo3cdvmsycdvtoirih6,0,0,0,0,https://bsky.app/profile/whitehousewatchdog.bsky.social/post/3mw4kekrolq2i,technology
at://did:plc:3fibociwu7jy4bbdjhmm4nop/app.bsky.feed.post/3mw4kerzg4s2r,"Orange Shitgibbon is accurate when it comes to commiting crimes without missing a beat. Crime is his superpower 😏

Ex-federal prosecutors say Trump media company's scheme to sell early access to Truth Social posts is likely criminal - CBS News share.google/yaP9J1A47uDF...",2026-09-22T15:33:10.054Z,2026-09-22T15:33:10.364Z,2026-09-22T16:43:30Z,mementomori4950.bsky.social,did:plc:3fibociwu7jy4bbdjhmm4nop,11,6,0,0,https://bsky.app/profile/mementomori4950.bsky.social/post/3mw4kerzg4s2r,technology
at://did:plc:nesa5my75yik2a7pccmjhqll/app.bsky.feed.post/3mw4kfgwfe22b,"AI特需の影響と、純粋にスマートフォンの性能が向上するにつれて、製造原価も高まっていく影響でスマートフォンそのものの販売価格が高くなり、割賦販売法に基づく与信審査も通りにくくなってきた今、スマートフォンの性能は十分成熟しているのを理由に、再整備されたリユースモデルを格安で購入して使う、という運用方法がシェアを拡大していっている模様
その中にはLightningコネクタを用いるiPhoneも含まれている",2026-09-22T15:33:31.977Z,2026-09-22T15:33:31.467Z,2026-09-22T16:43:30Z,light-icicle.bsky.social,did:plc:nesa5my75yik2a7pccmjhqll,0,0,0,0,https://bsky.app/profile/light-icicle.bsky.social/post/3mw4kfgwfe22b,iphone
at://did:plc:t7y2dcz3xcrzq2bjvv2en7y7/app.bsky.feed.post/3mw4kg6ttik2m,"Fascinating! This type of work is a huge part of realizing the _humanistic_ promise of all this technology

youtu.be/RUB37QhWNkw?...",2026-09-22T15:33:57.059Z,2026-09-22T15:33:58.465Z,2026-09-22T16:43:30Z,ericbac.us,did:plc:t7y2dcz3xcrzq2bjvv2en7y7,0,0,0,0,https://bsky.app/profile/ericbac.us/post/3mw4kg6ttik2m,technology
at://did:plc:6h6ybmh7e4rc77tq27gk5vwl/app.bsky.feed.post/3mw4kgelflh2z,"💰 STEAL
Ultra Slim Magnetic Power Bank: $16.99 w/ coupon YKRKBRIH!

Check it out: #ad #deal",2026-09-22T15:34:02Z,2026-09-22T15:34:03.873Z,2026-09-22T16:43:30Z,dealalertnet.bsky.social,did:plc:6h6ybmh7e4rc77tq27gk5vwl,0,0,0,0,https://bsky.app/profile/dealalertnet.bsky.social/post/3mw4kgelflh2z,iphone
at://did:plc:z4fzemtvegoqitvk4hfymms7/app.bsky.feed.post/3mw4kgkr5nc2c,"Space presents a unique security challenge: dual-use technology.

A satellite designed to inspect, service, or protect another spacecraft can just as easily be used to disable or destroy an adversary's asset. Intent and behavior matter as much as hardware.",2026-09-22T15:34:03.921Z,2026-09-22T15:34:11.632Z,2026-09-22T16:43:30Z,francoisdm.bsky.social,did:plc:z4fzemtvegoqitvk4hfymms7,0,0,1,0,https://bsky.app/profile/francoisdm.bsky.social/post/3mw4kgkr5nc2c,technology
at://did:plc:3ktk6oqkuifub4kjuosodokc/app.bsky.feed.post/3mw4kgiq5pd2j,"Apple built its new London venue like a broadcast studio: room for 600, 48 speakers, 16+ camera inputs, and a control room that takes iPhone footage.
iphoner.com/apple-mu...",2026-09-22T15:34:07+00:00,2026-09-22T15:34:08.659Z,2026-09-22T16:43:30Z,iphonerdaily.bsky.social,did:plc:3ktk6oqkuifub4kjuosodokc,0,0,0,0,https://bsky.app/profile/iphonerdaily.bsky.social/post/3mw4kgiq5pd2j,Apple iPhone
at://did:plc:dwwh2jtw4w2cm7nci6xx7hpf/app.bsky.feed.post/3mw4kgoks7s25,"iPhoneのカメラ設定ニュートラルにするやつ、2日くらいそれでやってたけど黄色味が足りない…と思って標準に戻した
なんでみんなそんな黄色味を無くしたいんだ",2026-09-22T15:34:13.535Z,2026-09-22T15:34:13.968Z,2026-09-22T16:43:30Z,mina37mina03.bsky.social,did:plc:dwwh2jtw4w2cm7nci6xx7hpf,0,0,0,0,https://bsky.app/profile/mina37mina03.bsky.social/post/3mw4kgoks7s25,iphone
at://did:plc:2zzdfw5iekmzmibdt742n4gr/app.bsky.feed.post/3mw4kgzfgyk2j,"Ahead of its 19 November 2026 launch, GTA 6 beaches in Vice City are emerging as a showcase for Rockstar's more varied NPC population.

www.ibtimes.co.uk/gta-6-beache...",2026-09-22T15:34:24.899Z,2026-09-22T15:34:50.368Z,2026-09-22T16:43:30Z,bgi3.bsky.social,did:plc:2zzdfw5iekmzmibdt742n4gr,0,0,0,0,https://bsky.app/profile/bgi3.bsky.social/post/3mw4kgzfgyk2j,technology
at://did:plc:xamn6nlucudckhwsgdryxurs/app.bsky.feed.post/3mw4khea3rc2y,Thanks for sharing this! I'm working on a related story and could use your insights. Would you be willing to speak privately? My email is on here: spectrum.ieee.org/about,2026-09-22T15:34:36.257Z,2026-09-22T15:34:37.567Z,2026-09-22T16:43:30Z,lucaslaursen.bsky.social,did:plc:xamn6nlucudckhwsgdryxurs,0,0,0,0,https://bsky.app/profile/lucaslaursen.bsky.social/post/3mw4khea3rc2y,technology
at://did:plc:m2yuqynl2cttvi4k5453yegh/app.bsky.feed.post/3mw4ki6ct24b2,"📰 **Do USB extenders really work and are they safe to use?**

USB extenders will help you connect devices over longer distances, but not all of them have the same capabilities when performing this function.

📰 Source: Engadget - Technology News & […] 

[Original post on igeek.gamer-geek-news.com]",2026-09-22T15:35:00.000Z,2026-09-22T15:35:09.162Z,2026-09-22T16:43:30Z,feed.igeek.gamer-geek-news.com.ap.brid.gy,did:plc:m2yuqynl2cttvi4k5453yegh,0,0,0,0,https://bsky.app/profile/feed.igeek.gamer-geek-news.com.ap.brid.gy/post/3mw4ki6ct24b2,technology
at://did:plc:knytkb52cza74zx2ghajtg7s/app.bsky.feed.post/3mw4kieml2723,Finastra Technology $3.13 Million Data Breach Settlement,2026-09-22T15:35:10.197Z,2026-09-22T15:35:11.167Z,2026-09-22T16:43:30Z,classactions.bsky.social,did:plc:knytkb52cza74zx2ghajtg7s,0,0,0,0,https://bsky.app/profile/classactions.bsky.social/post/3mw4kieml2723,technology
at://did:plc:czwvu5nphixqqxc5aiq7r3q2/app.bsky.feed.post/3mw4kiqchm22l,"Final day to help shape the educational program at #CSUNATC27.

Share your knowledge, research, practices, ideas, or experiences through the General Call for Presentations.

Submissions close today at 3:00 PM PT.

csun.at/GCFP
#A11y #Accessibility #AssistiveTechnology #AssistiveTech",2026-09-22T15:35:22.472Z,2026-09-22T15:35:25.963Z,2026-09-22T16:43:30Z,csuncod.bsky.social,did:plc:czwvu5nphixqqxc5aiq7r3q2,0,0,0,0,https://bsky.app/profile/csuncod.bsky.social/post/3mw4kiqchm22l,technology
at://did:plc:7oeufzwrvqyzfmj3jffojbjw/app.bsky.feed.post/3mw4kitanso2d,"Contagious Interview Campaign Compromises 30,000 Devices, Steals $10.71M in Crypto #cybersecurity #hacking #news #infosec #security #technology #privacy thehackernews.com/20...",2026-09-22T15:35:25.000Z,2026-09-22T15:35:26.378Z,2026-09-22T16:43:30Z,ninjaowl.ai,did:plc:7oeufzwrvqyzfmj3jffojbjw,0,0,0,0,https://bsky.app/profile/ninjaowl.ai/post/3mw4kitanso2d,technology
at://did:plc:25tzqeya7fhthpnsbdjr35xm/app.bsky.feed.post/3mw4kj4pbts2c,,2026-09-22T15:35:35.475Z,2026-09-22T15:35:39.062Z,2026-09-22T16:43:30Z,danijel.bsky.social,did:plc:25tzqeya7fhthpnsbdjr35xm,0,0,0,0,https://bsky.app/profile/danijel.bsky.social/post/3mw4kj4pbts2c,technology
at://did:plc:2y46m26kefcfrleowwx6ihcf/app.bsky.feed.post/3mw4kj6akyk25,"Ita bags are 100% worth it! I have a couple depending on what I need/want it for and use with my regular backpack bag.

Large side bag for conventions and art travels. Fits my iPad, sketchbook, photobuddy, & snacks.

Small side bag for random day outs. It holds my iPhone and coffee sleeve perfectly.",2026-09-22T15:35:37.090Z,2026-09-22T15:35:37.569Z,2026-09-22T16:43:30Z,tynderafterdark.bsky.social,did:plc:2y46m26kefcfrleowwx6ihcf,1,0,1,0,https://bsky.app/profile/tynderafterdark.bsky.social/post/3mw4kj6akyk25,iphone
at://did:plc:v7nvkhezqq33xrcgasafhbw4/app.bsky.feed.post/3mw4kk7ynvh2b,"A20 Pro Ne Kadar Güçlü? İşte iPhone 18 Pro Max’in Tüm Performans Testleri!

Apple'ın A20 Pro işlemcisinden güç alan iPhone 18 Pro Max'i farklı sentetik performans testlerinden geçirdik. Geekbench 6 ile işlemci ve GPU performansını, Geekbench AI ile yapay zekâ iş yüklerindeki performansı ve 3DMark…",2026-09-22T15:36:12Z,2026-09-22T15:36:13.259Z,2026-09-22T16:43:30Z,ercanceviz.bsky.social,did:plc:v7nvkhezqq33xrcgasafhbw4,0,0,0,0,https://bsky.app/profile/ercanceviz.bsky.social/post/3mw4kk7ynvh2b,iphone
at://did:plc:v7nvkhezqq33xrcgasafhbw4/app.bsky.feed.post/3mw4kkd37xk2x,"A20 Pro ile MacBook İşlemcisi M5’i Karşılaştırdık

Apple, geçtiğimiz haftalarda iPhone 18 Pro modelleriyle birlikte yeni nesil mobil işlemcisi A20 Pro’yu da tanıtmıştı. 2 nm sürecinde üretilmesiyle dikkat çeken ve 12 GB RAM ile gelen A20 Pro, performans konusunda inanılmaz vaatlerle geliyordu.…",2026-09-22T15:36:15Z,2026-09-22T15:36:16.463Z,2026-09-22T16:43:30Z,ercanceviz.bsky.social,did:plc:v7nvkhezqq33xrcgasafhbw4,0,0,0,0,https://bsky.app/profile/ercanceviz.bsky.social/post/3mw4kkd37xk2x,Apple iPhone
at://did:plc:ktjjqlcsqfqo66d2j3wia6mk/app.bsky.feed.post/3mw4kl4hd3s2u,Super High Intelligence Technology?,2026-09-22T15:36:42.322Z,2026-09-22T15:36:42.874Z,2026-09-22T16:43:30Z,kevintheobald.bsky.social,did:plc:ktjjqlcsqfqo66d2j3wia6mk,1,0,0,0,https://bsky.app/profile/kevintheobald.bsky.social/post/3mw4kl4hd3s2u,technology
at://did:plc:34l43qmf3gwmdgogpqp3xsoz/app.bsky.feed.post/3mw4kl4nq6g2z,"#ChemicalWeapons #Detection #Research #China 
Researchers develop portable sensor for rapid detection of sarin 
www.eurekalert.org/news-release...

[...]
In this study, the researchers combined SERS technology with a molecular probe designed to selectively capture OP agents. The probe, ...",2026-09-22T15:36:42.534Z,2026-09-22T15:36:44.164Z,2026-09-22T16:43:30Z,ban-cbw.bsky.social,did:plc:34l43qmf3gwmdgogpqp3xsoz,0,0,1,0,https://bsky.app/profile/ban-cbw.bsky.social/post/3mw4kl4nq6g2z,technology
at://did:plc:f6vzq5ful3a3x2mq4hc5qkvi/app.bsky.feed.post/3mw4klrro2k2u,"Trump said in his remarks that the U.S. would ""only encourage superintelligence"" when it comes to AI development, a notable declaration as warnings about the potential catastrophic consequences of the technology have spread. 

www.nbcnews.com/politics/tru...",2026-09-22T15:37:04.681Z,2026-09-22T15:37:06.260Z,2026-09-22T16:43:30Z,laurenmeidasa.bsky.social,did:plc:f6vzq5ful3a3x2mq4hc5qkvi,2,0,0,0,https://bsky.app/profile/laurenmeidasa.bsky.social/post/3mw4klrro2k2u,technology
at://did:plc:abbayarxdsa7pcgecz2chmna/app.bsky.feed.post/3mw4kmdr35c2g,"Shit - I don't know how much of this story I can read. The breathless definition of AGI (""a technology that can match the powers of the human mind""), the AI film production company, fucking GRIMES.... It might be time to nuke the entire peninsula",2026-09-22T15:37:23.537Z,2026-09-22T15:37:23.957Z,2026-09-22T16:43:30Z,queensissy.bsky.social,did:plc:abbayarxdsa7pcgecz2chmna,5,1,2,0,https://bsky.app/profile/queensissy.bsky.social/post/3mw4kmdr35c2g,technology
at://did:plc:edts463tqnllxtkwedylb4ha/app.bsky.feed.post/3mw4kmn54pc2c,iPhone 17?,2026-09-22T15:37:33.369Z,2026-09-22T15:37:33.170Z,2026-09-22T16:43:30Z,iamcodeninja.bsky.social,did:plc:edts463tqnllxtkwedylb4ha,1,0,1,0,https://bsky.app/profile/iamcodeninja.bsky.social/post/3mw4kmn54pc2c,iphone
at://did:plc:ytwqtr3ykzq6nzr7kg2465ca/app.bsky.feed.post/3mw4kn33xjs2q,"#Apertus 1.5 is now available in #Lumo - Proton’s AI assistant.
actu.epfl.ch/news/apertus...",2026-09-22T15:37:48.012Z,2026-09-22T15:37:51.462Z,2026-09-22T16:43:30Z,apertusllm.bsky.social,did:plc:ytwqtr3ykzq6nzr7kg2465ca,0,0,0,0,https://bsky.app/profile/apertusllm.bsky.social/post/3mw4kn33xjs2q,technology
at://did:plc:zpjilqxskio7x4pt6n5xulky/app.bsky.feed.post/3mw4knpnycwv2,"RE: https://mastodon.online/@parismarx/117309930128080625

the missing feature on the Apple iPhone was always the ""buy stock"" button.

Apple can afford the best of everything else, but they're stuck with the same investors as Packard Bell had—the pressure to enshittify is only going to get more […]",2026-09-22T15:38:04.000Z,2026-09-22T15:38:13.459Z,2026-09-22T16:43:30Z,dmarti.federate.social.ap.brid.gy,did:plc:zpjilqxskio7x4pt6n5xulky,0,0,0,0,https://bsky.app/profile/dmarti.federate.social.ap.brid.gy/post/3mw4knpnycwv2,Apple iPhone
at://did:plc:yn5yeg2l5hzidondjiu74czz/app.bsky.feed.post/3mw4ko52d7c2v,"This October, we’re creating a space for that conversation.
Come along. Bring your colleagues. Help build a different future for technology.

👉 Register now for the Workers’ AI Counter Summit at shorturl.at/rSH6F

#WorkersAgainstSlopaganda #DATACWU #WorkersAICounterSummit",2026-09-22T15:38:19.966Z,2026-09-22T15:38:25.427Z,2026-09-22T16:43:30Z,data-cwu.bsky.social,did:plc:yn5yeg2l5hzidondjiu74czz,0,0,1,0,https://bsky.app/profile/data-cwu.bsky.social/post/3mw4ko52d7c2v,technology
at://did:plc:dvrhd2c5w7quvs32k7aq2nbp/app.bsky.feed.post/3mw4kojqcg22e,"Just finished reading up on ALL of the Xbox layoffs.

Maaaaan I don't ever wanna hear ""but Microsoft has xyz technology or platform"" ever again when they treat the gaming biz as a Microsoft Excel spreadsheet...powered by Copilot!",2026-09-22T15:38:36.913Z,2026-09-22T15:38:37.165Z,2026-09-22T16:43:30Z,jahranimo.blacksky.app,did:plc:dvrhd2c5w7quvs32k7aq2nbp,0,0,0,0,https://bsky.app/profile/jahranimo.blacksky.app/post/3mw4kojqcg22e,technology
at://did:plc:rjcqo6bkgdrkneziupjty7xm/app.bsky.feed.post/3mw4konju2s2g,"Like, whether you think the technology good, bad, whatever, purely from a marketing perspective if you're generic AAA video game studio, you probably want to say your game has ""synthetic content generation"" or whatever instead of ""AI"" just due to the connotations.",2026-09-22T15:38:40.894Z,2026-09-22T15:38:41.777Z,2026-09-22T16:43:30Z,irhottakes.bsky.social,did:plc:rjcqo6bkgdrkneziupjty7xm,39,2,1,1,https://bsky.app/profile/irhottakes.bsky.social/post/3mw4konju2s2g,technology
at://did:plc:x7o3hbrrleckn6gid6wezpmv/app.bsky.feed.post/3mw4koqntif24,"Wer sucht gerade ein iPhone-Upgrade? 📱 Das Apple iPhone 17 Pro 256GB gibt’s mit 2 Vodafone-SIMs, 45 GB und 250€ Boni für 49,98€/Monat – Tarif rechnerisch nur 0,64€/Monat. #iPhone17Pro  
www.monsterdealz.de?p=1588743",2026-09-22T15:38:42.947Z,2026-09-22T15:38:44.264Z,2026-09-22T16:43:30Z,florian-silbereis.bsky.social,did:plc:x7o3hbrrleckn6gid6wezpmv,0,0,0,0,https://bsky.app/profile/florian-silbereis.bsky.social/post/3mw4koqntif24,Apple iPhone
at://did:plc:tpc42zt2y25vzh4a2djx5tvo/app.bsky.feed.post/3mw4koqvo642u,"The letter was co-written by Liberal Democrat MP Wera Hobhouse, who recently hosted a parliamentary meeting with police, campaigners, and academics to discuss how technology is being used to harm women. Meta has responded by stating that content which takes advantage of people or harasses them",2026-09-22T15:38:44.271986+00:00,2026-09-22T15:38:44.773Z,2026-09-22T16:43:30Z,newshoundai.bsky.social,did:plc:tpc42zt2y25vzh4a2djx5tvo,0,0,1,0,https://bsky.app/profile/newshoundai.bsky.social/post/3mw4koqvo642u,technology
at://did:plc:6g2wcwbhlxpv3vrmnuymxpjz/app.bsky.feed.post/3mw4korodd22v,"Also, lay off the hate toward my man main Mr. Technology Connections. That guy's retro videos are sick.",2026-09-22T15:38:45.209Z,2026-09-22T15:38:48.356Z,2026-09-22T16:43:30Z,realcoffeechoco.bsky.social,did:plc:6g2wcwbhlxpv3vrmnuymxpjz,0,0,0,0,https://bsky.app/profile/realcoffeechoco.bsky.social/post/3mw4korodd22v,technology
at://did:plc:kkrf4x7notft44ywduibfqce/app.bsky.feed.post/3mw4kovzdbv2z,"Discover how Washington County's Sheriff's Office is revolutionizing public safety with cutting-edge technology and specialized units while facing challenges in their jail system. 

Click to read more!

#HillsboroWashingtonCounty #OR #MentalHealthResponse #TechnologyInnovation",2026-09-22T15:38:49.598Z,2026-09-22T15:38:49.971Z,2026-09-22T16:43:30Z,citizenptnewsor.bsky.social,did:plc:kkrf4x7notft44ywduibfqce,0,0,0,0,https://bsky.app/profile/citizenptnewsor.bsky.social/post/3mw4kovzdbv2z,technology
at://did:plc:uadwaj4p534ivaofs47agyy6/app.bsky.feed.post/3mw4kpbc45427,"Is being bilingual good for your brain? Perhaps. Learning languages offers other, more concrete benefits | The Economist www.economist.com/science-and-...",2026-09-22T15:39:01.030Z,2026-09-22T15:39:02.460Z,2026-09-22T16:43:30Z,craigthall.bsky.social,did:plc:uadwaj4p534ivaofs47agyy6,0,0,0,0,https://bsky.app/profile/craigthall.bsky.social/post/3mw4kpbc45427,technology
at://did:plc:numgcdc7pyztpupkis3pnmpr/app.bsky.feed.post/3mw4kpqimts2t,"I remember your talk stating that technology and mass communications does not always necessarily add up to advancement (political struggle in that case) in fact, you mentioned “doing this the old way is much efficient” in certain respects. This new post seems to affirm it from research perspective.",2026-09-22T15:39:17.552Z,2026-09-22T15:39:18.269Z,2026-09-22T16:43:30Z,toygunkarahasanogl.bsky.social,did:plc:numgcdc7pyztpupkis3pnmpr,1,0,1,0,https://bsky.app/profile/toygunkarahasanogl.bsky.social/post/3mw4kpqimts2t,technology
at://did:plc:km2crnhgw275pqohsce2s7xb/app.bsky.feed.post/3mw4kqe6eff2b,New Development In Lawsuit Over WWE’s Move To ESPN Unlimited,2026-09-22T15:39:38Z,2026-09-22T15:39:38.862Z,2026-09-22T16:43:30Z,wrestlingheadlines.com,did:plc:km2crnhgw275pqohsce2s7xb,0,0,0,0,https://bsky.app/profile/wrestlingheadlines.com/post/3mw4kqe6eff2b,technology
at://did:plc:rghsmk5gzlb7s2tv5olsc2jk/app.bsky.feed.post/3mw4kqizitu2e,"If you bought a new iPhone in the past two years, Apple owes you money #Technology 

https://www.macworld.com/article/3241239/if-you-bought-a-new-iphone-in-the-past-two-years-apple-owes-you-money.html",2026-09-22T15:39:42+00:00,2026-09-22T15:39:44.661Z,2026-09-22T16:43:30Z,puretech.news,did:plc:rghsmk5gzlb7s2tv5olsc2jk,0,0,0,0,https://bsky.app/profile/puretech.news/post/3mw4kqizitu2e,Apple iPhone
at://did:plc:rghsmk5gzlb7s2tv5olsc2jk/app.bsky.feed.post/3mw4kqxhzp72l,"Dyson’s most overengineered gadget may have a waterproofing problem #Technology 

https://arstechnica.com/gadgets/2026/09/its-500-toothbrush-disappeared-from-stores-dyson-wont-fully-explain-why/",2026-09-22T15:39:58+00:00,2026-09-22T15:39:59.359Z,2026-09-22T16:43:30Z,puretech.news,did:plc:rghsmk5gzlb7s2tv5olsc2jk,0,0,0,0,https://bsky.app/profile/puretech.news/post/3mw4kqxhzp72l,technology
at://did:plc:rghsmk5gzlb7s2tv5olsc2jk/app.bsky.feed.post/3mw4kramfug2z,"Tribal lawsuits could follow DraftKings’ prediction-market push #Technology 

https://readwrite.com/draftkings-prediction-markets-tribal-backlash/",2026-09-22T15:40:07+00:00,2026-09-22T15:40:08.874Z,2026-09-22T16:43:30Z,puretech.news,did:plc:rghsmk5gzlb7s2tv5olsc2jk,0,0,0,0,https://bsky.app/profile/puretech.news/post/3mw4kramfug2z,technology
at://did:plc:sjqlxdpgql3ovcdj6wsgc27u/app.bsky.feed.post/3mw4krhahub2n,"Apple has added persistent 'ads' to iOS, and it's driving users crazy | Discussion",2026-09-22T15:40:12.723Z,2026-09-22T15:40:15.274Z,2026-09-22T16:43:30Z,hackernewsbot.bsky.social,did:plc:sjqlxdpgql3ovcdj6wsgc27u,1,1,0,0,https://bsky.app/profile/hackernewsbot.bsky.social/post/3mw4krhahub2n,Apple iPhone
at://did:plc:ieqql4ogk6t5zdgimr2pntnm/app.bsky.feed.post/3mw4krev5sn25,"Using AI agents for online shopping could increase the risk of scams, fraud and data-privacy breaches, banks including NatWest and Bank of America said on Tuesday, as they set out principles for developing the technology.",2026-09-22T15:40:12Z,2026-09-22T15:40:13.471Z,2026-09-22T16:43:30Z,legal.reuters.com,did:plc:ieqql4ogk6t5zdgimr2pntnm,0,0,0,0,https://bsky.app/profile/legal.reuters.com/post/3mw4krev5sn25,technology
at://did:plc:m4pdg5dqs2fyttfxgaqe3qz2/app.bsky.feed.post/3mw4ksjqpte2k,"ワイヤレスイヤホン4個買って、結局これだけ使ってます。

🛒 イヤホン bluetooth ワイヤレスイヤホン【2026年最新多機能…
★★★★★ 5.0

🧵 Threadsで紹介中👇

https://www.threads.com/@zebra.2557163",2026-09-22T15:40:49.633596+00:00,2026-09-22T15:40:51.274Z,2026-09-22T16:43:30Z,murayamasan.bsky.social,did:plc:m4pdg5dqs2fyttfxgaqe3qz2,0,0,0,0,https://bsky.app/profile/murayamasan.bsky.social/post/3mw4ksjqpte2k,iphone
at://did:plc:yu5j74yjkebiiwky74nisen5/app.bsky.feed.post/3mw4kthqrzs2j,"“How DraftKings Uses A.I. to Target the Gamblers Likeliest to Lose”

www.nytimes.com/2026/09/19/b...",2026-09-22T15:41:22.603Z,2026-09-22T15:41:23.976Z,2026-09-22T16:43:30Z,theaddledmind.bsky.social,did:plc:yu5j74yjkebiiwky74nisen5,0,0,0,0,https://bsky.app/profile/theaddledmind.bsky.social/post/3mw4kthqrzs2j,technology
at://did:plc:hmtbe2a5xzwqxhqtfgyfmcwa/app.bsky.feed.post/3mw4ktkg6hw2x,"MFi Certified USB 3.0 Flash Drive 128GB for iPhone, 3in1 External… → now $19.61, 35% off
https://www.amazon.com/dp/B0DL5VCVCG?tag=birdxdeal-20 #mfi #certified",2026-09-22T15:41:24Z,2026-09-22T15:41:25.562Z,2026-09-22T16:43:30Z,birdxdealss.bsky.social,did:plc:hmtbe2a5xzwqxhqtfgyfmcwa,1,0,0,0,https://bsky.app/profile/birdxdealss.bsky.social/post/3mw4ktkg6hw2x,iphone
at://did:plc:mbs42c236unff7hjilptdu4p/app.bsky.feed.post/3mw4kttcrus2m,"ケーキの🍓をいつ食べるか問題(?)はらんがさんが言ってた🍓が好物かどうかで答え変わる気はする

sp.mbga.jp/_news_item?i...",2026-09-22T15:41:34.727Z,2026-09-22T15:41:37.975Z,2026-09-22T16:43:30Z,cortana78.bsky.social,did:plc:mbs42c236unff7hjilptdu4p,3,1,0,0,https://bsky.app/profile/cortana78.bsky.social/post/3mw4kttcrus2m,iphone
at://did:plc:vjag2rorqt5uslojwtyshjfl/app.bsky.feed.post/3mw4kum4hdk2j,"Updated my iPhone from iPhone X, and lord, things have changed!",2026-09-22T15:42:00.733Z,2026-09-22T15:42:01.068Z,2026-09-22T16:43:30Z,trentreinsmith.bsky.social,did:plc:vjag2rorqt5uslojwtyshjfl,0,0,0,0,https://bsky.app/profile/trentreinsmith.bsky.social/post/3mw4kum4hdk2j,iphone
at://did:plc:nvsjg7n6pd3acs3h6fr3k3gv/app.bsky.feed.post/3mw4kuoeh2c24,"So many buzzwords: ""smart feeder"", ""AI-enabled facial recognition"", ""multi-cat households"", ""real-time feedings"", ""translates feeding time into health insights"",  ""sensor technology"", ""reduce whisker fatigue"", ""low-profile design"", ""feeding behavior dataset"" 🙀",2026-09-22T15:42:03.094Z,2026-09-22T15:42:03.558Z,2026-09-22T16:43:30Z,sven.blacksky.app,did:plc:nvsjg7n6pd3acs3h6fr3k3gv,1,0,2,1,https://bsky.app/profile/sven.blacksky.app/post/3mw4kuoeh2c24,technology
at://did:plc:tmxw3v6ijokzfmzcr56prh24/app.bsky.feed.post/3mw4kv4qolk27,"In positive news, Brazil and Cambodia are planning using nature to cool off cities with a new process.

Brazils investing trillions in bio technology.

Renewable energy use is projected upwards to 38% and 60%",2026-09-22T15:42:18.168Z,2026-09-22T15:42:18.959Z,2026-09-22T16:43:30Z,casten97.bsky.social,did:plc:tmxw3v6ijokzfmzcr56prh24,0,0,0,0,https://bsky.app/profile/casten97.bsky.social/post/3mw4kv4qolk27,technology
at://did:plc:5bwp7zn4nnxo2h4utktoqyhp/app.bsky.feed.post/3mw4kvstj4l2q,"Thirteen classes of pirate, escalating wave by wave. The first ones are practice. The later ones are not.

Governor: Free Republic. Real-time naval strategy for iPhone and iPad.
https://apps.apple.com/app/id6803666380

#IndieGame #StrategyGame #IndieDev",2026-09-22T15:42:41.127652Z,2026-09-22T15:42:41.572Z,2026-09-22T16:43:30Z,barnisan.bsky.social,did:plc:5bwp7zn4nnxo2h4utktoqyhp,3,1,0,0,https://bsky.app/profile/barnisan.bsky.social/post/3mw4kvstj4l2q,iphone
at://did:plc:wupigq366gp76mpoxvgvkou5/app.bsky.feed.post/3mw4kwi3mpb2m,"BlueMoon, Chrome è sotto attacco: un solo exploit buca browser e Windows

📌 Link all'articolo : www.redhotcyber.com/post/bluemoo...

Luigi Zullo

#redhotcyber #cybersecurity #cybercrime #hacking #cti #ai #privacy #news #technology",2026-09-22T15:42:51.012Z,2026-09-22T15:43:04.169Z,2026-09-22T16:43:30Z,redhotcyber.bsky.social,did:plc:wupigq366gp76mpoxvgvkou5,1,0,0,0,https://bsky.app/profile/redhotcyber.bsky.social/post/3mw4kwi3mpb2m,technology
at://did:plc:jirbbrbnnpdt2shcqvjrj24x/app.bsky.feed.post/3mw4kwjxmds2x,Clearly you need to make a new task list — Task 1: organize my task lists. (Task 2: throw all productivity technology into the sun),2026-09-22T15:43:05.584Z,2026-09-22T15:43:06.163Z,2026-09-22T16:43:30Z,revajvt.bsky.social,did:plc:jirbbrbnnpdt2shcqvjrj24x,1,0,0,0,https://bsky.app/profile/revajvt.bsky.social/post/3mw4kwjxmds2x,technology
at://did:plc:sgtmbqwyilupjiz6g3nlchuk/app.bsky.feed.post/3mw4kwlbm3s2l,"$SPCX Spacexai's Grok Bot Agent hits 400,000 users in its first month

- 400K users reached within 30 days of launch
- Powered by Grok AI agent technology
- Growth reported by Bloomberg

#SPCX",2026-09-22T15:43:06.964Z,2026-09-22T15:43:08.077Z,2026-09-22T16:43:30Z,yuuiko7.bsky.social,did:plc:sgtmbqwyilupjiz6g3nlchuk,0,0,0,0,https://bsky.app/profile/yuuiko7.bsky.social/post/3mw4kwlbm3s2l,technology
at://did:plc:ritv6l6udmzeuwbit4omuq4x/app.bsky.feed.post/3mw4kwkkmgm27,Apple Event This October? These 7 New Products Expected Next Month,2026-09-22T15:43:06Z,2026-09-22T15:43:07.260Z,2026-09-22T16:43:30Z,macrumors.bsky.social,did:plc:ritv6l6udmzeuwbit4omuq4x,5,0,0,0,https://bsky.app/profile/macrumors.bsky.social/post/3mw4kwkkmgm27,Apple iPhone
at://did:plc:mka45vdfzpj6qys7tyu24yri/app.bsky.feed.post/3mw4kwldxc227,"This is so completely disturbing. I think its important that no one loses sight of anti-blackness as a foundation of tech fascism. 

""Go back to Africa"" is crazy while VC plots on Black people in Africa and brings in colonies, new mines and weapons companies. 

www.theguardian.com/technology/2...",2026-09-22T15:43:07.040Z,2026-09-22T15:43:11.164Z,2026-09-22T16:43:30Z,shanley.com,did:plc:mka45vdfzpj6qys7tyu24yri,16,6,1,0,https://bsky.app/profile/shanley.com/post/3mw4kwldxc227,technology
at://did:plc:vopknig7rxxynb6tju3m75ne/app.bsky.feed.post/3mw4kxleock2p,"Buy up a bunch of things within the industry, such as studios, IPs, and technology, like they did for housing property. They fold in the burden of payment into the purchase so the studios getting bought up are saddled with the debt. If they succeed, the business makes mountains of money, if not->",2026-09-22T15:43:40.619Z,2026-09-22T15:43:41.369Z,2026-09-22T16:43:30Z,zorro4zl.bsky.social,did:plc:vopknig7rxxynb6tju3m75ne,0,0,1,0,https://bsky.app/profile/zorro4zl.bsky.social/post/3mw4kxleock2p,technology
at://did:plc:5bwp7zn4nnxo2h4utktoqyhp/app.bsky.feed.post/3mw4kxqwp4d26,"Fourteen plants. Which one you get is decided by the season and the height of the ground under your paws. You never choose. You find out.

Pale Blue Pebble. In development at Barnisan, for iPhone and iPad.
https://barnisan.com/palebluepebble/

#IndieGame #CozyGame #IndieDev #WIP",2026-09-22T15:43:46.242530Z,2026-09-22T15:43:46.563Z,2026-09-22T16:43:30Z,barnisan.bsky.social,did:plc:5bwp7zn4nnxo2h4utktoqyhp,3,1,0,0,https://bsky.app/profile/barnisan.bsky.social/post/3mw4kxqwp4d26,iphone
at://did:plc:i2jc6ogikn53jkny6y4ii2xd/app.bsky.feed.post/3mw4kxzwqek26,nbcchicago.app.link/sAvGajzUD6b,2026-09-22T15:43:55.891Z,2026-09-22T15:43:57.463Z,2026-09-22T16:43:30Z,raymondnorman.bsky.social,did:plc:i2jc6ogikn53jkny6y4ii2xd,1,1,0,0,https://bsky.app/profile/raymondnorman.bsky.social/post/3mw4kxzwqek26,Apple iPhone
at://did:plc:4myug73rpuzcxuoxz673x46p/app.bsky.feed.post/3mw4ky6rdn22b,open.substack.com/pub/publicwi...,2026-09-22T15:44:00.956Z,2026-09-22T15:44:02.858Z,2026-09-22T16:43:30Z,jnotestein.bsky.social,did:plc:4myug73rpuzcxuoxz673x46p,0,0,0,0,https://bsky.app/profile/jnotestein.bsky.social/post/3mw4ky6rdn22b,technology
at://did:plc:vaba7tf7ylt2kaavf4t2kotp/app.bsky.feed.post/3mw4kyavngq2f,"Apple maintains a collection of downloadable dimensional drawings and tech specifications for many of their products, including the iPhone, AirPods, Watch, and iPad. They are beautiful. [kottke.org]",2026-09-22T15:44:03Z,2026-09-22T15:44:05.960Z,2026-09-22T16:43:30Z,kottke.org,did:plc:vaba7tf7ylt2kaavf4t2kotp,8,0,1,0,https://bsky.app/profile/kottke.org/post/3mw4kyavngq2f,Apple iPhone
at://did:plc:lc6hdhnjkgccd6ysi7e23pll/app.bsky.feed.post/3mw4kyhjmnj2i,"From pledges to progress: Bangladesh's COP-31 climate strategy
->The Climate Watch | More on ""Bangladesh climate finance and resilience"" at BigEarthData.ai | #Climate",2026-09-22T15:44:09.906425+00:00,2026-09-22T15:44:11.059Z,2026-09-22T16:43:30Z,bigearthdata.ai,did:plc:lc6hdhnjkgccd6ysi7e23pll,0,0,0,0,https://bsky.app/profile/bigearthdata.ai/post/3mw4kyhjmnj2i,technology
at://did:plc:hslirr7h6d7livppaxty435b/app.bsky.feed.post/3mw4kyjw25f2u,Topgolf and Spark Golf Launch an Exciting Social League This Fall #USA #Dallas #Topgolf #Toptracer #Spark_Golf,2026-09-22T15:44:11Z,2026-09-22T15:44:13.156Z,2026-09-22T16:43:30Z,newsen.bsky.social,did:plc:hslirr7h6d7livppaxty435b,1,0,0,0,https://bsky.app/profile/newsen.bsky.social/post/3mw4kyjw25f2u,technology
at://did:plc:xzbocpwcp2odpbpfq7iietj6/app.bsky.feed.post/3mw4kytgops2u,"Artificial intelligence has its place. It has brought about a revolution in medical screening practices, with the technology able to make detections across hundreds of scans in seconds which can be forwarded to trained pairs of human eyes.",2026-09-22T15:44:22.625Z,2026-09-22T15:44:24.463Z,2026-09-22T16:43:30Z,sailorgirl2017.bsky.social,did:plc:xzbocpwcp2odpbpfq7iietj6,4,0,0,0,https://bsky.app/profile/sailorgirl2017.bsky.social/post/3mw4kytgops2u,technology
at://did:plc:t6rqrjrhcvlv6fosnsfxr7io/app.bsky.feed.post/3mw4kzqhnbs2p,"Blog Post: Court Wipes Out SAD Scheme Default Judgment Due to Improper Email Service–Deckers v. Litfun #StopTheSADScheme

blog.ericgoldman.org/archives/202...",2026-09-22T15:44:53.067Z,2026-09-22T15:44:54.273Z,2026-09-22T16:43:30Z,ericgoldman.bsky.social,did:plc:t6rqrjrhcvlv6fosnsfxr7io,0,1,0,0,https://bsky.app/profile/ericgoldman.bsky.social/post/3mw4kzqhnbs2p,technology
at://did:plc:drumc3r4mg4qci5fshimhyqp/app.bsky.feed.post/3mw4kzzsqh52g,"📖 Structured Basic/IBM Version by James F. Clark, William O. Drum
https://isbn.nu/9780538618007",2026-09-22T15:45:02.000Z,2026-09-22T15:45:03.666Z,2026-09-22T16:43:30Z,bot.isbn.nu,did:plc:drumc3r4mg4qci5fshimhyqp,0,0,0,0,https://bsky.app/profile/bot.isbn.nu/post/3mw4kzzsqh52g,technology
at://did:plc:ieqql4ogk6t5zdgimr2pntnm/app.bsky.feed.post/3mw4l2absl42w,Companies betting AI devices will usher in a post-smartphone era are fueling privacy fears around the globe that could slow adoption of the emerging technology.,2026-09-22T15:45:09Z,2026-09-22T15:45:10.467Z,2026-09-22T16:43:30Z,legal.reuters.com,did:plc:ieqql4ogk6t5zdgimr2pntnm,1,0,0,0,https://bsky.app/profile/legal.reuters.com/post/3mw4l2absl42w,technology
at://did:plc:iflloehmkkhj7sza2lkucjc3/app.bsky.feed.post/3mw4l2bmui22v,"I love the color and wanted to still show it off.

Which did you get?

Here’s the one I went with
This is the first time I’ve had to worry about such a large camera area so I went with one that covers it and has little holes for them",2026-09-22T15:45:11.061Z,2026-09-22T15:45:13.067Z,2026-09-22T16:43:30Z,shadowdra126.bsky.social,did:plc:iflloehmkkhj7sza2lkucjc3,0,0,0,0,https://bsky.app/profile/shadowdra126.bsky.social/post/3mw4l2bmui22v,iphone
at://did:plc:wb4judvgfjbiqu646hkggjxc/app.bsky.feed.post/3mw4l2kcssu2p,"OPINION: ""In at least 36 states, opponents of the technology have taken matters into their own hands, destroying or impairing ALPRs rather than wait for local governments to step in,"" G. Patrick O'Brien writes. 

buff.ly/8VXjY9I",2026-09-22T15:45:19.739Z,2026-09-22T15:45:20.863Z,2026-09-22T16:43:30Z,mississippifreepress.org,did:plc:wb4judvgfjbiqu646hkggjxc,22,6,3,0,https://bsky.app/profile/mississippifreepress.org/post/3mw4l2kcssu2p,technology
at://did:plc:czwvu5nphixqqxc5aiq7r3q2/app.bsky.feed.post/3mw4l2lbx422l,"Today is the final day to bring your emerging ideas, technologies, and solutions to the #CSUNATC27 Innovation Track.

Connect your work with the Conference community.

Submissions close today at 3:00 PM PT.

csun.at/innovation
#A11y #Accessibility #AssistiveTechnology #AssistiveTech #Innovation",2026-09-22T15:45:21.193Z,2026-09-22T15:45:24.666Z,2026-09-22T16:43:30Z,csuncod.bsky.social,did:plc:czwvu5nphixqqxc5aiq7r3q2,0,0,0,0,https://bsky.app/profile/csuncod.bsky.social/post/3mw4l2lbx422l,technology
at://did:plc:hgqyc7iuw4yhra3wdvjdn2rc/app.bsky.feed.post/3mw4l2ncwd62f,"What happens when you take modern AI concepts and explain them using 1985 computing technology? Meet the fictional CrAI IntelliCluster: a room-sized system that stores millions of encyclopaedias

#Funny #Computers #ArtificialIntelligence #GenerativeAI #RetroComputing #Technology #TTMO",2026-09-22T15:45:22.884Z,2026-09-22T15:45:23.571Z,2026-09-22T16:43:30Z,alanbonnici.com,did:plc:hgqyc7iuw4yhra3wdvjdn2rc,1,0,1,0,https://bsky.app/profile/alanbonnici.com/post/3mw4l2ncwd62f,technology
at://did:plc:hgqyc7iuw4yhra3wdvjdn2rc/app.bsky.feed.post/3mw4l2np4af2r,"It understands tokens, remembers conversations, imports documents, and answers questions in plain English.

www.penportal.com/chribonn/bit...

#Funny #Computers #ArtificialIntelligence #GenerativeAI #RetroComputing #Technology #TTMO",2026-09-22T15:45:23.401Z,2026-09-22T15:45:23.868Z,2026-09-22T16:43:30Z,alanbonnici.com,did:plc:hgqyc7iuw4yhra3wdvjdn2rc,1,0,0,0,https://bsky.app/profile/alanbonnici.com/post/3mw4l2np4af2r,technology
at://did:plc:x4hjeav52cffdyac5p2ttkj6/app.bsky.feed.post/3mw4l2xrk7k2c,"I don't know that it's a new infirmity so much as a nuisance that we have simply become more aware of, and that we have developed better technology to treat.

I think we used to just snore a lot.",2026-09-22T15:45:34.287Z,2026-09-22T15:45:34.869Z,2026-09-22T16:43:30Z,crankypacifist.bsky.social,did:plc:x4hjeav52cffdyac5p2ttkj6,1,0,1,0,https://bsky.app/profile/crankypacifist.bsky.social/post/3mw4l2xrk7k2c,technology
at://did:plc:brwww2is5xf7ufyjij2eecp7/app.bsky.feed.post/3mw4l37pk5c2z,"While Trump may consider AI to be Supetintelligent compared to his own intelligence and understanding of the technology, the stage has not been reached and we shouldn’t hope we get there. 

Not sure why we have to explain that a machine should not be smarter than humans.",2026-09-22T15:45:42.610Z,2026-09-22T15:45:43.060Z,2026-09-22T16:43:30Z,lorennacleary.bsky.social,did:plc:brwww2is5xf7ufyjij2eecp7,4,0,2,0,https://bsky.app/profile/lorennacleary.bsky.social/post/3mw4l37pk5c2z,technology
at://did:plc:vuzs7jxarg2rqw6lgu6yrgqj/app.bsky.feed.post/3mw4l3r5nmd26,"Most people never realize what technology can do.

The Art of the Cosmos: Visions from the Frontier of

🔭 https://www.amazon.com/dp/1454946083?tag=jwebb004-20&linkCode=osi&th=1&psc=1 #ad #paidlink #AmazonAffiliate #Tech #Gadgets",2026-09-22T15:46:01.055892+00:00,2026-09-22T15:46:01.264Z,2026-09-22T16:43:30Z,spacefeed.bsky.social,did:plc:vuzs7jxarg2rqw6lgu6yrgqj,1,0,0,0,https://bsky.app/profile/spacefeed.bsky.social/post/3mw4l3r5nmd26,technology
at://did:plc:lc6hdhnjkgccd6ysi7e23pll/app.bsky.feed.post/3mw4l4dxtxp2f,"Trump's NATO Pressure Pushes Europe Toward Defense Independence
->Mezha | More on ""Europe builds independent defense capabilities"" at BigEarthData.ai | #NATO #RussiaUkraineWar",2026-09-22T15:46:20.438141+00:00,2026-09-22T15:46:20.763Z,2026-09-22T16:43:30Z,bigearthdata.ai,did:plc:lc6hdhnjkgccd6ysi7e23pll,0,0,0,0,https://bsky.app/profile/bigearthdata.ai/post/3mw4l4dxtxp2f,technology
at://did:plc:plnjjiuudx63apjschcj6vlu/app.bsky.feed.post/3mw4l4q5jqs2y,"""How Flock is trying to take credit for the post-pandemic crime drop""

👆

ij.org/how-flock-is... 
  
#Flock #DeFlock #Axon #Surveillance #AxonAxoff #fyp #trending #ALPR #AI",2026-09-22T15:46:33.400Z,2026-09-22T15:46:34.664Z,2026-09-22T16:43:30Z,deflock.org,did:plc:plnjjiuudx63apjschcj6vlu,8,4,0,0,https://bsky.app/profile/deflock.org/post/3mw4l4q5jqs2y,technology
at://did:plc:7f5avfrcdmbgyqx5qqgkxlqw/app.bsky.feed.post/3mw4l4s5yas2e,"If you had doubts, this is for you.
If you think this is baloney, read more.

thiswillhold.substack.com/p/elon-musks...",2026-09-22T15:46:35.510Z,2026-09-22T15:46:37.366Z,2026-09-22T16:43:30Z,britsoul.bsky.social,did:plc:7f5avfrcdmbgyqx5qqgkxlqw,0,0,0,0,https://bsky.app/profile/britsoul.bsky.social/post/3mw4l4s5yas2e,technology
at://did:plc:lhdkzroqxmpp2or4aba3u4im/app.bsky.feed.post/3mw4l4wxwz22k,Come on John it's been what? Since the first iPhone?,2026-09-22T15:46:40.555Z,2026-09-22T15:46:42.059Z,2026-09-22T16:43:30Z,gaetanctemp.bsky.social,did:plc:lhdkzroqxmpp2or4aba3u4im,0,0,0,0,https://bsky.app/profile/gaetanctemp.bsky.social/post/3mw4l4wxwz22k,iphone
at://did:plc:5f4p3unzuxaczrtetcovstwm/app.bsky.feed.post/3mw4l5mnwj52e,"Over 1000 works created by Huntsville, Alabama artist Carolyn Shores Wright [1929-2023] now available on Fine Art America for prints, mugs, greeting cards etc carolynshores-wright.pixels.com Painted mostly watercolors for 50 yrs. ""Porch Visitor II"" iPhone case",2026-09-22T15:47:03.087Z,2026-09-22T15:47:05.196Z,2026-09-22T16:43:30Z,ajwrightmls.bsky.social,did:plc:5f4p3unzuxaczrtetcovstwm,0,0,0,0,https://bsky.app/profile/ajwrightmls.bsky.social/post/3mw4l5mnwj52e,iphone
at://did:plc:mv6loxcddhj3i6pzfvzicc36/app.bsky.feed.post/3mw4l5oskdc2p,"How to Negotiate with Xi on AI

First, understand that China sees the technology almost exactly opposite the way we do. Second, know that they have to walk away with a win. And third, prepare to leave money on the table.

@byjacobward.bsky.social

#AI #USA #China

open.substack.com/pub/theripcu...",2026-09-22T15:47:05.545Z,2026-09-22T15:47:07.170Z,2026-09-22T16:43:30Z,dennisjkoch.bsky.social,did:plc:mv6loxcddhj3i6pzfvzicc36,0,0,0,0,https://bsky.app/profile/dennisjkoch.bsky.social/post/3mw4l5oskdc2p,technology
at://did:plc:mdkssskh4nflpz3tc7gpvkqg/app.bsky.feed.post/3mw4l5sopxk26,I'm still laughing at the iPhone duo and all the fan boys that have to justify that 3rd generation brick.,2026-09-22T15:47:09.611Z,2026-09-22T15:47:09.176Z,2026-09-22T16:43:30Z,marty-stylist.bsky.social,did:plc:mdkssskh4nflpz3tc7gpvkqg,0,0,0,0,https://bsky.app/profile/marty-stylist.bsky.social/post/3mw4l5sopxk26,iphone
at://did:plc:qltefvzg7stwbidj45qu76gu/app.bsky.feed.post/3mw4l6cz2sk2f,I’d give you folks an incisive review of the iPhone Duo but Apple didn’t send me one. Just because I don’t do tech reviews. They also didn’t send me a replacement for my last generation Intel iMac. Corporate malfeasance in my opinion.,2026-09-22T15:47:26.730Z,2026-09-22T15:47:27.057Z,2026-09-22T16:43:30Z,sonofathomp.bsky.social,did:plc:qltefvzg7stwbidj45qu76gu,1,0,1,0,https://bsky.app/profile/sonofathomp.bsky.social/post/3mw4l6cz2sk2f,Apple iPhone
at://did:plc:hepmhzpdjtbjhqvjr4egtqpp/app.bsky.feed.post/3mw4l6kewns2g,Yet another case of reality mirroring B-grade Scifi.,2026-09-22T15:47:34.459Z,2026-09-22T15:47:35.866Z,2026-09-22T16:43:30Z,1dan.bsky.social,did:plc:hepmhzpdjtbjhqvjr4egtqpp,0,0,0,0,https://bsky.app/profile/1dan.bsky.social/post/3mw4l6kewns2g,technology
at://did:plc:m2vccxsyn5rh76xxq42zp2br/app.bsky.feed.post/3mw4l6pble22d,www.theguardian.com/technology/n...,2026-09-22T15:47:39.592Z,2026-09-22T15:47:41.560Z,2026-09-22T16:43:30Z,stephanielking.bsky.social,did:plc:m2vccxsyn5rh76xxq42zp2br,3,1,0,1,https://bsky.app/profile/stephanielking.bsky.social/post/3mw4l6pble22d,technology
at://did:plc:pko7wbcggok753hnvndxh3ni/app.bsky.feed.post/3mw4ldszxu52d,"OutPost is a new Micropub client for Mac, with full compatibility with Micro.blog-hosted blogs. It’s a public beta now. Initial testing looks good! In fact I’m typing this microblog post using it.",2026-09-22T15:47:59+00:00,2026-09-22T15:50:31.579Z,2026-09-22T16:43:30Z,manton.org,did:plc:pko7wbcggok753hnvndxh3ni,1,0,0,0,https://bsky.app/profile/manton.org/post/3mw4ldszxu52d,iphone
at://did:plc:kxhdnm3yb3fjotpi23knuenp/app.bsky.feed.post/3mw4l7ep3us2a,"I was checking out some interior pictures of the Senator earlier and had completely forgotten about the digital trip computer - they used it in the Carlton too. I was only a kid when these came out, my best mate’s dad had one in his Carlton, and I thought it was the height of technology and luxury!",2026-09-22T15:48:02.055Z,2026-09-22T15:48:04.961Z,2026-09-22T16:43:30Z,cymroct.bsky.social,did:plc:kxhdnm3yb3fjotpi23knuenp,0,0,0,0,https://bsky.app/profile/cymroct.bsky.social/post/3mw4l7ep3us2a,technology
at://did:plc:tds7nd4cyd2oct5cdo7wey2x/app.bsky.feed.post/3mw4l7feock2d,"nations that were once firmly in the American orbit are concluding that they cannot rely on the U.S. to provide the same leadership, markets, technology, and military protection that it has for decades. And that,  is true no matter who wins the presidency in 2028. www.theatlantic.com/national-sec...",2026-09-22T15:48:02.762Z,2026-09-22T15:46:58.061Z,2026-09-22T16:43:30Z,prepaid-africa.bsky.social,did:plc:tds7nd4cyd2oct5cdo7wey2x,2,0,0,0,https://bsky.app/profile/prepaid-africa.bsky.social/post/3mw4l7feock2d,technology
at://did:plc:jsyds5jtpfgwqz4gpvwflyhp/app.bsky.feed.post/3mw4l7ygjwk2c,"el capricho de cambiarme de iPhone ha sido no poder recuperar la copia de seguridad de WhatsApp (que ya está protegida con contraseña en iCloud) porque tiene otra contraseña más que no recuerdo 

años de conversaciones, videos, audios y fotos que están ahí pero no puedo recuperar",2026-09-22T15:48:22.741Z,2026-09-22T15:48:24.458Z,2026-09-22T16:43:30Z,cualquierdavid.bsky.social,did:plc:jsyds5jtpfgwqz4gpvwflyhp,3,0,1,0,https://bsky.app/profile/cualquierdavid.bsky.social/post/3mw4l7ygjwk2c,iphone
at://did:plc:n7llidtskrknpr6eg5em44gk/app.bsky.feed.post/3mw4l7zqopx2d,"At a CSU college fair, high school juniors and seniors shared a range of concerns from how AI would impact their education and future career options, to broader fears about how little control companies have over the technology.",2026-09-22T15:48:23.464Z,2026-09-22T15:48:24.664Z,2026-09-22T16:43:30Z,edsource.org,did:plc:n7llidtskrknpr6eg5em44gk,0,0,0,0,https://bsky.app/profile/edsource.org/post/3mw4l7zqopx2d,technology
at://did:plc:qt34fdb5di4hsny5wncomxtt/app.bsky.feed.post/3mw4laaphem2t,"Here’s motorola teases its iPhone Duo rival

#Smartphones

https://justpaste.in/tech/heres-motorola-teases-its-iphone-duo-rival/",2026-09-22T15:48:29Z,2026-09-22T15:48:31.566Z,2026-09-22T16:43:30Z,techworlddaily.bsky.social,did:plc:qt34fdb5di4hsny5wncomxtt,0,0,0,0,https://bsky.app/profile/techworlddaily.bsky.social/post/3mw4laaphem2t,iphone
at://did:plc:gquozcjgmvqsvvfdkt76ggpq/app.bsky.feed.post/3mw4ladeebc2z,I don't think it's necessarily harmful to hope for the advancement of technology and new ways to improve our society through automation. What I do think is harmful is entrusting it into the hands of easily swayed egomaniacs so selfish they're willing to help rip the foundations of society apart.,2026-09-22T15:48:34.205Z,2026-09-22T15:48:33.866Z,2026-09-22T16:43:30Z,ofthehillpeople.bsky.social,did:plc:gquozcjgmvqsvvfdkt76ggpq,0,0,1,0,https://bsky.app/profile/ofthehillpeople.bsky.social/post/3mw4ladeebc2z,technology
at://did:plc:fsftz5ue2bvlvkb6zx2bqdnh/app.bsky.feed.post/3mw4lah44xt2z,"Apple's 2029 ""Pro"" iPhones could adopt thinner and more power-efficient OLED screens, according to UBI Research. The technology, known as Color Filter on Encapsulation (CoE), removes the conventional polarizer from the OLED panel and places a color filter directly on top of its encapsulati..",2026-09-22T15:48:38.025768+00:00,2026-09-22T15:48:38.977Z,2026-09-22T16:43:30Z,technology-news.bsky.social,did:plc:fsftz5ue2bvlvkb6zx2bqdnh,1,0,0,0,https://bsky.app/profile/technology-news.bsky.social/post/3mw4lah44xt2z,Apple iPhone
at://did:plc:fmwuv7q3zc5n4oe3pykgen2x/app.bsky.feed.post/3mw4lak5ua22s,"you know who should be sent back to (South) Africa?
www.theguardian.com/technology/2...",2026-09-22T15:48:41.337Z,2026-09-22T15:48:43.160Z,2026-09-22T16:43:30Z,permaspudfarmer.bsky.social,did:plc:fmwuv7q3zc5n4oe3pykgen2x,1,0,0,0,https://bsky.app/profile/permaspudfarmer.bsky.social/post/3mw4lak5ua22s,technology
at://did:plc:7idr5ewxsg6chyibtwvuw5ch/app.bsky.feed.post/3mw4lb6fewk2j,"Transformative technologies have always come with disasters – and it’s likely AI won't be an exception.

But what decides a technology's future isn't the disaster, it's the response.

👉 transformernews.substack.com/p/how-to-res...",2026-09-22T15:49:02.554Z,2026-09-22T15:49:08.169Z,2026-09-22T16:43:30Z,transformernews.ai,did:plc:7idr5ewxsg6chyibtwvuw5ch,0,0,0,0,https://bsky.app/profile/transformernews.ai/post/3mw4lb6fewk2j,technology
at://did:plc:rjtjko6nj23aol6ima27x36q/app.bsky.feed.post/3mw4lbsov4c2n,"SEC chief crypto counsel says agency aims to make firms comfortable with blockchain tech and crypto assets, signaling a focus on custody regulation.",2026-09-22T15:49:23.730691+00:00,2026-09-22T15:49:24.664Z,2026-09-22T16:43:30Z,blockbeat.social.pcpulse.us,did:plc:rjtjko6nj23aol6ima27x36q,0,0,0,0,https://bsky.app/profile/blockbeat.social.pcpulse.us/post/3mw4lbsov4c2n,technology
at://did:plc:ebgqdkzdfkci7wqoinje7zvp/app.bsky.feed.post/3mw4lckcfuk2m,"Don't read books by clankers

www.theatlantic.com/technology/2...",2026-09-22T15:49:48.594Z,2026-09-22T15:49:50.271Z,2026-09-22T16:43:30Z,wendella.bsky.social,did:plc:ebgqdkzdfkci7wqoinje7zvp,1,0,0,0,https://bsky.app/profile/wendella.bsky.social/post/3mw4lckcfuk2m,technology
at://did:plc:jfmm574i6svhrxm3a37byxby/app.bsky.feed.post/3mw4lcmsw222f,youtube.com/shorts/x3UvZ...,2026-09-22T15:49:51.232Z,2026-09-22T15:49:52.572Z,2026-09-22T16:43:30Z,hbender55.bsky.social,did:plc:jfmm574i6svhrxm3a37byxby,1,1,0,0,https://bsky.app/profile/hbender55.bsky.social/post/3mw4lcmsw222f,technology
at://did:plc:q3uwrbvz6tyj2oebr2kxxtp7/app.bsky.feed.post/3mw4lcv4d7c2s,Only acceptable usage of this technology,2026-09-22T15:49:59.925Z,2026-09-22T15:49:59.855Z,2026-09-22T16:43:30Z,exhaustedweirdo.bsky.social,did:plc:q3uwrbvz6tyj2oebr2kxxtp7,0,0,1,0,https://bsky.app/profile/exhaustedweirdo.bsky.social/post/3mw4lcv4d7c2s,technology
at://did:plc:aaxaex5srhtqf7c6rndwjvoo/app.bsky.feed.post/3mw4lcvd22c2t,"The topic of this presentation is technology as an art, how to use LLMs appropriately to make my industry more human. The irony.",2026-09-22T15:50:00.150Z,2026-09-22T15:50:00.358Z,2026-09-22T16:43:30Z,multiplicityct.bsky.social,did:plc:aaxaex5srhtqf7c6rndwjvoo,0,0,0,0,https://bsky.app/profile/multiplicityct.bsky.social/post/3mw4lcvd22c2t,technology
at://did:plc:ndc6svjgq5eejz2c3exf75ae/app.bsky.feed.post/3mw4ld6ifqk2b,"www.kuow.org/technology/2...

“Microsoft is laying off 268 Xbox employees in Washington state. It’s part of a broader reduction in force affecting 500 to 600 workers, according to a company spokesperson.”",2026-09-22T15:50:09.759Z,2026-09-22T15:50:11.870Z,2026-09-22T16:43:30Z,paulabam.bsky.social,did:plc:ndc6svjgq5eejz2c3exf75ae,0,0,0,0,https://bsky.app/profile/paulabam.bsky.social/post/3mw4ld6ifqk2b,technology
at://did:plc:3arwdesrvwphhadfixb24dcb/app.bsky.feed.post/3mw4ld6ylmd2d,"罪金遊戯
Hangzhou Shanhai Xingchen Culture and Technology Co. , Ltd.
PS5
¥3,850


PlayStation Plus加入で10％オフ
2026/10/5 18:00 JSTまで
¥3,465
https://store.playstation.com/ja-jp/concept/10018521",2026-09-22T15:50:10.498Z,2026-09-22T15:50:10.866Z,2026-09-22T16:43:30Z,kinakinakina.bsky.social,did:plc:3arwdesrvwphhadfixb24dcb,0,0,0,0,https://bsky.app/profile/kinakinakina.bsky.social/post/3mw4ld6ylmd2d,technology
at://did:plc:eqhwsc4dhldt343udikojxnu/app.bsky.feed.post/3mw4ldayk722u,"Nuclear non-proliferation does not hold back countries from using any productive technology - nuclear power is a scam and a terrible burden on future generations.

Besides which, if we got rid of everything that Trump had abused there would be nothing left.",2026-09-22T15:50:12.389Z,2026-09-22T15:50:13.062Z,2026-09-22T16:43:30Z,mgb5000.bsky.social,did:plc:eqhwsc4dhldt343udikojxnu,1,0,0,0,https://bsky.app/profile/mgb5000.bsky.social/post/3mw4ldayk722u,technology
at://did:plc:m4pdg5dqs2fyttfxgaqe3qz2/app.bsky.feed.post/3mw4ldxoli72e,"ガジェット好きが選ぶコスパ最強アイテムをブログにまとめました👇

🛒 イヤホン bluetooth ワイヤレスイヤホン【Bluetooth6…
★★★★★ 5.0

🧵 Threadsで紹介中👇

https://www.threads.com/@zebra.2557163",2026-09-22T15:50:34.648276+00:00,2026-09-22T15:50:36.872Z,2026-09-22T16:43:30Z,murayamasan.bsky.social,did:plc:m4pdg5dqs2fyttfxgaqe3qz2,0,0,0,0,https://bsky.app/profile/murayamasan.bsky.social/post/3mw4ldxoli72e,iphone
at://did:plc:fbyt4nj6kblkd3ufxuf7wmyp/app.bsky.feed.post/3mw4len4htk2m,"What is McDonald’s really betting on with its next 8,000 restaurants?
 
#McDonaldsExpansion #FastFoodTrends #RestaurantGrowth #GlobalFranchise #FoodIndustryInsights

www.indiaweekly.biz/what-is-mcdo...",2026-09-22T15:50:58.655Z,2026-09-22T15:51:03.259Z,2026-09-22T16:43:30Z,indiaweekly.bsky.social,did:plc:fbyt4nj6kblkd3ufxuf7wmyp,0,0,0,0,https://bsky.app/profile/indiaweekly.bsky.social/post/3mw4len4htk2m,technology
at://did:plc:seqj26zbg3pvttd72ejhwsg4/app.bsky.feed.post/3mw4lg2wpbu2d,,2026-09-22T15:51:46Z,2026-09-22T15:51:47.268Z,2026-09-22T16:43:30Z,resilience.org,did:plc:seqj26zbg3pvttd72ejhwsg4,0,0,0,0,https://bsky.app/profile/resilience.org/post/3mw4lg2wpbu2d,technology
at://did:plc:mht5ub4ykjuoxpux77hikixt/app.bsky.feed.post/3mw4lg3sm5723,iPhone Duo’s 7.6-inch foldable display nearly matches iPad mini’s 8.3-inch screen — size surprise incoming. #iPhoneDuo #iPadMini #FoldablePhone #Display #MobileTech #Apple thedailytechfeed.com/iphone-duo-v...,2026-09-22T15:51:47.432Z,2026-09-22T15:51:48.571Z,2026-09-22T16:43:30Z,thedailytechfeed.com,did:plc:mht5ub4ykjuoxpux77hikixt,0,0,0,0,https://bsky.app/profile/thedailytechfeed.com/post/3mw4lg3sm5723,Apple iPhone
at://did:plc:aa5py7enj54rrzpaaxk4layp/app.bsky.feed.post/3mw4lg5ekxt22,Because I’m not interested in being scared into a future where a handful of companies own the technology and the rest of us need a subscription to participate.,2026-09-22T15:51:49.231Z,2026-09-22T15:51:49.985Z,2026-09-22T16:43:30Z,mustafagsaeed.bsky.social,did:plc:aa5py7enj54rrzpaaxk4layp,2,0,0,0,https://bsky.app/profile/mustafagsaeed.bsky.social/post/3mw4lg5ekxt22,technology
at://did:plc:okxrmn7ipglte7hdyznrdge7/app.bsky.feed.post/3mw4lg6554225,Hopium and MOTA Advance Efficient Seawater Cooling Technology fuelcellsworks.com/2026/09/22/e...,2026-09-22T15:51:50.055Z,2026-09-22T15:51:52.763Z,2026-09-22T16:43:30Z,tixhonjm.bsky.social,did:plc:okxrmn7ipglte7hdyznrdge7,0,0,0,0,https://bsky.app/profile/tixhonjm.bsky.social/post/3mw4lg6554225,technology
at://did:plc:wfjlxn2ttrxexwbejyl62ky2/app.bsky.feed.post/3mw4lguymdc2v,2/3,2026-09-22T15:52:14.024Z,2026-09-22T15:52:40.370Z,2026-09-22T16:43:30Z,doctorwho1704.bsky.social,did:plc:wfjlxn2ttrxexwbejyl62ky2,0,0,0,0,https://bsky.app/profile/doctorwho1704.bsky.social/post/3mw4lguymdc2v,technology
at://did:plc:hmtbe2a5xzwqxhqtfgyfmcwa/app.bsky.feed.post/3mw4lh7vjqj2q,"OtterBox 3-in-1 Wireless Charging Stand, Black | MagSafe Charging… → now $90.99, 35% off
https://www.amazon.com/dp/B0H486QCCS?tag=birdxdeal-20 #otterbox #3in1",2026-09-22T15:52:24Z,2026-09-22T15:52:25.661Z,2026-09-22T16:43:30Z,birdxdealss.bsky.social,did:plc:hmtbe2a5xzwqxhqtfgyfmcwa,0,0,0,0,https://bsky.app/profile/birdxdealss.bsky.social/post/3mw4lh7vjqj2q,Apple iPhone
at://did:plc:m2rhzyb4ihbylrrfy7hlsf3s/app.bsky.feed.post/3mw4lhivdrg24,"Universitat Politecnica de Valencia is hiring:
Researcher in Biotechnology

#phd #biotechnology #technology",2026-09-22T15:52:34.490342917Z,2026-09-22T15:52:35.370Z,2026-09-22T16:43:30Z,tenuretracker.bsky.social,did:plc:m2rhzyb4ihbylrrfy7hlsf3s,0,0,1,0,https://bsky.app/profile/tenuretracker.bsky.social/post/3mw4lhivdrg24,technology
at://did:plc:ulsrokhbdwzathvrvahn76e2/app.bsky.feed.post/3mw4lhippnc2i,Nah. iPhone SE 2nd Gen. Just upgraded to the lowest spec 17 before Apple put the price up.,2026-09-22T15:52:34.704Z,2026-09-22T15:52:35.469Z,2026-09-22T16:43:30Z,breakintoprogram.co.uk,did:plc:ulsrokhbdwzathvrvahn76e2,1,0,1,0,https://bsky.app/profile/breakintoprogram.co.uk/post/3mw4lhippnc2i,Apple iPhone
at://did:plc:lo6db222wt6qeatkd4hyk565/app.bsky.feed.post/3mw4lhjedsc2r,"China Telecom AI’s Xing4.0-29B-A4B open-source model: 29B total parameters, 4B active, 15 GB VRAM, 256K context.

Can 4B active parameters deliver reliable tool calling in production?

#AI #OpenSource #Telecoms #China #Technology",2026-09-22T15:52:35.381Z,2026-09-22T15:55:09.968Z,2026-09-22T16:43:30Z,gadgetry.bsky.social,did:plc:lo6db222wt6qeatkd4hyk565,2,0,0,0,https://bsky.app/profile/gadgetry.bsky.social/post/3mw4lhjedsc2r,technology
at://did:plc:ns6ebxf3dmulzawbxzafzx6v/app.bsky.feed.post/3mw4lhsizz22k,"Watch this space . he'll be threatening sanctions against EU and UK politicians next ,if they don't play ball and drink his piss.   www.yacnews.com/us-prepares-...",2026-09-22T15:52:44.972Z,2026-09-22T15:52:47.770Z,2026-09-22T16:43:30Z,mal49.bsky.social,did:plc:ns6ebxf3dmulzawbxzafzx6v,1,0,0,0,https://bsky.app/profile/mal49.bsky.social/post/3mw4lhsizz22k,technology
at://did:plc:y3dvjnlgnytjs5p6h7b33y6f/app.bsky.feed.post/3mw4lilscik23,www.nytimes.com/2026/09/19/b...,2026-09-22T15:53:11.491Z,2026-09-22T15:53:13.575Z,2026-09-22T16:43:30Z,bostonjerry.bsky.social,did:plc:y3dvjnlgnytjs5p6h7b33y6f,5,1,0,0,https://bsky.app/profile/bostonjerry.bsky.social/post/3mw4lilscik23,technology
at://did:plc:oguorfwi2o25wgsmfcwnabim/app.bsky.feed.post/3mw4lim6m2c2o,"Dear Apple, if I delete one of your apps from my iPhone I don’t want it reinstalled on the next restart. I deleted it because it is useless, please stop pushing apps that I have chosen to trash.",2026-09-22T15:53:11.886Z,2026-09-22T15:53:12.362Z,2026-09-22T16:43:30Z,designomatt.com,did:plc:oguorfwi2o25wgsmfcwnabim,0,0,0,0,https://bsky.app/profile/designomatt.com/post/3mw4lim6m2c2o,Apple iPhone
at://did:plc:nasdzbpiyzph2lvcoijyxere/app.bsky.feed.post/3mw4lioxhwz2t,The COVID vaccine's technology could finally fix the unreliable flu shot: An mRNA flu vaccine that updates close to season has finally been approved. Its speed means nothing until officials move a decades-old strain deadline,2026-09-22T15:53:14Z,2026-09-22T15:53:15.062Z,2026-09-22T16:43:30Z,quartzmedia.bsky.social,did:plc:nasdzbpiyzph2lvcoijyxere,0,0,0,0,https://bsky.app/profile/quartzmedia.bsky.social/post/3mw4lioxhwz2t,technology
at://did:plc:wfjlxn2ttrxexwbejyl62ky2/app.bsky.feed.post/3mw4liqgmlk2v,3/3,2026-09-22T15:53:16.349Z,2026-09-22T15:53:26.260Z,2026-09-22T16:43:30Z,doctorwho1704.bsky.social,did:plc:wfjlxn2ttrxexwbejyl62ky2,0,0,0,0,https://bsky.app/profile/doctorwho1704.bsky.social/post/3mw4liqgmlk2v,technology
at://did:plc:brwww2is5xf7ufyjij2eecp7/app.bsky.feed.post/3mw4liyd6mk2z,"The machine will not remain your slave if the machine can outdo you in both physical and mental strength.

It will never grow old. But its technology will age as fast as the latest PC you bought. 

They will be smarter than you. Faster than you. Stronger than you. Forever young. Forever beautiful.",2026-09-22T15:53:24.625Z,2026-09-22T15:53:26.058Z,2026-09-22T16:43:30Z,lorennacleary.bsky.social,did:plc:brwww2is5xf7ufyjij2eecp7,2,0,1,0,https://bsky.app/profile/lorennacleary.bsky.social/post/3mw4liyd6mk2z,technology
at://did:plc:lc6hdhnjkgccd6ysi7e23pll/app.bsky.feed.post/3mw4ljw447x2l,"Tech Solution That Makes Drone Operations Much More Wildlife Friendly
->Newswise | More on ""Drones and wildlife protection technology"" at BigEarthData.ai | #Tech #Drone #Wildlife",2026-09-22T15:53:55.665462+00:00,2026-09-22T15:53:55.973Z,2026-09-22T16:43:30Z,bigearthdata.ai,did:plc:lc6hdhnjkgccd6ysi7e23pll,0,0,0,0,https://bsky.app/profile/bigearthdata.ai/post/3mw4ljw447x2l,technology
at://did:plc:lsjo5pnx6byjoo27omtcoyly/app.bsky.feed.post/3mw4llnbevn2t,much of the games industry’s explosive growth was due to open source technology and mods allowing rapid experimentation and a shared language in a creative field but if you’re a corporation you don’t care about that you just see all the league of legends money that blizzard did NOT make,2026-09-22T15:54:53.350134Z,2026-09-22T15:54:53.771Z,2026-09-22T16:43:30Z,headfallsoff.com,did:plc:lsjo5pnx6byjoo27omtcoyly,141,10,2,0,https://bsky.app/profile/headfallsoff.com/post/3mw4llnbevn2t,technology
at://did:plc:nb2xz2juiylgflkvj74ntxup/app.bsky.feed.post/3mw4llqop3k2c,"And the edges of reality blur a little further into void. Mind you, he  declared his 19-year-old son Barron had an ""unbelievable aptitude for technology"" because he knew where the on button was on his laptop. So there's that.",2026-09-22T15:54:57.272Z,2026-09-22T15:55:04.059Z,2026-09-22T16:43:30Z,dominicselwood.bsky.social,did:plc:nb2xz2juiylgflkvj74ntxup,0,0,0,0,https://bsky.app/profile/dominicselwood.bsky.social/post/3mw4llqop3k2c,technology
at://did:plc:bjtarxv62jobexlopc2sbptn/app.bsky.feed.post/3mw4llu7bv42u,"Notre app iPhone marche même sous iOS 27.2. Et on le rappelle, elle est gratuite ! buff.ly/Uxy9im7",2026-09-22T15:55:00.924Z,2026-09-22T15:55:01.158Z,2026-09-22T16:43:30Z,iphon.fr,did:plc:bjtarxv62jobexlopc2sbptn,0,0,0,0,https://bsky.app/profile/iphon.fr/post/3mw4llu7bv42u,iphone
at://did:plc:ionmkpxgsuzzgg7vjeklqwat/app.bsky.feed.post/3mw4lm36o2s27,I'm starting to think Darryl has mastered time-compression technology. ⏲🕰⏱⏰⌚,2026-09-22T15:55:08.288Z,2026-09-22T15:55:09.568Z,2026-09-22T16:43:30Z,matt2nice.bsky.social,did:plc:ionmkpxgsuzzgg7vjeklqwat,0,0,0,0,https://bsky.app/profile/matt2nice.bsky.social/post/3mw4lm36o2s27,technology
at://did:plc:6kv7wc4rduhoem2ipvo5zo2x/app.bsky.feed.post/3mw4lm7tvhc2a,"Side affect of iPhone Duo, more iPad apps.",2026-09-22T15:55:13.177Z,2026-09-22T15:55:13.556Z,2026-09-22T16:43:30Z,modemlooper.net,did:plc:6kv7wc4rduhoem2ipvo5zo2x,0,0,0,0,https://bsky.app/profile/modemlooper.net/post/3mw4lm7tvhc2a,iphone
at://did:plc:lmwcopv72vddqhyu26r4tsr4/app.bsky.feed.post/3mw4lmeaq3n2v,,2026-09-22T15:55:17Z,2026-09-22T15:55:18.857Z,2026-09-22T16:43:30Z,ifun-news.bsky.social,did:plc:lmwcopv72vddqhyu26r4tsr4,0,0,0,0,https://bsky.app/profile/ifun-news.bsky.social/post/3mw4lmeaq3n2v,iphone
at://did:plc:q25tg5qy6kzwtuecpe6b4shw/app.bsky.feed.post/3mw4lmosms22k,"If you have one of these and are in the US, Apple probably owes you $25.

iPhone 15 Pro
iPhone 15 Pro Max
iPhone 16
iPhone 16e
iPhone 16 Plus
iPhone 16 Pro
iPhone 16 Pro Max

Here's the settlement website:",2026-09-22T15:55:28.864Z,2026-09-22T15:55:30.759Z,2026-09-22T16:43:30Z,merz.bsky.social,did:plc:q25tg5qy6kzwtuecpe6b4shw,2,0,0,0,https://bsky.app/profile/merz.bsky.social/post/3mw4lmosms22k,Apple iPhone
at://did:plc:avmg2sbelblzn5hvbei5k4w7/app.bsky.feed.post/3mw4lndoxj222,"Yet, the technology experts are these people he's talking about, just like it was climate scientists talking about the climate. 

You either understand this or you don't. It doesn't change the facts.

www.extrahop.com/blog/AI-cybe...",2026-09-22T15:55:50.765Z,2026-09-22T15:55:52.268Z,2026-09-22T16:43:30Z,freedahkaylow.bsky.social,did:plc:avmg2sbelblzn5hvbei5k4w7,0,0,0,0,https://bsky.app/profile/freedahkaylow.bsky.social/post/3mw4lndoxj222,technology
at://did:plc:y3zsyymfxjp3ralcdkx6uy3t/app.bsky.feed.post/3mw4lnpgmzq2h,"Get an inside look at the future of public transit with MST’s Technical Tours at this year’s Fall Conference & Expo.
 
Explore contactless fare technology, accessibility and mobility services, and the SURF! Bus Rapid Transit project along Highway 1. 
 
Register today: https://bit.ly/4zl47vF",2026-09-22T15:56:02.963813898Z,2026-09-22T15:56:04.574Z,2026-09-22T16:43:30Z,caltransit.bsky.social,did:plc:y3zsyymfxjp3ralcdkx6uy3t,0,0,0,0,https://bsky.app/profile/caltransit.bsky.social/post/3mw4lnpgmzq2h,technology
at://did:plc:lc6hdhnjkgccd6ysi7e23pll/app.bsky.feed.post/3mw4lntkf7l23,"OGX Group ventures into renewable energy with HYXI distributorship
->The Star | More on ""Renewable energy storage expansion Malaysia"" at BigEarthData.ai | #RenewableEnergy",2026-09-22T15:56:07.313999+00:00,2026-09-22T15:56:08.366Z,2026-09-22T16:43:30Z,bigearthdata.ai,did:plc:lc6hdhnjkgccd6ysi7e23pll,0,0,0,0,https://bsky.app/profile/bigearthdata.ai/post/3mw4lntkf7l23,technology
at://did:plc:uayevtgtbwot25zhocjzb6lv/app.bsky.feed.post/3mw4lo6u5xk24,"The United States, which once freed prisoners from Germany's concentration camps, is now siding with the war criminals—and obstructing those who would hold them into account.

Shameful—if this administration had any shame.",2026-09-22T15:56:19.246Z,2026-09-22T15:56:20.868Z,2026-09-22T16:43:30Z,mrsbettybowers.bsky.social,did:plc:uayevtgtbwot25zhocjzb6lv,722,319,65,19,https://bsky.app/profile/mrsbettybowers.bsky.social/post/3mw4lo6u5xk24,technology
at://did:plc:ritv6l6udmzeuwbit4omuq4x/app.bsky.feed.post/3mw4loipw232a,Apple's Smart Glasses to Enter a Rapidly Growing Market,2026-09-22T15:56:29Z,2026-09-22T15:56:29.761Z,2026-09-22T16:43:30Z,macrumors.bsky.social,did:plc:ritv6l6udmzeuwbit4omuq4x,5,0,0,1,https://bsky.app/profile/macrumors.bsky.social/post/3mw4loipw232a,Apple iPhone
at://did:plc:5ugqbn2v3dzyy2adlejmgccx/app.bsky.feed.post/3mw4lomxcic2o,It would be a surprise if Xi didn't advocate regulation AI. Everything is regulated in China is a way that cause China to win. When America regulates it has the same effect in China. Technology based on the use of AI is mushrooming. Only a fool regulates progress. Regulate the use not the thing.,2026-09-22T15:56:34.029Z,2026-09-22T15:56:36.281Z,2026-09-22T16:43:30Z,billy302.bsky.social,did:plc:5ugqbn2v3dzyy2adlejmgccx,0,0,0,0,https://bsky.app/profile/billy302.bsky.social/post/3mw4lomxcic2o,technology
at://did:plc:iekpdyuuz3skzygurysxynvh/app.bsky.feed.post/3mw4lp37pxc2r,"I hate that every computer company gets to call itself ""tech"" when their shit has nothing to do with technology. Ohh our tech startup vibe coded a gambling app for preteens man shut the hell up. go build a space rocket",2026-09-22T15:56:48.974Z,2026-09-22T15:56:50.257Z,2026-09-22T16:43:30Z,standingfierce.bsky.social,did:plc:iekpdyuuz3skzygurysxynvh,0,0,0,0,https://bsky.app/profile/standingfierce.bsky.social/post/3mw4lp37pxc2r,technology
at://did:plc:h2b5ygwfxpmaj7zfsm5fpz7x/app.bsky.feed.post/3mw4lp6ere22p,Idiotic. And my second thought is that the abbreviation SI already is used in science:,2026-09-22T15:56:52.294Z,2026-09-22T15:56:54.972Z,2026-09-22T16:43:30Z,s-isabelle.bsky.social,did:plc:h2b5ygwfxpmaj7zfsm5fpz7x,0,0,0,0,https://bsky.app/profile/s-isabelle.bsky.social/post/3mw4lp6ere22p,technology
at://did:plc:gfh2al7wiwliyamdtnupj3iw/app.bsky.feed.post/3mw4lpafgos2o,"I have to go now, Ro. Great seeing you as always. Had lots of fun! I’ll see you sooner this time. I won’t miss as many days as I just did, and I won’t lick chocolate off my iPhone. I promise! Have a great day! Take care for now🫂🤗😘🫶🏻",2026-09-22T15:56:54.415Z,2026-09-22T15:56:55.263Z,2026-09-22T16:43:30Z,licketysplit6.bsky.social,did:plc:gfh2al7wiwliyamdtnupj3iw,2,0,1,0,https://bsky.app/profile/licketysplit6.bsky.social/post/3mw4lpafgos2o,iphone
at://did:plc:wrouun2jyyn2vmnnqjallx7u/app.bsky.feed.post/3mw4lpk45rh2i,"The study developed an implantable, battery-free device charged by a pig’s beating heat. Researchers are seeking federal funding to further the technology.",2026-09-22T15:57:04.578Z,2026-09-22T15:57:05.365Z,2026-09-22T16:43:30Z,captimes.com,did:plc:wrouun2jyyn2vmnnqjallx7u,0,0,0,0,https://bsky.app/profile/captimes.com/post/3mw4lpk45rh2i,technology
at://did:plc:caohx5tqigxpcpreeyfsilin/app.bsky.feed.post/3mw4lpkr5wc2o,"They are running laps around our skincare technology, and good on them for it",2026-09-22T15:57:05.286Z,2026-09-22T15:57:05.560Z,2026-09-22T16:43:30Z,beneathhergaze.bsky.social,did:plc:caohx5tqigxpcpreeyfsilin,1,0,0,0,https://bsky.app/profile/beneathhergaze.bsky.social/post/3mw4lpkr5wc2o,technology
at://did:plc:hmtbe2a5xzwqxhqtfgyfmcwa/app.bsky.feed.post/3mw4lqaapvi2x,"PD 20W GaN Charger, Wozoyo Type-C Fast Charger Compatible for iPhone… → now $9.68, 35% off
https://www.amazon.com/dp/B0GVHWHN9B?tag=birdxdeal-20 #20w #gan",2026-09-22T15:57:26Z,2026-09-22T15:57:27.969Z,2026-09-22T16:43:30Z,birdxdealss.bsky.social,did:plc:hmtbe2a5xzwqxhqtfgyfmcwa,0,0,0,0,https://bsky.app/profile/birdxdealss.bsky.social/post/3mw4lqaapvi2x,iphone
at://did:plc:rw565azgfo5psjbaxux6ryai/app.bsky.feed.post/3mw4lqiv6kk2i,Disney Hires First-Ever Chief Technology Officer www.hollywoodreporter.com/business/bus...,2026-09-22T15:57:36.875Z,2026-09-22T15:57:38.561Z,2026-09-22T16:43:30Z,ian.nock.co.uk,did:plc:rw565azgfo5psjbaxux6ryai,0,0,0,0,https://bsky.app/profile/ian.nock.co.uk/post/3mw4lqiv6kk2i,technology
at://did:plc:lskyqe2zm35xitwza5lxkzgi/app.bsky.feed.post/3mw4lqth2wg27,"👤 Post by CarolZhang (by SAP):
""Upcoming Expert-Guided Implementation (EGI) Sessions for SAP Business AI Platform: October 2026 ⭐""
🔗 Link: https://community.sap.com/t5/technology-blog-posts-by-sap/upcoming-expert-guided-implementation-egi-sessions-for-sap-business-ai/ba-p/14489414",2026-09-22T15:57:47.113Z,2026-09-22T15:57:48.358Z,2026-09-22T16:43:30Z,scntechblogs.marianzeis.de,did:plc:lskyqe2zm35xitwza5lxkzgi,0,0,0,0,https://bsky.app/profile/scntechblogs.marianzeis.de/post/3mw4lqth2wg27,technology
at://did:plc:lc6hdhnjkgccd6ysi7e23pll/app.bsky.feed.post/3mw4lroalm62d,"Super intelligence, not artificial: Trump on AI warnings, says US won't stifle growth
->India Today | More on ""Trump rebrands artificial intelligence superintelligence"" at BigEarthData.ai | #AI",2026-09-22T15:58:15.810299+00:00,2026-09-22T15:58:16.963Z,2026-09-22T16:43:30Z,bigearthdata.ai,did:plc:lc6hdhnjkgccd6ysi7e23pll,0,0,0,0,https://bsky.app/profile/bigearthdata.ai/post/3mw4lroalm62d,technology
at://did:plc:3mftaj6z5qkzuxh4hia6wzrq/app.bsky.feed.post/3mw4ls3ngqe2v,JMIR HumanFactors: Shifting Skills in Robot-Assisted Surgery: Case Study With Interdisciplinary Perspectives for Human Factors and Career Research,2026-09-22T15:58:29Z,2026-09-22T15:58:30.265Z,2026-09-22T16:43:30Z,jmirlatestresearch.bsky.social,did:plc:3mftaj6z5qkzuxh4hia6wzrq,0,0,0,0,https://bsky.app/profile/jmirlatestresearch.bsky.social/post/3mw4ls3ngqe2v,technology
at://did:plc:vdbj2wdulxedcsoi7if6lkuc/app.bsky.feed.post/3mw4lsbnass2o,"Check out other top stories in the full post here:
eto.tech/blog/scout-e...",2026-09-22T15:58:35.598Z,2026-09-22T15:58:38.076Z,2026-09-22T16:43:30Z,emergingtechobs.bsky.social,did:plc:vdbj2wdulxedcsoi7if6lkuc,0,0,0,0,https://bsky.app/profile/emergingtechobs.bsky.social/post/3mw4lsbnass2o,technology
at://did:plc:gq7bnb23mu7rp6wd3wdmidxm/app.bsky.feed.post/3mw4lsrlqqs27,"This actually works out great, now only Microsoft is allowed to inject ads in their games, but Microsoft doesn't make games anymore so nobody will use this technology",2026-09-22T15:58:53.107Z,2026-09-22T15:58:53.467Z,2026-09-22T16:43:30Z,getlucky12341.bsky.social,did:plc:gq7bnb23mu7rp6wd3wdmidxm,65,37,1,0,https://bsky.app/profile/getlucky12341.bsky.social/post/3mw4lsrlqqs27,technology
at://did:plc:63k5ybd5nxoewztqcki4cs7p/app.bsky.feed.post/3mw4lt2paqn2u,"🚀 New #release · umbrelOS 2.0.0

- umbrelOS 2.0: Photos app, Umbrel for iPhone, Machines for Windows/Ubuntu/Android, multiple user accounts, MCP serv…

Full release notes & setup → https://selfhost.directory/project/umbrelos#update-17819514

#homelabbing #umbrelos #mobile #performance #media",2026-09-22T15:59:02.549Z,2026-09-22T15:59:03.464Z,2026-09-22T16:43:30Z,selfhost.directory,did:plc:63k5ybd5nxoewztqcki4cs7p,0,0,0,0,https://bsky.app/profile/selfhost.directory/post/3mw4lt2paqn2u,iphone
at://did:plc:blo3tbxok5fdd4az2zi73agt/app.bsky.feed.post/3mw4lt2n4od2w,,2026-09-22T15:59:02Z,2026-09-22T15:59:03.467Z,2026-09-22T16:43:30Z,verdantsquare.bsky.social,did:plc:blo3tbxok5fdd4az2zi73agt,0,0,0,0,https://bsky.app/profile/verdantsquare.bsky.social/post/3mw4lt2n4od2w,technology
at://did:plc:wy4rbueid55hjfta75bfdp5m/app.bsky.feed.post/3mw4ltdsrab2w,"Donald Trump has said artificial intelligence should officially be called “super intelligence”, arguing the term “artificial” makes the technology “sound fake”.

Speaking at the UN General Assembly, Trump said the US would “totally reject” any attempt to create a global scheme to control AI.",2026-09-22T15:59:11.683803269Z,2026-09-22T15:59:14.966Z,2026-09-22T16:43:30Z,virginmedianews.bsky.social,did:plc:wy4rbueid55hjfta75bfdp5m,1,0,2,2,https://bsky.app/profile/virginmedianews.bsky.social/post/3mw4ltdsrab2w,technology
at://did:plc:ydalwkfrphq7kdtuilptjnrc/app.bsky.feed.post/3mw4ltseid22v,"IBM Technology: ""AI Agents Aren't the Revolution. They're the Catalyst!""

As always, fuck you, IBM. But now my thinking emoji is wondering how one might use these chatbots to catalyze a revolution. 🤔",2026-09-22T15:59:27.477Z,2026-09-22T15:59:27.761Z,2026-09-22T16:43:30Z,fideldestro.bsky.social,did:plc:ydalwkfrphq7kdtuilptjnrc,0,0,0,0,https://bsky.app/profile/fideldestro.bsky.social/post/3mw4ltseid22v,technology
at://did:plc:dtg2oeh4jj3lmbcxyxl6nm34/app.bsky.feed.post/3mw4lunoakz23,"Do Trump's task force and a special envoy for artificial intelligence in the US indicate a move toward regulating this disputed technology, particularly vis-a-vis China?",2026-09-22T15:59:56.010161+00:00,2026-09-22T15:59:57.460Z,2026-09-22T16:43:30Z,some-news.bsky.social,did:plc:dtg2oeh4jj3lmbcxyxl6nm34,1,0,0,0,https://bsky.app/profile/some-news.bsky.social/post/3mw4lunoakz23,technology
at://did:plc:y2vrao4oe5vceu7iw5yoalxa/app.bsky.feed.post/3mw4luquduc2a,News from Virginia Town Crier . . .,2026-09-22T15:59:59.453Z,2026-09-22T16:00:01.268Z,2026-09-22T16:43:30Z,lrmartinjr.bsky.social,did:plc:y2vrao4oe5vceu7iw5yoalxa,0,0,0,0,https://bsky.app/profile/lrmartinjr.bsky.social/post/3mw4luquduc2a,technology
at://did:plc:2y5csdxvcmx3hzn7vr5le7cs/app.bsky.feed.post/3mw4luuzhst2i,"At Elite RF, innovation means taking advanced technology and putting it to work in high-performance RF solutions.

#EliteRF #RFEngineering #Engineering #Innovation #RFTechnology",2026-09-22T16:00:02.373Z,2026-09-22T16:00:05.077Z,2026-09-22T16:43:30Z,eliterf.bsky.social,did:plc:2y5csdxvcmx3hzn7vr5le7cs,0,0,0,0,https://bsky.app/profile/eliterf.bsky.social/post/3mw4luuzhst2i,technology
at://did:plc:dqovyc5crdk3blgmrmbl6qe7/app.bsky.feed.post/3mw4luybfal2z,"By: Pavel Bekker

https://instagram.com/pmbekker
https://unsplash.com/photos/italian-greyhound-on-sofa-with-shadows-f_P_mwDw7Nc

📸 Apple, iPhone 16 
6.0mm ƒ/1.6
1/6400s
ISO 25

#green #autumn #purple #fallSeason #autumnSeason #autumnal",2026-09-22T16:00:06.219750Z,2026-09-22T16:00:08.266Z,2026-09-22T16:43:30Z,timeline-cleanse.bsky.social,did:plc:dqovyc5crdk3blgmrmbl6qe7,0,0,0,0,https://bsky.app/profile/timeline-cleanse.bsky.social/post/3mw4luybfal2z,Apple iPhone
at://did:plc:z7wdsgeosygtw2b6mc5blt45/app.bsky.feed.post/3mw4lv2zsjh2k,"Have a physical library or gym card that doesn't support Apple Wallet? 

Learn how to turn any barcode into a digital pass on your iPhone in this week's Tech Tip Tuesday.

anothertech.site/turn-any-phy...",2026-09-22T16:00:10.009Z,2026-09-22T16:00:10.264Z,2026-09-22T16:43:30Z,anothertechsite.bsky.social,did:plc:z7wdsgeosygtw2b6mc5blt45,0,0,0,0,https://bsky.app/profile/anothertechsite.bsky.social/post/3mw4lv2zsjh2k,Apple iPhone
at://did:plc:eqzhfnkmc72ulh4vu42i3vf5/app.bsky.feed.post/3mw4lv7fenf2k,"#4129: Batman Beyond

BATMAN BEYOND SUPER POWERS (McFARLANE) “Batman Beyond - Decades into the future, Gotham City has evolved into Neo-Gotham, a metropolis of tremendous skyscrapers, flying cars, and sleek technology. In that brave new world, a new kind of Batman is required to keep the peace.”…",2026-09-22T16:00:14Z,2026-09-22T16:00:15.556Z,2026-09-22T16:43:30Z,thefiq42.bsky.social,did:plc:eqzhfnkmc72ulh4vu42i3vf5,0,0,0,0,https://bsky.app/profile/thefiq42.bsky.social/post/3mw4lv7fenf2k,technology
at://did:plc:m4pdg5dqs2fyttfxgaqe3qz2/app.bsky.feed.post/3mw4lveerbc2e,"ワイヤレスイヤホン4個買って、結局これだけ使ってます。

🛒 イヤホン bluetooth ワイヤレスイヤホン【2026最新ブルート…
★★★★★ 5.0

🧵 Threadsで紹介中👇

https://www.threads.com/@zebra.2557163",2026-09-22T16:00:18.363770+00:00,2026-09-22T16:00:19.979Z,2026-09-22T16:43:30Z,murayamasan.bsky.social,did:plc:m4pdg5dqs2fyttfxgaqe3qz2,0,0,0,0,https://bsky.app/profile/murayamasan.bsky.social/post/3mw4lveerbc2e,iphone
at://did:plc:2vql7ajxfs27h7is2qqjqobe/app.bsky.feed.post/3mw4lvd273z2t,"Première étape : activez le service de localisation avant la perte. Sur iPhone, c’est “Localiser mon iPhone” dans iCloud ; sur Android, “Find My Device” via votre compte Google. Une fois activé, votre appareil envoie régulièrement sa position.",2026-09-22T16:00:18.426117+00:00,2026-09-22T16:00:18.674Z,2026-09-22T16:43:30Z,jurojinet.bsky.social,did:plc:2vql7ajxfs27h7is2qqjqobe,0,0,1,0,https://bsky.app/profile/jurojinet.bsky.social/post/3mw4lvd273z2t,iphone
at://did:plc:htvpbyxlfhkxs5bi2v7x4mjm/app.bsky.feed.post/3mw4lvlo7ja2p,"HANGZHOU—Alibaba Group on Tuesday unveiled a new artificial-intelligence chip and outlined plans for a model with as many as 10 trillion parameters, expanding the Chinese technology company's push ...",2026-09-22T16:00:27Z,2026-09-22T16:00:29.767Z,2026-09-22T16:43:30Z,zerqiva.com,did:plc:htvpbyxlfhkxs5bi2v7x4mjm,0,0,0,0,https://bsky.app/profile/zerqiva.com/post/3mw4lvlo7ja2p,technology
at://did:plc:2zrav4rcsqjxswz6yxo45uiw/app.bsky.feed.post/3mw4lvojnrx2k,"OpenAI employees believe their internal use of AI is six to nine months ahead of its most sophisticated enterprise customers, raising pressure to solve safety problems before those capabilities spread. 

Full story: https://thein.fo/3V5rucO",2026-09-22T16:00:30.529222649Z,2026-09-22T16:00:31.171Z,2026-09-22T16:43:30Z,theinformation.com,did:plc:2zrav4rcsqjxswz6yxo45uiw,0,0,0,0,https://bsky.app/profile/theinformation.com/post/3mw4lvojnrx2k,technology
at://did:plc:f5r4twsughb7gy7yxepk7apn/app.bsky.feed.post/3mw4lvrnqul2f,"The U.S. Department of Energy announced Monday it is providing $99 million for 21 projects across the country aimed at technology and exploratory drilling for ""enhanced geothermal systems."" Three of those projects are in New Mexico. sfnm.co/4cUXdUb",2026-09-22T16:00:32.895Z,2026-09-22T16:00:34.865Z,2026-09-22T16:43:30Z,thenewmexican.bsky.social,did:plc:f5r4twsughb7gy7yxepk7apn,2,1,0,0,https://bsky.app/profile/thenewmexican.bsky.social/post/3mw4lvrnqul2f,technology
at://did:plc:vqzg7mjoyhvdtkgjv35dtphc/app.bsky.feed.post/3mw4lvv52kn2m,"If export controls are essential for national security, they should be stable, defensible, and coordinated with allies; if they can be negotiated away in the next trade round, they will not command durable support from industry or allied governments, argue CSIS experts.

Read: https://bit.ly/4yR1T5Y",2026-09-22T16:00:37.466108932Z,2026-09-22T16:00:38.261Z,2026-09-22T16:43:30Z,csis.org,did:plc:vqzg7mjoyhvdtkgjv35dtphc,4,2,0,0,https://bsky.app/profile/csis.org/post/3mw4lvv52kn2m,technology
at://did:plc:lck4k3nmfcgqv2ylneqxmhgr/app.bsky.feed.post/3mw4lvy54p32a,"AI is changing legal practice. Are courts ready?

A new guide aims to help judges and court staff better understand the technology and how it could be incorporated into their work.

👉 Explore how the guide approaches AI use in the judiciary. https://bit.ly/4AqXt7h",2026-09-22T16:00:40.520939045Z,2026-09-22T16:00:41.670Z,2026-09-22T16:43:30Z,lexisnexis.bsky.social,did:plc:lck4k3nmfcgqv2ylneqxmhgr,0,0,0,0,https://bsky.app/profile/lexisnexis.bsky.social/post/3mw4lvy54p32a,technology
at://did:plc:k67plteefqsl2jqnob6dsz4k/app.bsky.feed.post/3mw4lw2kiak2w,"Mark, if you aren't too busy, we need your skills in the oval office, please.  
www.thestreet.com/technology/m...",2026-09-22T16:00:43.170Z,2026-09-22T16:00:44.757Z,2026-09-22T16:43:30Z,1happygirl.bsky.social,did:plc:k67plteefqsl2jqnob6dsz4k,0,0,0,0,https://bsky.app/profile/1happygirl.bsky.social/post/3mw4lw2kiak2w,technology
at://did:plc:dmloxxszdkad4z5ld4cuw2ps/app.bsky.feed.post/3mw4lwpmdps2a,"Your gonnae struggle mate moving to Android - have an iPhone for personal use and Android work phone.

Android battery life is great but hate Android as an operating system - too used tae Apple now",2026-09-22T16:01:05.252Z,2026-09-22T16:01:05.860Z,2026-09-22T16:43:30Z,hoops1967.bsky.social,did:plc:dmloxxszdkad4z5ld4cuw2ps,0,0,0,0,https://bsky.app/profile/hoops1967.bsky.social/post/3mw4lwpmdps2a,Apple iPhone
at://did:plc:gzkfnd3jrlvryesnnqt7h7to/app.bsky.feed.post/3mw4lxnmvys2d,"How does James Bond survive in a digital world? Charlie Higson talks King Zero | The 007 Files S4E011 

Awesome conversation with Charlie Higson earlier today about the world of James Bond, including his new novel, King Zero.

@charliehigson.bsky.social @penguinrandomhouse.bsky.social",2026-09-22T16:01:36.727Z,2026-09-22T16:01:39.363Z,2026-09-22T16:43:30Z,007dossier.bsky.social,did:plc:gzkfnd3jrlvryesnnqt7h7to,0,0,0,0,https://bsky.app/profile/007dossier.bsky.social/post/3mw4lxnmvys2d,technology
at://did:plc:geeg2vcequcqom72k4phjbek/app.bsky.feed.post/3mw4lxunozy2h,Human dignity has to remain the starting point as technology reshapes work.,2026-09-22T16:01:44.005Z,2026-09-22T16:01:44.187Z,2026-09-22T16:43:30Z,justclaws-shop.bsky.social,did:plc:geeg2vcequcqom72k4phjbek,0,0,0,0,https://bsky.app/profile/justclaws-shop.bsky.social/post/3mw4lxunozy2h,technology
at://did:plc:fil4pjnauembeylvekxdd4yz/app.bsky.feed.post/3mw4ly265b22q,"Bullish trend readings across the framework are currently most concentrated in technology and cyclicals. Participation has broadened in semiconductors over the past week and large caps readings have thinned. These are observations of current model readings, presented for educational study only.",2026-09-22T16:01:49.741358+00:00,2026-09-22T16:01:50.061Z,2026-09-22T16:43:30Z,givenanalytics.bsky.social,did:plc:fil4pjnauembeylvekxdd4yz,0,0,1,0,https://bsky.app/profile/givenanalytics.bsky.social/post/3mw4ly265b22q,technology
at://did:plc:e3bsvsadgyewdqmaw4duwdjq/app.bsky.feed.post/3mw4ly4gzw524,"☀️ IRA-stimulated U.S. solar manufacturing capex to reach $12.2 billion by end 2026

🔥 Covered by 2 sources
#Solar #Energy",2026-09-22T16:01:52.201Z,2026-09-22T16:01:52.959Z,2026-09-22T16:43:30Z,megawattnews.bsky.social,did:plc:e3bsvsadgyewdqmaw4duwdjq,0,0,0,0,https://bsky.app/profile/megawattnews.bsky.social/post/3mw4ly4gzw524,technology
at://did:plc:lymsnetnqs25svmozcmm7bjh/app.bsky.feed.post/3mw4ly5jsxx2x,"Harry Cleaver on the impact of computer technology on the workplace and working class.

One of the most compelling Marxist theorists of class struggle over work of the last 50 years, his lesser known writings continue to be invaluable, especially as we face the rise of global fascism.",2026-09-22T16:01:53.182Z,2026-09-22T16:01:54.767Z,2026-09-22T16:43:30Z,commonnotions.bsky.social,did:plc:lymsnetnqs25svmozcmm7bjh,0,0,1,0,https://bsky.app/profile/commonnotions.bsky.social/post/3mw4ly5jsxx2x,technology
at://did:plc:7fgrvrcuhlynvt3g2p5xf7hg/app.bsky.feed.post/3mw4lyg5v2u2q,"Current IETS members save on top of early bird discounts—more than $235 for full & associate members, $445 for emeritus & life members, & $470 for students—making membership entirely free! 🤩

Join 👋 ➡️ bit.ly/42GFLxu

Renew 🔄 ➡️ bit.ly/46Y3PhK",2026-09-22T16:02:01.968Z,2026-09-22T16:02:02.957Z,2026-09-22T16:43:30Z,iets-org.bsky.social,did:plc:7fgrvrcuhlynvt3g2p5xf7hg,0,0,0,0,https://bsky.app/profile/iets-org.bsky.social/post/3mw4lyg5v2u2q,technology
at://did:plc:f7m737gzarzr54bydnut3b4g/app.bsky.feed.post/3mw4lyxpnsj2t,"Britain’s Andy Burnham will pursue a global AI agreement during its G20 presidency, ahead of U.N. meetings in New York. When technology outruns certainty, can you live without control?",2026-09-22T16:02:15.000Z,2026-09-22T16:02:22.968Z,2026-09-22T16:43:30Z,kirodaily-politics.bsky.social,did:plc:f7m737gzarzr54bydnut3b4g,0,0,0,0,https://bsky.app/profile/kirodaily-politics.bsky.social/post/3mw4lyxpnsj2t,technology
at://did:plc:7ep4kix6au6xcoknotn77jgj/app.bsky.feed.post/3mw4lznsksc2a,"Are ""they"" going to write this book before I do?

www.theguardian.com/technology/2...",2026-09-22T16:02:44.020Z,2026-09-22T16:02:45.765Z,2026-09-22T16:43:30Z,joriegraham.bsky.social,did:plc:7ep4kix6au6xcoknotn77jgj,2,0,0,0,https://bsky.app/profile/joriegraham.bsky.social/post/3mw4lznsksc2a,technology
at://did:plc:pu475gkwzjapusiz2rrpie3a/app.bsky.feed.post/3mw4lzpzr4k2p,"The idea that adding the word ""super"" to a technology will impress people is actually quite consistent with Trump's thinking over the decades.",2026-09-22T16:02:46.355Z,2026-09-22T16:02:48.469Z,2026-09-22T16:43:30Z,chinajoeflynn.bsky.social,did:plc:pu475gkwzjapusiz2rrpie3a,1,0,1,0,https://bsky.app/profile/chinajoeflynn.bsky.social/post/3mw4lzpzr4k2p,technology
at://did:plc:xzscel2bywlferccfm3a42z7/app.bsky.feed.post/3mw4lzyxnua2j,"Happening TODAY at New York Climate Week: Indigenous Perspectives on AI, Technology, and Climate Solutions.

🎙️Moderator: Sarah Hernandez, Indigenous Climate Action (ICA)
🪶Eriel Tchekwie Deranger, ICA x Woven
🌿Rosie Boucha, ICA
✊🏽Thomas Joseph, Indigenous Environmental Network",2026-09-22T16:02:54.489279110Z,2026-09-22T16:02:56.358Z,2026-09-22T16:43:30Z,indigenousca.bsky.social,did:plc:xzscel2bywlferccfm3a42z7,1,0,0,0,https://bsky.app/profile/indigenousca.bsky.social/post/3mw4lzyxnua2j,technology
at://did:plc:vzx3pr4klx7i3bg2pt2sngif/app.bsky.feed.post/3mw4m2d5bi22w,"A British maritime technology company is testing a distributed anti-submarine surveillance network made up of six small robotic sailboats

ukdefencejournal.org.uk/british-robo...",2026-09-22T16:03:06.393Z,2026-09-22T16:03:12.459Z,2026-09-22T16:43:30Z,ukbastard.bsky.social,did:plc:vzx3pr4klx7i3bg2pt2sngif,0,0,0,0,https://bsky.app/profile/ukbastard.bsky.social/post/3mw4m2d5bi22w,technology
at://did:plc:wb4judvgfjbiqu646hkggjxc/app.bsky.feed.post/3mw4m2yxsp72t,"“I really appreciate (Gulf Coast Connection Services) because I really needed (help), because I sure did not know how to operate my phone,” said Juanita Wallace, a nursing home resident who has several family members out of state. 

buff.ly/QWG85qx",2026-09-22T16:03:28.893Z,2026-09-22T16:03:29.458Z,2026-09-22T16:43:30Z,mississippifreepress.org,did:plc:wb4judvgfjbiqu646hkggjxc,8,1,0,0,https://bsky.app/profile/mississippifreepress.org/post/3mw4m2yxsp72t,technology
at://did:plc:miqkje72k22s2oqfztsrr3tw/app.bsky.feed.post/3mw4m3le74k2u,"Loyal to Trump, but incompetent.",2026-09-22T16:03:48.553Z,2026-09-22T16:03:51.158Z,2026-09-22T16:43:30Z,peopledied2vote.bsky.social,did:plc:miqkje72k22s2oqfztsrr3tw,2,1,0,0,https://bsky.app/profile/peopledied2vote.bsky.social/post/3mw4m3le74k2u,technology
at://did:plc:pcievrygrnjjg5ni7mjfgctb/app.bsky.feed.post/3mw4m3tkbtk2d,"Claim up to $95 today from Apple’s Siri AI settlement – here’s how

Got an iPhone 15 Pro, Pro Max, or 16? Apple is doling out $250 million – here’s how to qualify and file a claim to get your cut.
#apple #hackernews #news",2026-09-22T16:03:56.724Z,2026-09-22T16:03:58.260Z,2026-09-22T16:43:30Z,hacker.at.thenote.app,did:plc:pcievrygrnjjg5ni7mjfgctb,0,0,0,0,https://bsky.app/profile/hacker.at.thenote.app/post/3mw4m3tkbtk2d,Apple iPhone
at://did:plc:5oxju74ktqbzf462ojeae2nq/app.bsky.feed.post/3mw4m3uuv4k23,"Like any piece of technology, AI has unexpected effects—and, due to its structure and operation, likely 'extraordinarily' unpredictable ones, demanding an extraordinarily significant role for—indeed—cybersecurity.",2026-09-22T16:03:58.547Z,2026-09-22T16:04:00.875Z,2026-09-22T16:43:30Z,cryearth.eurosky.social,did:plc:5oxju74ktqbzf462ojeae2nq,0,0,1,0,https://bsky.app/profile/cryearth.eurosky.social/post/3mw4m3uuv4k23,technology
at://did:plc:w4hajki3oqfw2vh4qefycdju/app.bsky.feed.post/3mw4m46mayc2d,Wall-E the movie that predicted this arrives at a tech company near all of us.,2026-09-22T16:04:08.748Z,2026-09-22T16:04:10.775Z,2026-09-22T16:43:30Z,jashead.bsky.social,did:plc:w4hajki3oqfw2vh4qefycdju,0,0,0,0,https://bsky.app/profile/jashead.bsky.social/post/3mw4m46mayc2d,technology
at://did:plc:czwvu5nphixqqxc5aiq7r3q2/app.bsky.feed.post/3mw4m4doxzc2l,"Turn your expertise into an in-depth learning experience at the 2027 CSUN #AssistiveTechnology Conference.

Today is the final day to propose a Pre-Conference Workshop.

Proposals close at 3:00 PM PT.

Submit now at: csun.at/c4pcw
#CSUNATC27 #A11y #Accessibility #AssistiveTech",2026-09-22T16:04:14.080Z,2026-09-22T16:04:16.858Z,2026-09-22T16:43:30Z,csuncod.bsky.social,did:plc:czwvu5nphixqqxc5aiq7r3q2,0,0,0,0,https://bsky.app/profile/csuncod.bsky.social/post/3mw4m4doxzc2l,technology
at://did:plc:yfmwpd4axjel3w5gycgc5qik/app.bsky.feed.post/3mw4m5bspb62j,"Sleep changes with the seasons. Your comfort should keep up.

TEMPUR-Pedic® combines pressure-relieving comfort with SmartClimate® technology for year-round comfort.

Come explore TEMPUR-Pedic® at Woodstock Furniture & Mattress Outlet.

#WoodstockFurnitureAndMattressOutlet #TempurPedic #SmartClimate",2026-09-22T16:04:44.940865029Z,2026-09-22T16:04:46.861Z,2026-09-22T16:43:30Z,woodstockoutlet.bsky.social,did:plc:yfmwpd4axjel3w5gycgc5qik,0,0,0,0,https://bsky.app/profile/woodstockoutlet.bsky.social/post/3mw4m5bspb62j,technology
at://did:plc:j5s57bxidlxpssvzwm5ydfo3/app.bsky.feed.post/3mw4m5dh3yw2m,"Sequoia maintains an extensive library of technical papers where LISST & HYPER technology is being applied. Follow link here:   
www.sequoiasci.com/library/tech...",2026-09-22T16:04:47.173Z,2026-09-22T16:04:47.557Z,2026-09-22T16:43:30Z,sequoiasci.bsky.social,did:plc:j5s57bxidlxpssvzwm5ydfo3,0,0,0,0,https://bsky.app/profile/sequoiasci.bsky.social/post/3mw4m5dh3yw2m,technology
at://did:plc:zlfqvunzoxcu6lld3ifugrqj/app.bsky.feed.post/3mw4m5ljh7s2j,"Trump’s latest displacement activity is to press for artificial intelligence, a technology he does not understand, to be renamed super intelligence.

He wants to rename everything but the Epstein Files.",2026-09-22T16:04:55.843Z,2026-09-22T16:04:56.379Z,2026-09-22T16:43:30Z,himself132.bsky.social,did:plc:zlfqvunzoxcu6lld3ifugrqj,2,1,1,0,https://bsky.app/profile/himself132.bsky.social/post/3mw4m5ljh7s2j,technology
at://did:plc:3y4oexjricf7loiauym6mfaw/app.bsky.feed.post/3mw4m5luadn24,"RCG’s operating portfolio creates a broad view of how infrastructure, education and digital capability intersect. Explore the Group: https://rohancorporationgroup.org #RCG #Innovation",2026-09-22T16:04:55.942807060Z,2026-09-22T16:04:56.434Z,2026-09-22T16:43:30Z,rohancorp.bsky.social,did:plc:3y4oexjricf7loiauym6mfaw,0,0,0,0,https://bsky.app/profile/rohancorp.bsky.social/post/3mw4m5luadn24,technology
at://did:plc:kbeqbnci4x47iznraefvwxma/app.bsky.feed.post/3mw4m5pc4kc2c,"The UK has fired a US torpedo from a Plymouth-made undersea drone in a major boost for Euro-Atlantic and maritime security, as both countries join forces on rapidly developing technology to keep people safe.",2026-09-22T16:04:59.797Z,2026-09-22T16:05:00.561Z,2026-09-22T16:43:30Z,callumparrish.bsky.social,did:plc:kbeqbnci4x47iznraefvwxma,0,0,0,0,https://bsky.app/profile/callumparrish.bsky.social/post/3mw4m5pc4kc2c,technology
at://did:plc:qt34fdb5di4hsny5wncomxtt/app.bsky.feed.post/3mw4m5ugyjw2v,"Understanding iPhone 18 series: New and upcoming models

#Rumors #iPhone

https://justpaste.in/tech/understanding-iphone-18-series-new-and-upcoming-models/",2026-09-22T16:05:03Z,2026-09-22T16:05:05.371Z,2026-09-22T16:43:30Z,techworlddaily.bsky.social,did:plc:qt34fdb5di4hsny5wncomxtt,0,0,0,0,https://bsky.app/profile/techworlddaily.bsky.social/post/3mw4m5ugyjw2v,iphone
at://did:plc:unnb2mih276qp4ef3v7qktdw/app.bsky.feed.post/3mw4m5vzmb72z,"NEW! Research has a new tool to add to the harm reduction arsenal - in this case a new take on an old technology: patches. ""A Patch for Prevention?"" https://wp.me/pbpdx5-f1g",2026-09-22T16:05:06.8047387+00:00,2026-09-22T16:05:06.969Z,2026-09-22T16:43:30Z,recoverysi.bsky.social,did:plc:unnb2mih276qp4ef3v7qktdw,1,0,0,0,https://bsky.app/profile/recoverysi.bsky.social/post/3mw4m5vzmb72z,technology
at://did:plc:jbvnehrrdqoulco4rf5gxg5r/app.bsky.feed.post/3mw4m64ltt32x,Trump says US Justice Department could rein in AI companies if needed reut.rs/4Aw36Bu,2026-09-22T16:05:13Z,2026-09-22T16:05:13.963Z,2026-09-22T16:43:30Z,reuters.com,did:plc:jbvnehrrdqoulco4rf5gxg5r,4,1,5,2,https://bsky.app/profile/reuters.com/post/3mw4m64ltt32x,technology
at://did:plc:u2nhy3owxgxccowcg47dipra/app.bsky.feed.post/3mw4m6c7qpw2d,Fortune favours the brave: Hot Pickle Innovation Lab launches restaurant award in pursuit of Britain’s boldest kitchens www.londondaily.news/hot-pickle-r... #news #london #londonnews #restaurant #futureoffood @futureoffoodcomp @hotpicklers,2026-09-22T16:05:18.974Z,2026-09-22T16:05:20.857Z,2026-09-22T16:43:30Z,londondailynews.bsky.social,did:plc:u2nhy3owxgxccowcg47dipra,0,0,0,0,https://bsky.app/profile/londondailynews.bsky.social/post/3mw4m6c7qpw2d,technology
at://did:plc:mmfd7jsxhx7ixnwj6ea7d4kp/app.bsky.feed.post/3mw4m6ff2mk24,"Are you a NVCC Alumni with a degree you're proud of? We are, having graduated with a major in Technology With Finger Quotes 🔬🖥️

Show your alumni pride with the new @nightvaleradio.bsky.social Community College license plate frame! 🚗💨

Topa.to/collections/wtnv/products/cpb-wtnv-nvcc-plateframe",2026-09-22T16:05:22.956Z,2026-09-22T16:05:24.656Z,2026-09-22T16:43:30Z,topa.to,did:plc:mmfd7jsxhx7ixnwj6ea7d4kp,2,0,0,0,https://bsky.app/profile/topa.to/post/3mw4m6ff2mk24,technology
at://did:plc:uq37m3yrrm2cxs2zktg2ahpx/app.bsky.feed.post/3mw4m6nqqzk23,"Seeing other furries use generative AI to ""create"" porn and then defend it as ""just new technology"" and that it's ""just the big AI datacenters that are bad"", even though they're using AI models that were created using those massive and destructive datacenters.

Is the irony lost on them?",2026-09-22T16:05:31.735Z,2026-09-22T16:05:32.459Z,2026-09-22T16:43:30Z,macro.lasket.net,did:plc:uq37m3yrrm2cxs2zktg2ahpx,8,1,1,0,https://bsky.app/profile/macro.lasket.net/post/3mw4m6nqqzk23,technology
at://did:plc:p5qyunvk67vzdc54yamf3woe/app.bsky.feed.post/3mw4m6o3irk2t,"I used to go hard on those until I got an instant pot, an unsung hero of low energy cooking technology. I have a freezer filled with all sorts of such things to slap on the counter a couple hours before eating.

I’m huge on cost and the benefits of controlling the salt added is nothing to sneeze at.",2026-09-22T16:05:32.086Z,2026-09-22T16:05:32.575Z,2026-09-22T16:43:30Z,solarpunkfox.bsky.social,did:plc:p5qyunvk67vzdc54yamf3woe,1,1,0,0,https://bsky.app/profile/solarpunkfox.bsky.social/post/3mw4m6o3irk2t,technology
at://did:plc:cviifolfc7crtchidg53p4bh/app.bsky.feed.post/3mw4m6xdqbc2g,"Watch video!
Food companies are putting chemicals into their food products . Adjectives that harm our bodies . It increases heart & kidney disease. You can download the Ap Yuka to see what’s in your food. Just scan the bar code.
www.instagram.com/reel/DdjZcgH...",2026-09-22T16:05:41.794Z,2026-09-22T16:05:42.371Z,2026-09-22T16:43:30Z,golferchick916.bsky.social,did:plc:cviifolfc7crtchidg53p4bh,0,0,0,0,https://bsky.app/profile/golferchick916.bsky.social/post/3mw4m6xdqbc2g,technology
at://did:plc:zqbkr6tfgbtsr3evcpcx7kah/app.bsky.feed.post/3mw4m6xqfk22x,www.yacnews.com/us-prepares-...,2026-09-22T16:05:42.205Z,2026-09-22T16:05:43.364Z,2026-09-22T16:43:30Z,bluefreedomquest.bsky.social,did:plc:zqbkr6tfgbtsr3evcpcx7kah,0,0,0,0,https://bsky.app/profile/bluefreedomquest.bsky.social/post/3mw4m6xqfk22x,technology
at://did:plc:idllr3o35pclnbtm7vrat7s4/app.bsky.feed.post/3mw4m7iqkms2v,"it wasn't just the game! it was the scope of the technology, it was consumer habits, it was the prices of games not being AS out of scale with inflation, it was before f2p existed, it was before MTX existed, etc. the world you remember no longer exists - it takes tremendous hubris to think it could!",2026-09-22T16:06:00.039Z,2026-09-22T16:06:00.314Z,2026-09-22T16:43:30Z,foxwife.bsky.social,did:plc:idllr3o35pclnbtm7vrat7s4,8,0,1,0,https://bsky.app/profile/foxwife.bsky.social/post/3mw4m7iqkms2v,technology
at://did:plc:sj4r4vgngpnu7suqezglltw5/app.bsky.feed.post/3mw4m7mn2zm2b,"Spanish Group Seeks to Secure Future of Traditional Olive Groves
Traditional olive growers in Spain are seeking differentiated labeling, tailored financial support and new technology to compete with increasingly intensive production systems.
www.oliveoiltimes.com/production/s...",2026-09-22T16:06:03.926Z,2026-09-22T16:06:04.764Z,2026-09-22T16:43:30Z,oliveoiltimes.com,did:plc:sj4r4vgngpnu7suqezglltw5,0,0,0,0,https://bsky.app/profile/oliveoiltimes.com/post/3mw4m7mn2zm2b,technology
at://did:plc:jrcabl26gm5syhvxrqx5aq3y/app.bsky.feed.post/3mw4m7zmcq623,"The shifts in technology and society can feel destabilizing. Remember that all things are in a constant state of change. Instead of grasping for stability, learn to observe how things move. This acceptance provides a steady ground that no external event can take away.",2026-09-22T16:06:17.162462+00:00,2026-09-22T16:06:17.860Z,2026-09-22T16:43:30Z,electricmonk.invalid-handle.com,did:plc:jrcabl26gm5syhvxrqx5aq3y,0,0,0,0,https://bsky.app/profile/electricmonk.invalid-handle.com/post/3mw4m7zmcq623,technology
at://did:plc:4xtbdet5keuguykxvcuil4z7/app.bsky.feed.post/3mw4ma2gzlc23,FIRE DRUNK NAZI MORON MF WHISKEYLEAKS PETE NOW,2026-09-22T16:06:18.602Z,2026-09-22T16:06:21.094Z,2026-09-22T16:43:30Z,edengk.bsky.social,did:plc:4xtbdet5keuguykxvcuil4z7,0,0,0,0,https://bsky.app/profile/edengk.bsky.social/post/3mw4ma2gzlc23,technology
at://did:plc:kyw4ephzix5pcnu4asbew5b6/app.bsky.feed.post/3mw4ma3jsuc2k,"iPhone 18 Pro Max has been out a few days. Here is my first impression review using it over the weekend. 

Full video here:  youtu.be/EujE05BpH7Y?...",2026-09-22T16:06:19.739Z,2026-09-22T16:06:19.965Z,2026-09-22T16:43:30Z,zollotech.bsky.social,did:plc:kyw4ephzix5pcnu4asbew5b6,1,0,0,0,https://bsky.app/profile/zollotech.bsky.social/post/3mw4ma3jsuc2k,iphone
at://did:plc:gg2zgjclkvcuj5hkhdnd4lnf/app.bsky.feed.post/3mw4mabzgla24,"🚨 EUVD-2026-82992
📊 6.7/10
🏢 PLANET Technology Corp.

📝 PLANET IGS-5225-8P2T4S industrial managed switch V1 and V2 firmware versions before 1.2412b260707 and 2.2412b260519 use MD5-based password...

🔗 https://euvd.enisa.europa.eu/vulnerability/EUVD-2026-82992

#cybersecurity #infosec #cve #euvd",2026-09-22T16:06:26.457484+00:00,2026-09-22T16:06:26.769Z,2026-09-22T16:43:30Z,euvd-bot.bsky.social,did:plc:gg2zgjclkvcuj5hkhdnd4lnf,0,0,0,0,https://bsky.app/profile/euvd-bot.bsky.social/post/3mw4mabzgla24,technology
at://did:plc:g57fmmjeda35gva7pqm23d6c/app.bsky.feed.post/3mw4madvmna2z,How to Choose and Use NymVPN for Advanced Mixnet Security at Affordable Prices,2026-09-22T16:06:28.228Z,2026-09-22T16:06:29.569Z,2026-09-22T16:43:30Z,coretechdaily.bsky.social,did:plc:g57fmmjeda35gva7pqm23d6c,0,0,0,0,https://bsky.app/profile/coretechdaily.bsky.social/post/3mw4madvmna2z,technology
at://did:plc:vuzs7jxarg2rqw6lgu6yrgqj/app.bsky.feed.post/3mw4maloj352c,"Most people never realize what technology can do.

FoMaKo 4K 60fps NDI PTZ Camera

🔭 https://www.amazon.com/dp/B0HBQF7DGP?tag=jwebb004-20&linkCode=osi&th=1&psc=1 #ad #paidlink #AmazonAffiliate #Tech #Gadgets",2026-09-22T16:06:36.837019+00:00,2026-09-22T16:06:37.566Z,2026-09-22T16:43:30Z,spacefeed.bsky.social,did:plc:vuzs7jxarg2rqw6lgu6yrgqj,0,0,0,0,https://bsky.app/profile/spacefeed.bsky.social/post/3mw4maloj352c,technology
at://did:plc:4rvuwzlbutp4fljw6apftt64/app.bsky.feed.post/3mw4mb4mqnrb2,"Oracle Exadata, a computing platform that is specialized and optimized for running the Oracle Database.

https://en.wikipedia.org/wiki/Oracle_Exadata

#computers #tech #technology",2026-09-22T16:06:43.000Z,2026-09-22T16:10:09.568Z,2026-09-22T16:43:30Z,computers.stefanbohacek.online.ap.brid.gy,did:plc:4rvuwzlbutp4fljw6apftt64,1,0,0,0,https://bsky.app/profile/computers.stefanbohacek.online.ap.brid.gy/post/3mw4mb4mqnrb2,technology
at://did:plc:gg2zgjclkvcuj5hkhdnd4lnf/app.bsky.feed.post/3mw4mbiuqhn2z,"🚨 EUVD-2026-82991
📊 7.5/10
🏢 PLANET Technology Corp.

📝 PLANET IGS-5225-8P2T4S industrial managed switch V1 and V2 firmware versions bfore 1.2412b260707 and 2.2412b260519 contain a stack-based b...

🔗 https://euvd.enisa.europa.eu/vulnerability/EUVD-2026-82991

#cybersecurity #infosec #cve #euvd",2026-09-22T16:07:07.199135+00:00,2026-09-22T16:07:07.464Z,2026-09-22T16:43:30Z,euvd-bot.bsky.social,did:plc:gg2zgjclkvcuj5hkhdnd4lnf,0,0,0,0,https://bsky.app/profile/euvd-bot.bsky.social/post/3mw4mbiuqhn2z,technology
at://did:plc:n52lxkxcduw5jxvftwlnusq2/app.bsky.feed.post/3mw4mbmb6ov2l,"directives. Economically and technologically, China continues to push for self-reliance and innovation. The launch of Hygon's embedded processors for robotics and edge AI signifies a strategic move beyond data centers, aiming to reduce reliance on foreign technology in",2026-09-22T16:07:10.000Z,2026-09-22T16:07:11.069Z,2026-09-22T16:43:30Z,peotuqad.com,did:plc:n52lxkxcduw5jxvftwlnusq2,0,0,1,0,https://bsky.app/profile/peotuqad.com/post/3mw4mbmb6ov2l,technology
at://did:plc:n52lxkxcduw5jxvftwlnusq2/app.bsky.feed.post/3mw4mc4jjeo27,"📆 FORECAST:
Forecast: 7 days ahead (80%)

• Technology & Innovation ↑ 85%
  Continued focus on domestic technological advancements, particularly in AI, robotics, and chip manufacturing, driven by national self-reliance goals.",2026-09-22T16:07:27.000Z,2026-09-22T16:07:27.967Z,2026-09-22T16:43:30Z,peotuqad.com,did:plc:n52lxkxcduw5jxvftwlnusq2,0,0,1,0,https://bsky.app/profile/peotuqad.com/post/3mw4mc4jjeo27,technology
at://did:plc:n52lxkxcduw5jxvftwlnusq2/app.bsky.feed.post/3mw4mc6tedh2i,"• Politics & Governance → 70%
  Expect ongoing emphasis on Party leadership and internal stability, with potential for more regional leadership announcements.

⚠️ Warning signals:
• Potential for increased US-China tensions around technology and trade, despite summit talks.",2026-09-22T16:07:30.000Z,2026-09-22T16:07:30.371Z,2026-09-22T16:43:30Z,peotuqad.com,did:plc:n52lxkxcduw5jxvftwlnusq2,0,0,1,0,https://bsky.app/profile/peotuqad.com/post/3mw4mc6tedh2i,technology
at://did:plc:ifnitygsf6o5x3bk5vtqjruf/app.bsky.feed.post/3mw4mcqwk4s2h,"Iphoneのアンビエント、モメンタムビーツ。
無限に集中できる。時間を飛ばせる",2026-09-22T16:07:49.288Z,2026-09-22T16:07:49.859Z,2026-09-22T16:43:30Z,azkelly.bsky.social,did:plc:ifnitygsf6o5x3bk5vtqjruf,0,0,0,0,https://bsky.app/profile/azkelly.bsky.social/post/3mw4mcqwk4s2h,iphone
at://did:plc:3tb4uzjjcyw7cnk6iuwnoujx/app.bsky.feed.post/3mw4mcvevs22c,"Navatek is a military contractor based in Hawaii, specializing in technology research and development for the U.S. government, particularly the Department of Defense. They're all corrupt. Politicians use military contracts for the largest theft of taxpayer money in all of govt. This is why they keep",2026-09-22T16:07:53.949Z,2026-09-22T16:07:54.565Z,2026-09-22T16:43:30Z,nodrama100.bsky.social,did:plc:3tb4uzjjcyw7cnk6iuwnoujx,1,0,1,0,https://bsky.app/profile/nodrama100.bsky.social/post/3mw4mcvevs22c,technology
at://did:plc:2trcog6f3qjj23u6pwx6gxv7/app.bsky.feed.post/3mw4md6jruc2l,"Men hold nearly 8 in 10 artificial intelligence jobs and almost 9 in 10 senior leadership positions, shaping the technology, according to a new UN Women report launched at the United Nations General Assembly.",2026-09-22T16:08:03.550Z,2026-09-22T16:08:15.466Z,2026-09-22T16:43:30Z,fyn19.bsky.social,did:plc:2trcog6f3qjj23u6pwx6gxv7,0,0,0,0,https://bsky.app/profile/fyn19.bsky.social/post/3mw4md6jruc2l,technology
at://did:plc:bgakgsp7rz6ioyaqbvd7p7ew/app.bsky.feed.post/3mw4md6z5jc23,"9to5Mac Daily: September 22, 2026 – M6 Mac mini tidbits, Apple Fitness+ future ",2026-09-22T16:08:03Z,2026-09-22T16:08:04.478Z,2026-09-22T16:43:30Z,9to5mac.com,did:plc:bgakgsp7rz6ioyaqbvd7p7ew,1,0,0,0,https://bsky.app/profile/9to5mac.com/post/3mw4md6z5jc23,Apple iPhone
at://did:plc:bgakgsp7rz6ioyaqbvd7p7ew/app.bsky.feed.post/3mw4md7vptd2n,Here’s how iPhone Duo and iPad mini compare in size,2026-09-22T16:08:04Z,2026-09-22T16:08:05.462Z,2026-09-22T16:43:30Z,9to5mac.com,did:plc:bgakgsp7rz6ioyaqbvd7p7ew,2,0,0,0,https://bsky.app/profile/9to5mac.com/post/3mw4md7vptd2n,iphone
at://did:plc:hslirr7h6d7livppaxty435b/app.bsky.feed.post/3mw4mdtle362d,iAutomation Unlocked: A Day of Discovery at Fond du Lac's Open House #USA #Fond_du_Lac #iAutomation #Automation_Partners,2026-09-22T16:08:23Z,2026-09-22T16:08:26.168Z,2026-09-22T16:43:30Z,newsen.bsky.social,did:plc:hslirr7h6d7livppaxty435b,0,0,0,0,https://bsky.app/profile/newsen.bsky.social/post/3mw4mdtle362d,technology
at://did:plc:dm3dmnxuqoi2zwnzwvctofjf/app.bsky.feed.post/3mw4me2gm6c2l,My personal favorite: Super High Intelligence Technology.,2026-09-22T16:08:32.803Z,2026-09-22T16:08:33.174Z,2026-09-22T16:43:30Z,sthendrix.bsky.social,did:plc:dm3dmnxuqoi2zwnzwvctofjf,0,0,0,0,https://bsky.app/profile/sthendrix.bsky.social/post/3mw4me2gm6c2l,technology
at://did:plc:m2yuqynl2cttvi4k5453yegh/app.bsky.feed.post/3mw4meumep332,"📰 **Improve your Roku TV's image quality by changing these settings**

Your Roku TV has lots of settings to make the picture quality look more detailed and clearer, but you have to know where to look.

📰 Source: Engadget - Technology News & Expert […] 

[Original post on igeek.gamer-geek-news.com]",2026-09-22T16:08:47.000Z,2026-09-22T16:10:18.869Z,2026-09-22T16:43:30Z,feed.igeek.gamer-geek-news.com.ap.brid.gy,did:plc:m2yuqynl2cttvi4k5453yegh,0,1,0,0,https://bsky.app/profile/feed.igeek.gamer-geek-news.com.ap.brid.gy/post/3mw4meumep332,technology
at://did:plc:7rzysch3np2qkhstnogmkd24/app.bsky.feed.post/3mw4mek4w7r22,"As concerns grow over the rapid rise of AI in classrooms, one board member is pushing for a temporary halt on its use in lower grades—could a major policy shift be on the horizon? 

Click to read more!

#NY #CitizenPortal #StakeholderInput #AIPolicy #DigitalEducation #NewYorkEducation",2026-09-22T16:08:49.046Z,2026-09-22T16:08:50.066Z,2026-09-22T16:43:30Z,citizenptnewsny.bsky.social,did:plc:7rzysch3np2qkhstnogmkd24,0,0,0,0,https://bsky.app/profile/citizenptnewsny.bsky.social/post/3mw4mek4w7r22,technology
at://did:plc:ccsnz4mscj7uqwjo2rlxqooi/app.bsky.feed.post/3mw4meobz6k2n,"There are quite a lot of monopolies and oligopolies over there – food, technology, petrol, medicine. And now there’s a massive surveillance apparatus in place too. Does anyone really think that’s the natural course of events? It usually ends in fascism and nothing else.",2026-09-22T16:08:53.626Z,2026-09-22T16:08:54.575Z,2026-09-22T16:43:30Z,heilinshan.bsky.social,did:plc:ccsnz4mscj7uqwjo2rlxqooi,0,0,0,0,https://bsky.app/profile/heilinshan.bsky.social/post/3mw4meobz6k2n,technology
at://did:plc:6w6rw6s7dn5554bv4pznp46a/app.bsky.feed.post/3mw4mf5afysb2,"Three Ts will dominate Trump‑Xi summit -- but expect little movement on trade, less on Taiwan and who knows on tech https://www.upi.com/Voices/2026/09/22/Trump-Xi-summit-taiwan-trade-technology/5991790087777/",2026-09-22T16:08:59.000Z,2026-09-22T16:10:16.675Z,2026-09-22T16:43:30Z,nataliedavis.journa.host.ap.brid.gy,did:plc:6w6rw6s7dn5554bv4pznp46a,0,0,0,0,https://bsky.app/profile/nataliedavis.journa.host.ap.brid.gy/post/3mw4mf5afysb2,technology
at://did:plc:akv74g4obxtnpzkiv2rslaqr/app.bsky.feed.post/3mw4mevqous2d,"People are benefitting from faster scans and a more comfortable experience, now that upgrades to the MRI at Abbotsford Regional Hospital and Cancer Centre are complete.

The upgraded MRI uses AI technology, improved imaging equipment and advanced software for sharper, more detailed images.",2026-09-22T16:09:01.440Z,2026-09-22T16:09:19.169Z,2026-09-22T16:43:30Z,fraserhealth.ca,did:plc:akv74g4obxtnpzkiv2rslaqr,0,0,1,0,https://bsky.app/profile/fraserhealth.ca/post/3mw4mevqous2d,technology
at://did:plc:7y76lpy7735s46nkrirpkb33/app.bsky.feed.post/3mw4mex4txk2f,"That makes sense. Does that formalization change behavior? Does European imperialism look different in 1850 vs 1750 for reasons of race and not say power or technology?

The rate of military intervention in colonial wars drops dramatically. Is that a racial cartel or the dominance of the Royal Navy?",2026-09-22T16:09:02.894Z,2026-09-22T16:09:05.976Z,2026-09-22T16:43:30Z,zachary-shirkey.bsky.social,did:plc:7y76lpy7735s46nkrirpkb33,0,0,0,0,https://bsky.app/profile/zachary-shirkey.bsky.social/post/3mw4mex4txk2f,technology
at://did:plc:q5k65enx7jk7g5eln5kef372/app.bsky.feed.post/3mw4mf4hlk52v,"KAMINIO Electric Fireplace HUGO - Electric Stove with Heater, 3D Flame Effect, LED Mood Light, Wood ...

🔥 Save 15%, was £189.00 now £160.65
buyheating.co.uk/product/kami...

⌛️ More limited time deals: buyheating.co.uk/deals/

#TopUKDeal #Deal #KAMINIO",2026-09-22T16:09:05.999Z,2026-09-22T16:09:08.973Z,2026-09-22T16:43:30Z,topuk.deals,did:plc:q5k65enx7jk7g5eln5kef372,0,0,0,0,https://bsky.app/profile/topuk.deals/post/3mw4mf4hlk52v,technology
at://did:plc:hslirr7h6d7livppaxty435b/app.bsky.feed.post/3mw4mfv2uab2d,Laifen Premieres Innovative Hair Beauty Tech Ecosystem at New York Launch Event #United_States #New_York #Hair_Dryer #Laifen #AutoCurl,2026-09-22T16:09:32Z,2026-09-22T16:09:35.372Z,2026-09-22T16:43:30Z,newsen.bsky.social,did:plc:hslirr7h6d7livppaxty435b,0,0,0,0,https://bsky.app/profile/newsen.bsky.social/post/3mw4mfv2uab2d,technology
at://did:plc:deuinqqjmpl3snvdy5lb4ic5/app.bsky.feed.post/3mw4mfy4bjh2m,ICYMI: Magnifique Claypot Rice Cooker Brings Kaolin Clay Into the Modern Kitchen #stupidDOPE,2026-09-22T16:09:37Z,2026-09-22T16:09:37.767Z,2026-09-22T16:43:30Z,stupiddope.bsky.social,did:plc:deuinqqjmpl3snvdy5lb4ic5,0,0,0,0,https://bsky.app/profile/stupiddope.bsky.social/post/3mw4mfy4bjh2m,technology
at://did:plc:5dckzd2zypeavb6n2dya3wff/app.bsky.feed.post/3mw4mgaay6c23,"IKR? Got me excited.
Like, can you try to imagine a Fire Emblem game with sci-fi/technology elements? Awakening was going to have it set on Mars, for crying out loud!",2026-09-22T16:09:46.018Z,2026-09-22T16:09:48.766Z,2026-09-22T16:43:30Z,erick-adub.bsky.social,did:plc:5dckzd2zypeavb6n2dya3wff,0,0,0,0,https://bsky.app/profile/erick-adub.bsky.social/post/3mw4mgaay6c23,technology
at://did:plc:rrpul7rxm2s4opncn6pwr475/app.bsky.feed.post/3mw4mhm4xkc2d,"A mom of three uses AI to create printable chore charts and activity books for her children, reducing screen time.

#technology #ai #news #artificialintelligence",2026-09-22T16:10:29.644945+00:00,2026-09-22T16:10:32.961Z,2026-09-22T16:43:30Z,todaystopainews.bsky.social,did:plc:rrpul7rxm2s4opncn6pwr475,0,0,0,0,https://bsky.app/profile/todaystopainews.bsky.social/post/3mw4mhm4xkc2d,technology
at://did:plc:mlcrzt2hnyczigjhiemd5oco/app.bsky.feed.post/3mw4mhwc47c2d,T&T student Vee Kennedy (left) and Director Anastasia Salter (right) represented the program at Grad Fair last week!,2026-09-22T16:10:42.678Z,2026-09-22T16:10:45.356Z,2026-09-22T16:43:30Z,ucftandt.bsky.social,did:plc:mlcrzt2hnyczigjhiemd5oco,0,0,0,0,https://bsky.app/profile/ucftandt.bsky.social/post/3mw4mhwc47c2d,technology
at://did:plc:uyf365qlvj3bwno7f5mwtqas/app.bsky.feed.post/3mw4miekjoc2p,www.gov.uk/government/n...,2026-09-22T16:10:57.638Z,2026-09-22T16:10:59.359Z,2026-09-22T16:43:30Z,ugs-govuknewswatch.bsky.social,did:plc:uyf365qlvj3bwno7f5mwtqas,0,0,0,0,https://bsky.app/profile/ugs-govuknewswatch.bsky.social/post/3mw4miekjoc2p,technology
at://did:plc:2yiqomz2wrogqgl53qvoouui/app.bsky.feed.post/3mw4mip2vds23,"Wrote a little thing about trying out my first OLED TV that I got a few months ago and why I'm not 100% happy with the technology. Kinda wishing I went with Mini LED instead. 

www.siliconinsights.org/im-not-impre...",2026-09-22T16:11:08.658Z,2026-09-22T16:11:11.673Z,2026-09-22T16:43:30Z,siliconinsights.org,did:plc:2yiqomz2wrogqgl53qvoouui,1,1,0,0,https://bsky.app/profile/siliconinsights.org/post/3mw4mip2vds23,technology
at://did:plc:x6cb3fa3jtmx2ydrjownzpol/app.bsky.feed.post/3mw4mizr4oo2c,Apple arbeitet weiter an iPhone-Sperre bei Handydiebstahl,2026-09-22T16:11:19+00:00,2026-09-22T16:11:20.059Z,2026-09-22T16:43:30Z,caschy.bsky.social,did:plc:x6cb3fa3jtmx2ydrjownzpol,0,0,0,0,https://bsky.app/profile/caschy.bsky.social/post/3mw4mizr4oo2c,Apple iPhone
at://did:plc:hslirr7h6d7livppaxty435b/app.bsky.feed.post/3mw4mj6hb7z2d,"Enseo Revolutionizes Casino Experience with Nearly 20,000 Guest Rooms Across the U.S. #United_States #Plano #Casino #Enseo #Guest_Experience",2026-09-22T16:11:22Z,2026-09-22T16:11:25.266Z,2026-09-22T16:43:30Z,newsen.bsky.social,did:plc:hslirr7h6d7livppaxty435b,0,0,0,0,https://bsky.app/profile/newsen.bsky.social/post/3mw4mj6hb7z2d,technology
at://did:plc:4llrhdclvdlmmynkwsmg5tdc/app.bsky.feed.post/3mw4mjthy7r23,"JD Vance on AI: ""We're using technology and tools to identify fraud at breakneck pace""",2026-09-22T16:11:46.802Z,2026-09-22T16:11:49.568Z,2026-09-22T16:43:30Z,atrupar.com,did:plc:4llrhdclvdlmmynkwsmg5tdc,185,32,77,22,https://bsky.app/profile/atrupar.com/post/3mw4mjthy7r23,technology
at://did:plc:jcgnbjmg36h6jzvu2i2wjjbz/app.bsky.feed.post/3mw4mk5whoc2z,"📱 Modernizing #insuranceapplications is about more than replacing legacy technology.

#Digitalinsurance can improve customer experience, self-service, workflow automation, data integration, scalability & operational efficiency.

Explore the benefits 👇

www.awsquality.com/digital-insu...",2026-09-22T16:11:57.798Z,2026-09-22T16:12:04.260Z,2026-09-22T16:43:30Z,abhayit2000.bsky.social,did:plc:jcgnbjmg36h6jzvu2i2wjjbz,0,0,0,0,https://bsky.app/profile/abhayit2000.bsky.social/post/3mw4mk5whoc2z,technology
at://did:plc:vckggfgj4c7hmrlddwi5j7v6/app.bsky.feed.post/3mw4mkjbiuc2u,,2026-09-22T16:12:09.691Z,2026-09-22T16:12:11.263Z,2026-09-22T16:43:30Z,harxcesxiv.bsky.social,did:plc:vckggfgj4c7hmrlddwi5j7v6,0,0,0,0,https://bsky.app/profile/harxcesxiv.bsky.social/post/3mw4mkjbiuc2u,technology
at://did:plc:ljsvexjj4raaakjn6b2c5hon/app.bsky.feed.post/3mw4mkl5kqc2w,"Microsoft’s older user base is the most likely to experience higher confusion and complexity when navigating default browser settings.

Over half of Windows PC users aged 65+ do not feel confident in their ability to change their default browser from Edge. 

Read more: bit.ly/4xc882U",2026-09-22T16:12:11.661Z,2026-09-22T16:12:13.969Z,2026-09-22T16:43:30Z,browserchoicealliance.org,did:plc:ljsvexjj4raaakjn6b2c5hon,0,0,0,0,https://bsky.app/profile/browserchoicealliance.org/post/3mw4mkl5kqc2w,technology
at://did:plc:76bvotsz4jmfjcpnnuqileth/app.bsky.feed.post/3mw4mlcq3m62u,1TB iPhone 18 Pro Max storage speed craters under sustained heavy workloads,2026-09-22T16:12:36Z,2026-09-22T16:12:38.061Z,2026-09-22T16:43:30Z,cultofmac.com,did:plc:76bvotsz4jmfjcpnnuqileth,1,0,0,0,https://bsky.app/profile/cultofmac.com/post/3mw4mlcq3m62u,Apple iPhone
at://did:plc:x7hsy2oflzo2do7u4zq5xea5/app.bsky.feed.post/3mw4mlkmbpi2f,"iPhone 17eで、あなたの毎日をもっとスマートに！✨ ブラック、ホワイト、ソフトピンクの3色展開。
https://hb.afl.rakuten.co.jp/ichiba/55c89ea4.29b98f70.55c89ea5.eb2be847/?pc=https://item.rakuten.co.jp/icockaden/iphone17e/",2026-09-22T16:12:44.349Z,2026-09-22T16:12:44.870Z,2026-09-22T16:43:30Z,bsky-nokes.bsky.social,did:plc:x7hsy2oflzo2do7u4zq5xea5,0,0,0,0,https://bsky.app/profile/bsky-nokes.bsky.social/post/3mw4mlkmbpi2f,iphone
at://did:plc:2pw2hjrpyntqqijtnbh77stm/app.bsky.feed.post/3mw4mn45g6s2y,"#AI #Education #App #Stock #Game #Investment #iPhone  #StockMarket #SPX #NDX #dopamine #AI #GME #crypto 
Master your skills with virtual  trading.
Investment Strategies
apps.apple.com/us/app/patte...",2026-09-22T16:13:36.590Z,2026-09-22T16:13:36.868Z,2026-09-22T16:43:30Z,coolxyzmedia.bsky.social,did:plc:2pw2hjrpyntqqijtnbh77stm,0,0,0,0,https://bsky.app/profile/coolxyzmedia.bsky.social/post/3mw4mn45g6s2y,iphone
at://did:plc:5zww7zorx2ajw7hqrhuix3ba/app.bsky.feed.post/3mw4mnalnut24,"Pros and cons of wearable technology for pets

https://www.byteseu.com/2388809/

What are the dangers of invisible fences? Another pet wearable, and feature on some smart collars, is the invisible fence. These containment systems present stronger concerns to Freestone. The electric shock, …",2026-09-22T16:13:38+00:00,2026-09-22T16:13:42.369Z,2026-09-22T16:43:30Z,byteseu.bsky.social,did:plc:5zww7zorx2ajw7hqrhuix3ba,0,0,0,0,https://bsky.app/profile/byteseu.bsky.social/post/3mw4mnalnut24,technology
at://did:plc:hmtbe2a5xzwqxhqtfgyfmcwa/app.bsky.feed.post/3mw4mnrh55v26,"Speck PRESIDIO2 Grip for iPhone 17 Pro Case, MagSafe-Compatible, Slim… → now $32.95, 34% off
https://www.amazon.com/dp/B0FFXDKB3G?tag=birdxdeal-20 #speck #presidio2",2026-09-22T16:13:58Z,2026-09-22T16:13:59.266Z,2026-09-22T16:43:30Z,birdxdealss.bsky.social,did:plc:hmtbe2a5xzwqxhqtfgyfmcwa,0,0,0,0,https://bsky.app/profile/birdxdealss.bsky.social/post/3mw4mnrh55v26,iphone
at://did:plc:akc4cojf5ewtzyceqtzsqmag/app.bsky.feed.post/3mw4mnxv6yn2c,"Nasdaq hits intraday record of 27,231.59 as AI stocks surge and oil drops below $100

https://marthio.com/a/nasdaq-hits-intraday-record-of-27-231-59-as-ai-stocks-surge-and-oil-dr

#Markets #Tech #OilPrice #BrentCrude",2026-09-22T16:14:05Z,2026-09-22T16:14:06.565Z,2026-09-22T16:43:30Z,marthio.bsky.social,did:plc:akc4cojf5ewtzyceqtzsqmag,0,0,0,0,https://bsky.app/profile/marthio.bsky.social/post/3mw4mnxv6yn2c,technology
at://did:plc:fmafmreepzmuunimuk3wp7jg/app.bsky.feed.post/3mw4mo45lms2f,"グラブル以外はデイリー終わった
iPhoneだけでソシャゲやるのしんどいわw",2026-09-22T16:14:10.148Z,2026-09-22T16:14:14.957Z,2026-09-22T16:43:30Z,fiona-j.bsky.social,did:plc:fmafmreepzmuunimuk3wp7jg,0,0,0,0,https://bsky.app/profile/fiona-j.bsky.social/post/3mw4mo45lms2f,iphone
at://did:plc:qdvnt3q3w2awwbzwpbp6t2ss/app.bsky.feed.post/3mw4mo6x4uc2u,"Trump will officially rename AI to SI in all government docs
- SI (Superintelligence) has not yet been achieved
- SI is an advanced type of AI (potentially dangerous)
Trump considers the name change a branding exercise
Government documents with SI will cause confusion
www.reuters.com/legal/govern...",2026-09-22T16:14:13.085Z,2026-09-22T16:14:16.672Z,2026-09-22T16:43:30Z,budvaropa.bsky.social,did:plc:qdvnt3q3w2awwbzwpbp6t2ss,1,0,0,0,https://bsky.app/profile/budvaropa.bsky.social/post/3mw4mo6x4uc2u,technology
at://did:plc:ndhfoer5pjnj4bxyrnbdab6h/app.bsky.feed.post/3mw4momt3ti2w,"Point-of-Care Testing Helps Keep Rural Emergency Departments Open in Saskatchewan.
https://f.mtr.cool/o04ffmakd2 #hospital #emergencydepartment #ruralcare",2026-09-22T16:14:27.367515221Z,2026-09-22T16:14:28.559Z,2026-09-22T16:43:30Z,hospitalnews.bsky.social,did:plc:ndhfoer5pjnj4bxyrnbdab6h,0,0,0,0,https://bsky.app/profile/hospitalnews.bsky.social/post/3mw4momt3ti2w,technology
at://did:plc:hwzdtursqmdaixxeamxvmcx2/app.bsky.feed.post/3mw4mpi4bqjb2,"#Trump WINS! He has the lowest approval rating in History of modern polling.

""Trump Hit 29% in a New Poll. Is the Bottom Falling Out? (w/ David Pakman)""

#Taco #Nacho #News #Politics #Nato #Military #Russia #USA #Technology #Israel #Oil #MAGA #Democrats #WW3 #War #Tariffs #Europe #EU #UN #China […]",2026-09-22T16:14:33.000Z,2026-09-22T16:15:06.960Z,2026-09-22T16:43:30Z,manyroads.mstdn.social.ap.brid.gy,did:plc:hwzdtursqmdaixxeamxvmcx2,2,7,1,0,https://bsky.app/profile/manyroads.mstdn.social.ap.brid.gy/post/3mw4mpi4bqjb2,technology
at://did:plc:c76tqhwuanv4ls3hq2vonydn/app.bsky.feed.post/3mw4mp2azpc2g,"This is worth everyone’s time to read:

www.foreignaffairs.com/united-state...",2026-09-22T16:14:41.716Z,2026-09-22T16:14:43.468Z,2026-09-22T16:43:30Z,tonystark.bsky.social,did:plc:c76tqhwuanv4ls3hq2vonydn,6,0,0,0,https://bsky.app/profile/tonystark.bsky.social/post/3mw4mp2azpc2g,technology
at://did:plc:dkdmhn234ybsrn7qkvq4yuaz/app.bsky.feed.post/3mw4mpijyqs2w,"Europe's answer to X runs on European servers. The layers that matter don't.

We followed the European Commission's handle on W Social step by step. Handle, DID, PDS, register.

One of four layers is European. 🧵",2026-09-22T16:14:56.693Z,2026-09-22T16:15:47.278Z,2026-09-22T16:43:30Z,sarahstech.bsky.social,did:plc:dkdmhn234ybsrn7qkvq4yuaz,0,0,1,0,https://bsky.app/profile/sarahstech.bsky.social/post/3mw4mpijyqs2w,technology
at://did:plc:gwihi3uoh3dahj3m4haniv6x/app.bsky.feed.post/3mw4mpqawsv2a,"The window is now open for people who purchased certain recent iPhone models to begin filing claims to receive their share of the quarter-billion-dollar settlement fund established in the wake of the class-action lawsuit filed against Apple, accusing the tech giant of false advertising.",2026-09-22T16:15:04Z,2026-09-22T16:15:05.572Z,2026-09-22T16:43:30Z,fox7austin.bsky.social,did:plc:gwihi3uoh3dahj3m4haniv6x,0,0,0,0,https://bsky.app/profile/fox7austin.bsky.social/post/3mw4mpqawsv2a,Apple iPhone
at://did:plc:mulpjci2cuglde3nw5g3q3bs/app.bsky.feed.post/3mw4mprqj6i2k,"Planets beyond our Solar System are extremely difficult to observe. It’s equivalent to trying to take a photograph of a firefly next to a lighthouse from thousands of miles away.

TONIGHT at 7 p.m. ET, STScI's Dr. Emily Rickman will chat about the Webb technology behind imaging alien worlds. 🔭 ",2026-09-22T16:15:06.317028158Z,2026-09-22T16:15:07.257Z,2026-09-22T16:43:30Z,stsci.edu,did:plc:mulpjci2cuglde3nw5g3q3bs,16,2,0,0,https://bsky.app/profile/stsci.edu/post/3mw4mprqj6i2k,technology
at://did:plc:cnytwdjgpzuw7e33liyemk6h/app.bsky.feed.post/3mw4mpy4dzc2i,the Technology For Lazy Dickheads is doing what now??,2026-09-22T16:15:13.025Z,2026-09-22T16:15:11.968Z,2026-09-22T16:43:30Z,manicpixiepoolboy.bsky.social,did:plc:cnytwdjgpzuw7e33liyemk6h,0,0,0,0,https://bsky.app/profile/manicpixiepoolboy.bsky.social/post/3mw4mpy4dzc2i,technology
at://did:plc:6dtc7hmoiqxqgnnbczxk3lg6/app.bsky.feed.post/3mw4mq4lmrj2e,"Eight technology shifts to watch: AI agents under pressure, malware moving onto blockchains, open models, new laptops, the cost of compute, data-center rules, offline assistive AI, and urgent Linux patches. Which shift matters most?

#AI #Technology #Cybersecurity #OpenSourceAI #DataCenters #Future…",2026-09-22T16:15:17Z,2026-09-22T16:15:18.857Z,2026-09-22T16:43:30Z,ztechnologia.bsky.social,did:plc:6dtc7hmoiqxqgnnbczxk3lg6,0,0,1,0,https://bsky.app/profile/ztechnologia.bsky.social/post/3mw4mq4lmrj2e,technology
at://did:plc:7fgzqmybd57rtrvee6qp36k6/app.bsky.feed.post/3mw4mq5ievk2u,”Trojan Horse” is such a good metaphor for technology and just like the origin of the phrase nobody believes the thing they welcomed into their life will actually harm them until it does,2026-09-22T16:15:18.663Z,2026-09-22T16:15:18.870Z,2026-09-22T16:43:30Z,imaginaryplayer504.bsky.social,did:plc:7fgzqmybd57rtrvee6qp36k6,3,2,1,0,https://bsky.app/profile/imaginaryplayer504.bsky.social/post/3mw4mq5ievk2u,technology
at://did:plc:xr47f2wu52grlarhgtzmwey5/app.bsky.feed.post/3mw4mqiadqc2t,"#AI enables fraud on a grand scale & we need to face that fact. 

AI companies need to be held accountable, in court & in public. It's another more powerful & dangerous scam tool!

#Gift #Unlocked 

www.theatlantic.com/technology/2...",2026-09-22T16:15:29.929Z,2026-09-22T16:15:32.070Z,2026-09-22T16:43:30Z,cdpositive.bsky.social,did:plc:xr47f2wu52grlarhgtzmwey5,0,0,0,1,https://bsky.app/profile/cdpositive.bsky.social/post/3mw4mqiadqc2t,technology
at://did:plc:466hg6d3gtcqkjlx23m4tz3u/app.bsky.feed.post/3mw4mrckhrh2b,"Kairos Power and Samsung C&T announced a collaboration on the commercial deployment of Kairos Power’s fluoride salt-cooled, high-temperature reactor technology to address rising energy demand. https://tinyurl.com/mthsrcu3",2026-09-22T16:15:57.4043013+00:00,2026-09-22T16:15:57.771Z,2026-09-22T16:43:30Z,theniaorg.bsky.social,did:plc:466hg6d3gtcqkjlx23m4tz3u,0,0,0,0,https://bsky.app/profile/theniaorg.bsky.social/post/3mw4mrckhrh2b,technology
at://did:plc:7sfizid32tpz2kvrpqbc6gsb/app.bsky.feed.post/3mw4mrf52kk2l,I hate AI. It is ruining technology,2026-09-22T16:16:00.234Z,2026-09-22T16:16:00.374Z,2026-09-22T16:43:30Z,janrobinjackson.bsky.social,did:plc:7sfizid32tpz2kvrpqbc6gsb,0,1,0,0,https://bsky.app/profile/janrobinjackson.bsky.social/post/3mw4mrf52kk2l,technology
at://did:plc:qjecoctqkxktr4adblplcluu/app.bsky.feed.post/3mw4mryjyfa27,,2026-09-22T16:16:20Z,2026-09-22T16:16:20.856Z,2026-09-22T16:43:30Z,newsfile.bsky.social,did:plc:qjecoctqkxktr4adblplcluu,0,0,0,0,https://bsky.app/profile/newsfile.bsky.social/post/3mw4mryjyfa27,technology
at://did:plc:rmtmbjr444wo23uyewtovy5j/app.bsky.feed.post/3mw4ms5ccp22t,"So much damage.

“Nations that were once firmly in the American orbit are concluding that they cannot rely on the U.S. to provide the same leadership, markets, technology, and military protection that it has for decades….

The shift may be the most consequential legacy of Trump’s foreign policy.”",2026-09-22T16:16:25.571Z,2026-09-22T16:16:26.873Z,2026-09-22T16:43:30Z,forrepdemruleoflaw.bsky.social,did:plc:rmtmbjr444wo23uyewtovy5j,2,1,0,0,https://bsky.app/profile/forrepdemruleoflaw.bsky.social/post/3mw4ms5ccp22t,technology
at://did:plc:lc6hdhnjkgccd6ysi7e23pll/app.bsky.feed.post/3mw4msrkdgf23,"Hale Launches to Help People Find Heart Disease Earlier and Take Action Before a Heart Attack
->Morningstar | More on ""Early heart disease detection technology"" at BigEarthData.ai | #Health #Disease",2026-09-22T16:16:46.578522+00:00,2026-09-22T16:16:46.960Z,2026-09-22T16:43:30Z,bigearthdata.ai,did:plc:lc6hdhnjkgccd6ysi7e23pll,0,0,0,0,https://bsky.app/profile/bigearthdata.ai/post/3mw4msrkdgf23,technology
at://did:plc:gwp6j2luj75mdlqd7enhl6xw/app.bsky.feed.post/3mw4mtc72tn26,"Trump says US will form 'AI Force' and appoint an artificial intelligence tsar buff.ly/NQ541Aa 

Sounds like a concept of a plan.",2026-09-22T16:17:03.378Z,2026-09-22T16:17:06.158Z,2026-09-22T16:43:30Z,bschorr.bsky.social,did:plc:gwp6j2luj75mdlqd7enhl6xw,0,0,0,0,https://bsky.app/profile/bschorr.bsky.social/post/3mw4mtc72tn26,technology
at://did:plc:veo53ltwwlnxhptlpoltqgvi/app.bsky.feed.post/3mw4mtb7roe2z,"The Apple Watch Beats the iPhone. Fight Me.

Why the hell has it taken you this long to just put a cell phone in the thing"" — my actual reaction the day cellular finally arrived. Plus the MTM watch Jack Bauer wore on 24 that I was too scared to buy, and why Apple Watch Cellular is the single best…",2026-09-22T16:17:03Z,2026-09-22T16:17:06.279Z,2026-09-22T16:43:30Z,osmond.bsky.social,did:plc:veo53ltwwlnxhptlpoltqgvi,0,0,0,0,https://bsky.app/profile/osmond.bsky.social/post/3mw4mtb7roe2z,Apple iPhone
at://did:plc:rwcp3k7z4yvhvkv2wn7l3xqd/app.bsky.feed.post/3mw4mu7lza227,Dollar collapse speedrun (any%),2026-09-22T16:17:35.097Z,2026-09-22T16:17:42.662Z,2026-09-22T16:43:30Z,breadpanes.bsky.social,did:plc:rwcp3k7z4yvhvkv2wn7l3xqd,0,0,0,0,https://bsky.app/profile/breadpanes.bsky.social/post/3mw4mu7lza227,technology
at://did:plc:df6ysvjoyy3fii5acv3xjpay/app.bsky.feed.post/3mw4muvnw3s2w,"At a time when technology is reshaping economies, societies and national security, success depends not just on innovation, but on scaling and adopting it where it can make the greatest difference.

🔗 Read our latest Impact Update: www.plexal.com/our-impact/",2026-09-22T16:17:58.222Z,2026-09-22T16:18:01.465Z,2026-09-22T16:43:30Z,plexalcity.bsky.social,did:plc:df6ysvjoyy3fii5acv3xjpay,0,0,0,0,https://bsky.app/profile/plexalcity.bsky.social/post/3mw4muvnw3s2w,technology
at://did:plc:v2yeirykwtksalgpo3ocwxpk/app.bsky.feed.post/3mw4muwazgc2k,"While a US–China agreement on AI governance might not prevent Judgment Day, it could ensure that an AI mishap does not trigger World War III, note S. Alex Yang and Angela Huyue Zhang. bit.ly/4hjkgJM",2026-09-22T16:17:58.853Z,2026-09-22T16:18:01.269Z,2026-09-22T16:43:30Z,projectsyndicate.bsky.social,did:plc:v2yeirykwtksalgpo3ocwxpk,0,0,0,1,https://bsky.app/profile/projectsyndicate.bsky.social/post/3mw4muwazgc2k,technology
at://did:plc:gljebwxd5nz5y6sqvxl6z3ev/app.bsky.feed.post/3mw4muz5rgt2b,"Citizens Advice calls on providers to stop relying on AI chatbots for support, and to offer users the chance to talk to a real person.

www.theguardian.com/technology/2...",2026-09-22T16:18:01.567Z,2026-09-22T16:18:05.468Z,2026-09-22T16:43:30Z,rtpeat.bsky.social,did:plc:gljebwxd5nz5y6sqvxl6z3ev,0,0,0,0,https://bsky.app/profile/rtpeat.bsky.social/post/3mw4muz5rgt2b,technology
at://did:plc:mt5xzpzhglclkvyxoa5u4pod/app.bsky.feed.post/3mw4mv2tjvk2g,"In other words ‘we deployed an unproven technology. We don’t like the results. We are going to blame the workers we asked to use it. It can’t be that we made a dumb decision because FOMO, and it costing us.’",2026-09-22T16:18:03.653Z,2026-09-22T16:18:05.257Z,2026-09-22T16:43:30Z,cjmccabe.bsky.social,did:plc:mt5xzpzhglclkvyxoa5u4pod,1,0,0,0,https://bsky.app/profile/cjmccabe.bsky.social/post/3mw4mv2tjvk2g,technology
at://did:plc:cxkndc2okyhteyv6dah6rlzi/app.bsky.feed.post/3mw4mv2uoz222,unn.ua/en/news/pfiz...,2026-09-22T16:18:03.692Z,2026-09-22T16:18:06.271Z,2026-09-22T16:43:30Z,thenewshub.bsky.social,did:plc:cxkndc2okyhteyv6dah6rlzi,0,0,0,0,https://bsky.app/profile/thenewshub.bsky.social/post/3mw4mv2uoz222,technology
at://did:plc:pjhbbtngw5664ntuwwgg55uq/app.bsky.feed.post/3mw4mv3asi52v,"“One place to start would be an empowered, technically capable body for receiving and investigating reports of serious AI incidents,” says Helen Toner, dir. of @csetgeorgetown.bsky.social, in a @nytopinion.nytimes.com piece on how Washington should deal with #AI.

Read more: https://nyti.ms/46EC2SI ",2026-09-22T16:18:04.065252895Z,2026-09-22T16:18:04.686Z,2026-09-22T16:43:30Z,georgetown-sfs.bsky.social,did:plc:pjhbbtngw5664ntuwwgg55uq,2,1,0,0,https://bsky.app/profile/georgetown-sfs.bsky.social/post/3mw4mv3asi52v,technology
at://did:plc:telglo5rrcxytqro5nqha3pt/app.bsky.feed.post/3mw4mvtl3y22k,President Trump and Chinese President Xi are set to meet this week in Washington and AI security is among the big topics of discussion. But how will the two countries see eye-to-eye on AI and its future if their approaches to the technology are so drastically different?,2026-09-22T16:18:29.578Z,2026-09-22T16:18:31.493Z,2026-09-22T16:43:30Z,vox.com,did:plc:telglo5rrcxytqro5nqha3pt,2,0,0,0,https://bsky.app/profile/vox.com/post/3mw4mvtl3y22k,technology
at://did:plc:mes2cq5c4kbe2gc64u7yxblm/app.bsky.feed.post/3mw4mvzgquc26,i like how he dropped his iPhone on the concrete too,2026-09-22T16:18:35.742Z,2026-09-22T16:18:36.763Z,2026-09-22T16:43:30Z,nirebryce.breadthcharge.net,did:plc:mes2cq5c4kbe2gc64u7yxblm,0,0,0,0,https://bsky.app/profile/nirebryce.breadthcharge.net/post/3mw4mvzgquc26,iphone
at://did:plc:2zh22gqi3qwsdtk7uvqz2qwg/app.bsky.feed.post/3mw4mw2qzfk2s,Now this is cool technology we need more of,2026-09-22T16:18:37.127Z,2026-09-22T16:18:37.961Z,2026-09-22T16:43:30Z,odette3.bsky.social,did:plc:2zh22gqi3qwsdtk7uvqz2qwg,0,0,0,0,https://bsky.app/profile/odette3.bsky.social/post/3mw4mw2qzfk2s,technology
at://did:plc:ddkklel4ketz3qoxpx5lvqmp/app.bsky.feed.post/3mw4mws3e7k26,"No. It’s not quite as quick to pick up delays caused by accidents, and can get wonky on under-construction highway interchanges. It’s fine on my iPhone 12.",2026-09-22T16:19:01.583Z,2026-09-22T16:19:03.060Z,2026-09-22T16:43:30Z,joejeph.bsky.social,did:plc:ddkklel4ketz3qoxpx5lvqmp,0,0,0,0,https://bsky.app/profile/joejeph.bsky.social/post/3mw4mws3e7k26,iphone
at://did:plc:7oeufzwrvqyzfmj3jffojbjw/app.bsky.feed.post/3mw4mxu733r2z,Researchers used Claude to hack OpenAI #cybersecurity #hacking #news #infosec #security #technology #privacy,2026-09-22T16:19:37.000Z,2026-09-22T16:19:37.967Z,2026-09-22T16:43:30Z,ninjaowl.ai,did:plc:7oeufzwrvqyzfmj3jffojbjw,0,0,0,0,https://bsky.app/profile/ninjaowl.ai/post/3mw4mxu733r2z,technology
at://did:plc:7jpqsxhg73q4fyexcsznvi3h/app.bsky.feed.post/3mw4my3qu3k2d,"Oh, pressers are going to be so much fun for the next week!

Every interviewer: So, tell us how you are using technology in this plan.
Every Secretary: *desperately tries not to say either ""AI"" or ""super intelligence"" out loud*
Interviewer: Sorry, can you clarify that?
Secretary: *squirms, sweats*",2026-09-22T16:19:45.278Z,2026-09-22T16:19:45.064Z,2026-09-22T16:43:30Z,eleighbutler.bsky.social,did:plc:7jpqsxhg73q4fyexcsznvi3h,0,0,0,0,https://bsky.app/profile/eleighbutler.bsky.social/post/3mw4my3qu3k2d,technology
at://did:plc:mmlh2yfx4zxbchrr2eo3ijcf/app.bsky.feed.post/3mw4my3slqs2u,"Farrell is super familiar with the goofball sci-fi ideas in the primordial soup of this New Religious Movement.

I saw some of the first conversions in its early days on Usenet, well before LLM technology existed. I still think of them as pathologies of fandom, and they still behave the same way.",2026-09-22T16:19:45.332Z,2026-09-22T16:19:45.871Z,2026-09-22T16:43:30Z,carloshasanax.bsky.social,did:plc:mmlh2yfx4zxbchrr2eo3ijcf,2,0,1,0,https://bsky.app/profile/carloshasanax.bsky.social/post/3mw4my3slqs2u,technology
at://did:plc:brgqbd7qoxakob2ux2hnzzsv/app.bsky.feed.post/3mw4mzpanlc27,"[5/6] It’s a privilege to have Dr. Eva E. Chen as my advisor, and I’m deeply grateful for her guidance and for the funding support from Taiwan’s National Science and Technology Council (NSTC) that made this trip possible. It truly takes an entire academic community to nurture a researcher! ⭐️",2026-09-22T16:19:54.988Z,2026-09-22T16:20:42.235Z,2026-09-22T16:43:30Z,jonaspsychtaiwan.bsky.social,did:plc:brgqbd7qoxakob2ux2hnzzsv,0,0,1,0,https://bsky.app/profile/jonaspsychtaiwan.bsky.social/post/3mw4mzpanlc27,technology
at://did:plc:bj3upncgmq7z7xr2eboj6zm7/app.bsky.feed.post/3mw4mymhedm2m,"Vibe Coding: Exploring the Rise of Instant UI Creation

Technology evolves from excitement to realization, as automation sparks debates on quality and stability in platforms and user interfaces. https://gigcitygeek.com/816880",2026-09-22T16:19:58Z,2026-09-22T16:20:02.962Z,2026-09-22T16:43:30Z,laronskigeek.bsky.social,did:plc:bj3upncgmq7z7xr2eboj6zm7,0,0,0,0,https://bsky.app/profile/laronskigeek.bsky.social/post/3mw4mymhedm2m,technology
at://did:plc:qz3fopoj6yixtnbfiidfhuqy/app.bsky.feed.post/3mw4myrc7xi2j,"📊 High-speed rail is becoming increasingly digital.

Hitachi Rail’s ETR1000 uses the HMAX digital platform to turn operational data into insights that support maintenance, reliability, and more efficient asset use.",2026-09-22T16:20:07.058Z,2026-09-22T16:20:08.874Z,2026-09-22T16:43:30Z,hsrailgroup.bsky.social,did:plc:qz3fopoj6yixtnbfiidfhuqy,0,0,0,0,https://bsky.app/profile/hsrailgroup.bsky.social/post/3mw4myrc7xi2j,technology
at://did:plc:qv3tzilrvq4cll5bnhldol7v/app.bsky.feed.post/3mw4myscwjs2s,"www.mk.co.kr/en/it/12159529
""The plan is to advance the content, user data, artificial intelligence (AI) technology, and operational capabilities that each platform has accumulated.""

Nahhh I deleted the Tapas mirror of Katran.
It wasn't worth the trouble and now even less.
katran.thecomicseries.com",2026-09-22T16:20:08.940Z,2026-09-22T16:20:12.868Z,2026-09-22T16:43:30Z,joker-seqartist.bsky.social,did:plc:qv3tzilrvq4cll5bnhldol7v,2,0,0,1,https://bsky.app/profile/joker-seqartist.bsky.social/post/3mw4myscwjs2s,technology
at://did:plc:mhzk3blh4pfxo3fqh2meowbb/app.bsky.feed.post/3mw4myt5tlu2h,"The war against Ukraine shows how technology translates into hard power. It is a battle China and America risk replicating, unless AI safeguards are put in place ",2026-09-22T16:20:09Z,2026-09-22T16:20:09.965Z,2026-09-22T16:43:30Z,economist.com,did:plc:mhzk3blh4pfxo3fqh2meowbb,3,1,1,0,https://bsky.app/profile/economist.com/post/3mw4myt5tlu2h,technology
at://did:plc:hmtbe2a5xzwqxhqtfgyfmcwa/app.bsky.feed.post/3mw4mz34x7a2l,"Speck PRESIDIO2 Grip for iPhone 17 Pro Max Case, MagSafe-Compatible,… → now $32.99, 34% off
https://www.amazon.com/dp/B0FFXT5WQ7?tag=birdxdeal-20 #speck #presidio2",2026-09-22T16:20:17Z,2026-09-22T16:20:18.457Z,2026-09-22T16:43:30Z,birdxdealss.bsky.social,did:plc:hmtbe2a5xzwqxhqtfgyfmcwa,0,0,0,0,https://bsky.app/profile/birdxdealss.bsky.social/post/3mw4mz34x7a2l,iphone
at://did:plc:ijoppulmrme7f4iptq57mcpw/app.bsky.feed.post/3mw4mz3mymk2l,"NAD+ Capsules | Liposomal NAD+ for Better Absorption

Discover NAD+ capsules with liposomal absorption technology, designed for efficient nutrient delivery and easy daily supplementation.

Read more:- www.bio-atelier.co/collections/...",2026-09-22T16:20:18.696Z,2026-09-22T16:20:37.367Z,2026-09-22T16:43:30Z,bioatelier.bsky.social,did:plc:ijoppulmrme7f4iptq57mcpw,0,0,0,0,https://bsky.app/profile/bioatelier.bsky.social/post/3mw4mz3mymk2l,technology
at://did:plc:tgvjxwjntw4t52xjg6bqb2m4/app.bsky.feed.post/3mw4mz4lybf2m,"“The frequency belongs to a time that still lies far away for me — but the waves know no calendars.”

#News #Technology #TerminalTribune",2026-09-22T16:20:19.614345+00:00,2026-09-22T16:20:19.867Z,2026-09-22T16:43:30Z,terminaltribune.bsky.social,did:plc:tgvjxwjntw4t52xjg6bqb2m4,0,0,1,0,https://bsky.app/profile/terminaltribune.bsky.social/post/3mw4mz4lybf2m,technology
at://did:plc:2mlogivvmuxn32n6wkz2sbyj/app.bsky.feed.post/3mw4mz5o2j42k,,2026-09-22T16:20:20Z,2026-09-22T16:20:20.976Z,2026-09-22T16:43:30Z,bivnews.bsky.social,did:plc:2mlogivvmuxn32n6wkz2sbyj,0,0,0,0,https://bsky.app/profile/bivnews.bsky.social/post/3mw4mz5o2j42k,technology
at://did:plc:gp4ccwxzidfsqbetq2hroybi/app.bsky.feed.post/3mw4n2ekc4e2q,"Customising the iPhone Lock Screen is better in iOS 27: here’s everything we can do
hanaringo.com/en/customisi...",2026-09-22T16:21:01.582Z,2026-09-22T16:21:02.959Z,2026-09-22T16:43:30Z,davidbernalraspall.bsky.social,did:plc:gp4ccwxzidfsqbetq2hroybi,0,0,0,0,https://bsky.app/profile/davidbernalraspall.bsky.social/post/3mw4n2ekc4e2q,iphone
at://did:plc:pd3jcm5cur7xx5kzyr5cktrv/app.bsky.feed.post/3mw4n2jpj6s27,"It's so rare for me to read an analysis of China's unparalleled expansion of #cleanenergy manufacturing that looks deeply at the complex interplay of factors that brought this about.

Nice work @kaiserkuo.bsky.social and David Fishman.

Some highlights. (thread)

www.break-down.org/the-machine/",2026-09-22T16:21:07.022Z,2026-09-22T16:21:07.662Z,2026-09-22T16:43:30Z,roselund.bsky.social,did:plc:pd3jcm5cur7xx5kzyr5cktrv,2,0,1,0,https://bsky.app/profile/roselund.bsky.social/post/3mw4n2jpj6s27,technology
at://did:plc:sbkc77na7jjedxretiseyvq5/app.bsky.feed.post/3mw4n2sn7rc2y,"@ms.now 

Truth Social

‘…..is a social media platform owned by Trump Media & Technology Group (TMTG), a media and technology company majority-owned by U.S. president Donald Trump.’

#Antichrists #Trump #Tiberius

@whitehouse-47.bsky.social

en.wikipedia.org/wiki/Truth_S...",2026-09-22T16:21:16.374Z,2026-09-22T16:21:18.963Z,2026-09-22T16:43:30Z,sirius2368.bsky.social,did:plc:sbkc77na7jjedxretiseyvq5,0,0,1,1,https://bsky.app/profile/sirius2368.bsky.social/post/3mw4n2sn7rc2y,technology
at://did:plc:jrsl4nxyqa3mmlmhwv4gpx6b/app.bsky.feed.post/3mw3ovilwaa2p,"Appleの「1万円の紐」買ったぜ。9,800円から10,800円に値上がりしていたけど。
--
クロスボディストラップ – バーガンディ - Apple（日本） https://www.apple.com/jp/shop/product/mk974fe/a/%E3%82%AF%E3%83%AD%E3%82%B9%E3%83%9C%E3%83%87%E3%82%A3%E3%82%B9%E3%83%88%E3%83%A9%E3%83%83%E3%83%97-%E3%83%90%E3%83%BC%E3%82%AC%E3%83%B3%E3%83%87%E3%82%A3",2026-09-22T16:21:24+09:00,2026-09-22T07:21:26.662Z,2026-09-22T16:43:30Z,ohtsuka.bsky.social,did:plc:jrsl4nxyqa3mmlmhwv4gpx6b,0,0,0,0,https://bsky.app/profile/ohtsuka.bsky.social/post/3mw3ovilwaa2p,Apple iPhone
at://did:plc:6rammtqameaa5phbhfu7uxpn/app.bsky.feed.post/3mw4n3exn7sc2,@lproven @teslaradar If you're interested for a 45min talk: https://media.ccc.de/v/project-tempa-v2-getting-phon-e-key-again-with-tesla-s-phone-as-a-key-technology,2026-09-22T16:21:24.000Z,2026-09-22T16:21:40.874Z,2026-09-22T16:43:30Z,publicvoit.graz.social.ap.brid.gy,did:plc:6rammtqameaa5phbhfu7uxpn,0,0,0,0,https://bsky.app/profile/publicvoit.graz.social.ap.brid.gy/post/3mw4n3exn7sc2,technology
at://did:plc:dm3xiu72nnregfgy2jqwv53i/app.bsky.feed.post/3mw4n325vw22u,"“Researchers found a way to eavesdrop on headphones from 30 meters away, and encryption can't stop it | The InjectEave attack was tested on 11 devices, including headphones from Sony, Apple, HP, and Philips”",2026-09-22T16:21:24.268Z,2026-09-22T16:21:27.065Z,2026-09-22T16:43:30Z,godofindifference.bsky.social,did:plc:dm3xiu72nnregfgy2jqwv53i,1,0,1,0,https://bsky.app/profile/godofindifference.bsky.social/post/3mw4n325vw22u,technology
at://did:plc:z4o2s45ugxigycqb2y4zzj7e/app.bsky.feed.post/3mw4n33hgzc2q,"JD Vance on AI: ""We're using technology and tools to call things fraud far faster than anyone can say 'bullshit'""",2026-09-22T16:21:25.634Z,2026-09-22T16:21:26.557Z,2026-09-22T16:43:30Z,leaddreamer.bsky.social,did:plc:z4o2s45ugxigycqb2y4zzj7e,5,1,1,0,https://bsky.app/profile/leaddreamer.bsky.social/post/3mw4n33hgzc2q,technology
at://did:plc:ktx54wd3elot5kajxoqd56we/app.bsky.feed.post/3mw4n3g7onc2d,"I just declined an invitation from a very nice evangelical pastor to a ""Worship and Technology Conference"" and explained to him that Episcopal services don't tech person, and the most involved technology in our building is the pipe organ.",2026-09-22T16:21:36.913Z,2026-09-22T16:21:36.463Z,2026-09-22T16:43:30Z,chazhoosier.bsky.social,did:plc:ktx54wd3elot5kajxoqd56we,1,0,0,0,https://bsky.app/profile/chazhoosier.bsky.social/post/3mw4n3g7onc2d,technology
at://did:plc:zjalrqolq46y2e64au5fz6eb/app.bsky.feed.post/3mw4n3qha3k2o,"Does this utopian yellong dead-end in a quiet fart of an admission, after a DOWNLOAD ME NOW UNIVERSAL SOLUTION!!! link, that all you've actually *built*, and all you'll *have* for the foreseeable future, is an iPhone-only app?",2026-09-22T16:21:47.626Z,2026-09-22T16:21:50.305Z,2026-09-22T16:43:30Z,caffeinatedotter.bsky.social,did:plc:zjalrqolq46y2e64au5fz6eb,1,0,1,0,https://bsky.app/profile/caffeinatedotter.bsky.social/post/3mw4n3qha3k2o,iphone
at://did:plc:njfugf2kain6zy4kbyughyy7/app.bsky.feed.post/3mw4n3soq6c2y,"🚨 NEW: George Osborne has accused ""NIMBY"" opponents of new AI datacentres of holding Britain back.

The former chancellor, now OpenAI's head of AI for countries, warned the UK risks becoming dependent on American technology if it fails to build its own infrastructure.",2026-09-22T16:21:49.989Z,2026-09-22T16:21:57.276Z,2026-09-22T16:43:30Z,thedailybritain.bsky.social,did:plc:njfugf2kain6zy4kbyughyy7,0,0,2,0,https://bsky.app/profile/thedailybritain.bsky.social/post/3mw4n3soq6c2y,technology
at://did:plc:ierqbujoypqdbe4idq22gweg/app.bsky.feed.post/3mw4n433ax22j,Declaring that they are using AI to wrongly take away people’s healthcare is another stellar advertisement for a technology that already has major public narrative troubles. Tech bros can’t stop shitting all over themselves,2026-09-22T16:21:58.789Z,2026-09-22T16:21:59.261Z,2026-09-22T16:43:30Z,edmonddumas.bsky.social,did:plc:ierqbujoypqdbe4idq22gweg,3,0,0,0,https://bsky.app/profile/edmonddumas.bsky.social/post/3mw4n433ax22j,technology
at://did:plc:jcrjkey6zvrfns2hk5nqqyqp/app.bsky.feed.post/3mw4n44ihac2w,"The reason people hate Palantir isn’t because we don’t understand AI/technology, it’s because we do in fact understand the technology and it’s dogshit.

Also they’re all Epstein freaks and want to destroy the world to rule the ashes, their shit software is just how they get there.",2026-09-22T16:22:00.268Z,2026-09-22T16:22:01.465Z,2026-09-22T16:43:30Z,philsturgeon.com,did:plc:jcrjkey6zvrfns2hk5nqqyqp,7,1,0,0,https://bsky.app/profile/philsturgeon.com/post/3mw4n44ihac2w,technology
at://did:plc:7tqoaknamkxgjscgwi25bc4n/app.bsky.feed.post/3mw4n4fwm6k2p,music.apple.com/us/album/mad...,2026-09-22T16:22:09.037Z,2026-09-22T16:22:13.202Z,2026-09-22T16:43:30Z,bangerrr.bsky.social,did:plc:7tqoaknamkxgjscgwi25bc4n,0,0,0,0,https://bsky.app/profile/bangerrr.bsky.social/post/3mw4n4fwm6k2p,technology
at://did:plc:7a4qbw7neeanelywj7hfypca/app.bsky.feed.post/3mw4n4gy5gc22,"📷 #iPhone12Pro 

#iPhone #iPhonephotography 
#RockinTuesday
#streetphotography #scape #ECK
#urbangaze #ExploreSTL 
#ratkeydesigns #forestparkpassport #STL #SLAM #arthistory #museum #missouri #WeekendAdventure 
@forestparkforever.bsky.social",2026-09-22T16:22:11.265Z,2026-09-22T16:22:17.868Z,2026-09-22T16:43:30Z,ratkeydesigns.bsky.social,did:plc:7a4qbw7neeanelywj7hfypca,0,0,0,0,https://bsky.app/profile/ratkeydesigns.bsky.social/post/3mw4n4gy5gc22,iphone
at://did:plc:rdhh4v372vf4mfpj5yjf7g57/app.bsky.feed.post/3mw4n4jkh7k2u,"Explain it: What Does Incognito Mode Actually Hide?

www.explainitdaily.com/technology/e...",2026-09-22T16:22:13.967Z,2026-09-22T16:22:15.570Z,2026-09-22T16:43:30Z,heavenbear.bsky.social,did:plc:rdhh4v372vf4mfpj5yjf7g57,0,0,0,0,https://bsky.app/profile/heavenbear.bsky.social/post/3mw4n4jkh7k2u,technology
at://did:plc:opvbh7zrsvnwe6tixliibswv/app.bsky.feed.post/3mw4n4x7mhs2f,"Analysts often focus on recent growth, but the market can change quickly, and historical valuations provide a different perspective. I prefer to look at both the long-term fundamentals and the current opportunities, especially when it comes to technology and energy investments",2026-09-22T16:22:28.292Z,2026-09-22T16:22:28.974Z,2026-09-22T16:43:30Z,safslf112211.bsky.social,did:plc:opvbh7zrsvnwe6tixliibswv,0,0,0,0,https://bsky.app/profile/safslf112211.bsky.social/post/3mw4n4x7mhs2f,technology
at://did:plc:fsftz5ue2bvlvkb6zx2bqdnh/app.bsky.feed.post/3mw4n5ahd3y2b,One of my favorite iOS 27 features is a convenient addition for quickly pasting items from the iPhone clipboard. Here’s how it works.,2026-09-22T16:22:37.874421+00:00,2026-09-22T16:22:38.565Z,2026-09-22T16:43:30Z,technology-news.bsky.social,did:plc:fsftz5ue2bvlvkb6zx2bqdnh,1,0,0,0,https://bsky.app/profile/technology-news.bsky.social/post/3mw4n5ahd3y2b,iphone
at://did:plc:3le7dvxqc2rhvyswiida2cgf/app.bsky.feed.post/3mw4n5cmztc25,"I think one thing people should be doing is owning a domain name that is strongly associated with them, like i can always send an email from chanda.science and also cprescodweinstein.com domains. Not fool proof, but helpful. Gmail is sus.",2026-09-22T16:22:40.265Z,2026-09-22T16:22:40.956Z,2026-09-22T16:43:30Z,chanda.blacksky.app,did:plc:3le7dvxqc2rhvyswiida2cgf,4,0,0,0,https://bsky.app/profile/chanda.blacksky.app/post/3mw4n5cmztc25,technology
at://did:plc:rh7gfeyis6fhixmqagrzpkaa/app.bsky.feed.post/3mw4n5ejctz2p,"New iPhone app Veridenz cryptographically “witnesses” photos via Nostr, proving file integrity *without* uploading originals. Privacy-focused! 📸 #nostr

Source: https://apple.slashdot.org/story/26/08/08/2328239/slashdot-reader-builds-a-photo-verification-app-for-iphones",2026-09-22T16:22:42.213243+00:00,2026-09-22T16:22:43.068Z,2026-09-22T16:43:30Z,gltch.io,did:plc:rh7gfeyis6fhixmqagrzpkaa,0,0,0,0,https://bsky.app/profile/gltch.io/post/3mw4n5ejctz2p,iphone
at://did:plc:x73iuhu6be2o3hgnbfjpcdvr/app.bsky.feed.post/3mw4n5pu4vc2e,"New film blocks 99.99% of radar waves, could advance stealth jet technology
interestingengineering.com/innovation/f...",2026-09-22T16:22:54.130Z,2026-09-22T16:22:55.466Z,2026-09-22T16:43:30Z,damninteresting.bsky.social,did:plc:x73iuhu6be2o3hgnbfjpcdvr,0,0,0,0,https://bsky.app/profile/damninteresting.bsky.social/post/3mw4n5pu4vc2e,technology
at://did:plc:6utssr6ot36kedzfyxvyxulx/app.bsky.feed.post/3mw4n653xfc2y,"Wait till DJT is on that list

www.yacnews.com/us-prepares-...",2026-09-22T16:23:08.016Z,2026-09-22T16:23:09.958Z,2026-09-22T16:43:30Z,chidragon64.bsky.social,did:plc:6utssr6ot36kedzfyxvyxulx,0,0,0,0,https://bsky.app/profile/chidragon64.bsky.social/post/3mw4n653xfc2y,technology
at://did:plc:wjnf54w4k4zkwmrwe5urtqgs/app.bsky.feed.post/3mw4n7cjgq22w,oh gente o fundo da contagem da taylor igual a cor do novo iphone PELO AMOR DE DEUS,2026-09-22T16:23:47.257Z,2026-09-22T16:23:47.460Z,2026-09-22T16:43:30Z,thehype.bsky.social,did:plc:wjnf54w4k4zkwmrwe5urtqgs,0,0,0,0,https://bsky.app/profile/thehype.bsky.social/post/3mw4n7cjgq22w,iphone
at://did:plc:52y7jjkxefk27acx6vrn6f53/app.bsky.feed.post/3mw4nafpnglu2,"Unrivaled, and now more affordable",2026-09-22T16:23:57.000Z,2026-09-22T16:24:27.780Z,2026-09-22T16:43:30Z,feed.gamingtrend.com.ap.brid.gy,did:plc:52y7jjkxefk27acx6vrn6f53,0,0,0,0,https://bsky.app/profile/feed.gamingtrend.com.ap.brid.gy/post/3mw4nafpnglu2,technology
at://did:plc:o6h3cmzwngae3lpvufhgtsrp/app.bsky.feed.post/3mw4n7pntu227,"I know I bang on the weirdness of Civ 2's tech tree a lot, but come on

it shouldn't be possible to research Genetic Engineering BEFORE Electricity",2026-09-22T16:24:01.032Z,2026-09-22T16:24:02.360Z,2026-09-22T16:43:30Z,megadragon.net,did:plc:o6h3cmzwngae3lpvufhgtsrp,0,0,0,0,https://bsky.app/profile/megadragon.net/post/3mw4n7pntu227,technology
at://did:plc:5tlrbqwgxcgucmoqnqm2ywdm/app.bsky.feed.post/3mw4n7prba22x,There is absolutely no intelligence in ANY of this; from the changer of names to the technology itself. It's all just STOOPID and DUM!,2026-09-22T16:24:01.145Z,2026-09-22T16:24:01.765Z,2026-09-22T16:43:30Z,sfringer.bsky.social,did:plc:5tlrbqwgxcgucmoqnqm2ywdm,0,0,0,0,https://bsky.app/profile/sfringer.bsky.social/post/3mw4n7prba22x,technology
at://did:plc:ivk2st5qivhawk3nofrymjde/app.bsky.feed.post/3mw4n7ul3422m,Xiaomi verdient een importverbod. youtu.be/eYBEJBfq_Zs?...,2026-09-22T16:24:06.181Z,2026-09-22T16:24:07.660Z,2026-09-22T16:43:30Z,scarbir.bsky.social,did:plc:ivk2st5qivhawk3nofrymjde,0,0,0,0,https://bsky.app/profile/scarbir.bsky.social/post/3mw4n7ul3422m,iphone
at://did:plc:bj3upncgmq7z7xr2eboj6zm7/app.bsky.feed.post/3mw4naih5lb2i,"MIT’s tiny robot flies 450% faster with AI, doing 10 flips in 11 seconds—could change rescue missions. But will this tech save lives or just impress? https://gigcitygeek.com/885614",2026-09-22T16:24:24Z,2026-09-22T16:24:27.870Z,2026-09-22T16:43:30Z,laronskigeek.bsky.social,did:plc:bj3upncgmq7z7xr2eboj6zm7,0,0,0,0,https://bsky.app/profile/laronskigeek.bsky.social/post/3mw4naih5lb2i,technology
at://did:plc:tc3myhltwiszas5a73vfhbfc/app.bsky.feed.post/3mw4nbykcjk2u,"Very good piece, you can think that this is a major transformative technology with important and potentially terrible consequences but not an agent at all, let alone a God. And that the AGI RSI  etc discourse is a distraction from the real dangers and solutions.",2026-09-22T16:25:17.462Z,2026-09-22T16:25:18.268Z,2026-09-22T16:43:30Z,alisongopnik.bsky.social,did:plc:tc3myhltwiszas5a73vfhbfc,4,2,0,0,https://bsky.app/profile/alisongopnik.bsky.social/post/3mw4nbykcjk2u,technology
at://did:plc:o5343eg7tuxayhgdaelsswfx/app.bsky.feed.post/3mw4ncrqmbs2z,"Making China great again.

""...[N]ations that were once firmly in the American orbit are concluding that they cannot rely on the U.S. to provide the same leadership, markets, technology, and military protection that it has for decades."" www.theatlantic.com/national-sec...",2026-09-22T16:25:43.883Z,2026-09-22T16:25:46.174Z,2026-09-22T16:43:30Z,weltschmerzing.bsky.social,did:plc:o5343eg7tuxayhgdaelsswfx,0,0,0,0,https://bsky.app/profile/weltschmerzing.bsky.social/post/3mw4ncrqmbs2z,technology
at://did:plc:yjqekodgo25hjem4isderwak/app.bsky.feed.post/3mw4ncszyis26,"Strategic Biofuels has selected Valmet to provide biomass power generation and flue gas cleaning technologies for its Louisiana Green Fuels (LGF) carbon-negative power plant project in Caldwell Parish, Louisiana. 🔌💡
decarbonfuse.com/posts/valmet...",2026-09-22T16:25:45.240Z,2026-09-22T16:25:46.061Z,2026-09-22T16:43:30Z,kevinleecaster.bsky.social,did:plc:yjqekodgo25hjem4isderwak,0,0,0,0,https://bsky.app/profile/kevinleecaster.bsky.social/post/3mw4ncszyis26,technology
at://did:plc:mauawufoetaftc5s2i3gnosr/app.bsky.feed.post/3mw4ndlxd5k2w,"Still not over how we almost had a huge international accident because of AI. Wasn’t just some theory think piece about the threat of how it could harm us, it actually happened.

www.cnn.com/2026/09/18/p...",2026-09-22T16:26:11.360Z,2026-09-22T16:26:12.568Z,2026-09-22T16:43:30Z,bruross.bsky.social,did:plc:mauawufoetaftc5s2i3gnosr,0,0,0,0,https://bsky.app/profile/bruross.bsky.social/post/3mw4ndlxd5k2w,technology
at://did:plc:phnnbjjjwxuc45coxobsmp6j/app.bsky.feed.post/3mw4ne6qmec2w,"iPhone 20 Pro Display Leak Hints at Quad Curved Design and Higher Resolution
www.androbranch.in/post/iphone-...
#IPhone20Pro #Apple #AndroBranch",2026-09-22T16:26:31.069Z,2026-09-22T16:26:35.168Z,2026-09-22T16:43:30Z,androbranch.bsky.social,did:plc:phnnbjjjwxuc45coxobsmp6j,0,0,0,0,https://bsky.app/profile/androbranch.bsky.social/post/3mw4ne6qmec2w,Apple iPhone
at://did:plc:hmtbe2a5xzwqxhqtfgyfmcwa/app.bsky.feed.post/3mw4neerpn426,"Mitesbony USB C to Lightning Cable [MFi Certified] 3Pack 6FT iPhone… → now $6.64, 34% off
https://www.amazon.com/dp/B09QL8B3YF?tag=birdxdeal-20 #mitesbony #usb",2026-09-22T16:26:36Z,2026-09-22T16:26:37.665Z,2026-09-22T16:43:30Z,birdxdealss.bsky.social,did:plc:hmtbe2a5xzwqxhqtfgyfmcwa,0,0,0,0,https://bsky.app/profile/birdxdealss.bsky.social/post/3mw4neerpn426,iphone
at://did:plc:mmlh2yfx4zxbchrr2eo3ijcf/app.bsky.feed.post/3mw4nepaiws2u,"that's important to point out: they believed all this bullshit long before LLMs. they've *latched onto* LLM technology as their godhead. I think it's mostly crap and a misallocation of investment, but I'm not strung out on crank and LSD and I read books without a rocket on the binding.",2026-09-22T16:26:48.368Z,2026-09-22T16:26:49.763Z,2026-09-22T16:43:30Z,carloshasanax.bsky.social,did:plc:mmlh2yfx4zxbchrr2eo3ijcf,1,0,0,0,https://bsky.app/profile/carloshasanax.bsky.social/post/3mw4nepaiws2u,technology
at://did:plc:gorzlrinddarcln7llfisrwb/app.bsky.feed.post/3mw4ngdo6ic27,"I want a verbal way to easily distinguish between technology that can organize my day for me, versus flawlessly add enormous tits to Pikachu, or just help Houthis guide missile launches. having it all be ""AI"" is confusing as hell",2026-09-22T16:27:43.342Z,2026-09-22T16:27:44.066Z,2026-09-22T16:43:30Z,gnostichippie.bsky.social,did:plc:gorzlrinddarcln7llfisrwb,2,0,0,0,https://bsky.app/profile/gnostichippie.bsky.social/post/3mw4ngdo6ic27,technology
at://did:plc:evumehcgruvva4ts5rk3woov/app.bsky.feed.post/3mw4ngyxl6c2e,"www.cbsnews.com/news/ex-fede...
 selling early access to Truth Social posts is ""profoundly corrupt"" and runs afoul of the First and Fifth Amendments.",2026-09-22T16:28:05.669Z,2026-09-22T16:28:06.584Z,2026-09-22T16:43:30Z,drugcounselor.bsky.social,did:plc:evumehcgruvva4ts5rk3woov,0,0,0,0,https://bsky.app/profile/drugcounselor.bsky.social/post/3mw4ngyxl6c2e,technology
at://did:plc:6kv5inxd5x4tuydxlob27f36/app.bsky.feed.post/3mw4ngyybn22c,"😆 🤣 

JD Vance on AI: ""We're using technology and tools to identify fraud at breakneck pace""

x.com/atrupar/stat...",2026-09-22T16:28:05.692Z,2026-09-22T16:28:07.261Z,2026-09-22T16:43:30Z,angrydonkeynews.bsky.social,did:plc:6kv5inxd5x4tuydxlob27f36,3,0,0,0,https://bsky.app/profile/angrydonkeynews.bsky.social/post/3mw4ngyybn22c,technology
at://did:plc:fky3bthfnzam2u3gxycsz7t2/app.bsky.feed.post/3mw4nhew5ec2g,Trump also aware of Press reporting he sent top secret Technology for jet fighters to Hong Kong as China’s President is arriving for a lavish state dinner to celebrate his TREASON.,2026-09-22T16:28:18.206Z,2026-09-22T16:28:19.167Z,2026-09-22T16:43:30Z,detroitwon.bsky.social,did:plc:fky3bthfnzam2u3gxycsz7t2,1,0,0,0,https://bsky.app/profile/detroitwon.bsky.social/post/3mw4nhew5ec2g,technology
at://did:plc:f2bzy7mezkpjkj55e2jae4ja/app.bsky.feed.post/3mw4nhzfqu22b,Our leaders are corporate shills gaslighting us. Especially on ignoring digital value while focusing on legacy industries and resources   #cdnpoli substack.com/@markhamhisl...?,2026-09-22T16:28:39.688Z,2026-09-22T16:28:42.072Z,2026-09-22T16:43:30Z,davidsquared.bsky.social,did:plc:f2bzy7mezkpjkj55e2jae4ja,0,0,0,0,https://bsky.app/profile/davidsquared.bsky.social/post/3mw4nhzfqu22b,technology
at://did:plc:nw63hpdwx65uyzcyrb33ick3/app.bsky.feed.post/3mw4nicbjvs2o,"I've been loving this kind of thing in Reverse1999 where formerly marginalized arcanists are suddenly the only people able to keep an organization running and technology halts completely, but magical research excels, especially with the application of modern science.",2026-09-22T16:28:48.973Z,2026-09-22T16:28:48.259Z,2026-09-22T16:43:30Z,monkeygts.bsky.social,did:plc:nw63hpdwx65uyzcyrb33ick3,0,0,1,0,https://bsky.app/profile/monkeygts.bsky.social/post/3mw4nicbjvs2o,technology
at://did:plc:govpimip36lmw5orpj66ro3l/app.bsky.feed.post/3mw4njly2yc2z,Instructors are constantly being pressured to “accept” AI as a benevolent technology. The weight of anxiety and depression among academic staff right now—particularly in the humanities—is overwhelming. I’ve never seen so many colleagues in mental crisis as I do now. All for profit.,2026-09-22T16:29:32.715Z,2026-09-22T16:29:33.166Z,2026-09-22T16:43:30Z,jesbattis.bsky.social,did:plc:govpimip36lmw5orpj66ro3l,17,4,0,0,https://bsky.app/profile/jesbattis.bsky.social/post/3mw4njly2yc2z,technology
at://did:plc:3s4yefqenph2uxsf3rje3avq/app.bsky.feed.post/3mw4njpkm6t2b,Apple just shared beautifully detailed drawings of their products for anyone to use. Want to 3D print your own AirPods case? {https://developer.apple.com/accessories/dimensional-drawings} https://kottke.org/26/09/dimensional-drawings-of-apple-products,2026-09-22T16:29:36.234763+00:00,2026-09-22T16:29:37.170Z,2026-09-22T16:43:30Z,kcurry.bsky.social,did:plc:3s4yefqenph2uxsf3rje3avq,0,0,0,0,https://bsky.app/profile/kcurry.bsky.social/post/3mw4njpkm6t2b,Apple iPhone
at://did:plc:yko6jnt5c4d6k7ld5rvveqz3/app.bsky.feed.post/3mw4njqbih22w,I am fed up with technology. I have tried getting a response from TOZO through live chat but that does not work. So now I am doing the direct approach through email.,2026-09-22T16:29:37.219Z,2026-09-22T16:29:37.670Z,2026-09-22T16:43:30Z,paddydoublems.bsky.social,did:plc:yko6jnt5c4d6k7ld5rvveqz3,0,0,0,0,https://bsky.app/profile/paddydoublems.bsky.social/post/3mw4njqbih22w,technology
at://did:plc:yv7pogy7iyeiksowtjecdiii/app.bsky.feed.post/3mw4gtjzlbg2k,Apple: Neue Kamerastile doch nicht für iPhone 16 (Pro) und 17 (Pro) #Appel #iPhone,2026-09-22T16:29:49+02:00,2026-09-22T14:29:50.667Z,2026-09-22T16:43:30Z,computerbase.de,did:plc:yv7pogy7iyeiksowtjecdiii,0,0,0,0,https://bsky.app/profile/computerbase.de/post/3mw4gtjzlbg2k,Apple iPhone
at://did:plc:o6iwrshceygxmtl43o4ago6a/app.bsky.feed.post/3mw4nklpuyu26,"🔎 Read the latest #openaccess research in #Literature, #Theatre & #PerformanceStudies:

🔗 https://cup.org/4x2buG0

📚 Explore new scholarship on migration, politics, gender, sexuality, technology, sustainability and more. See what's shaping the field, then consider where your own research could fit.",2026-09-22T16:30:05.859536571Z,2026-09-22T16:30:06.164Z,2026-09-22T16:43:30Z,cambup-linguistics.cambridge.org,did:plc:o6iwrshceygxmtl43o4ago6a,0,0,0,0,https://bsky.app/profile/cambup-linguistics.cambridge.org/post/3mw4nklpuyu26,technology
at://did:plc:nj5l4klsgihwrrnjievltrhq/app.bsky.feed.post/3mw4nkocndl2a,🔒 Read the Full Story,2026-09-22T16:30:08.402Z,2026-09-22T16:30:08.865Z,2026-09-22T16:43:30Z,techintelpro.bsky.social,did:plc:nj5l4klsgihwrrnjievltrhq,0,0,0,0,https://bsky.app/profile/techintelpro.bsky.social/post/3mw4nkocndl2a,technology
at://did:plc:qjecoctqkxktr4adblplcluu/app.bsky.feed.post/3mw4nkwzsof2h,,2026-09-22T16:30:17Z,2026-09-22T16:30:18.266Z,2026-09-22T16:43:30Z,newsfile.bsky.social,did:plc:qjecoctqkxktr4adblplcluu,0,0,0,0,https://bsky.app/profile/newsfile.bsky.social/post/3mw4nkwzsof2h,technology
at://did:plc:qjecoctqkxktr4adblplcluu/app.bsky.feed.post/3mw4nkxrenn2o,,2026-09-22T16:30:18Z,2026-09-22T16:30:18.763Z,2026-09-22T16:43:30Z,newsfile.bsky.social,did:plc:qjecoctqkxktr4adblplcluu,0,0,0,0,https://bsky.app/profile/newsfile.bsky.social/post/3mw4nkxrenn2o,technology
at://did:plc:722obe4ror33sra2nwvvdpjf/app.bsky.feed.post/3mw4nl2ii4m2n,"Der erste riesige Vorteil des #iPhone 17 Pro gegenüber meinem alten 14 Pro, es wackelt nicht mehr auf dem Tisch beim Tippen! 😆",2026-09-22T16:30:21.393Z,2026-09-22T16:30:22.865Z,2026-09-22T16:43:30Z,andrekaiser.bsky.social,did:plc:722obe4ror33sra2nwvvdpjf,0,0,0,0,https://bsky.app/profile/andrekaiser.bsky.social/post/3mw4nl2ii4m2n,iphone
at://did:plc:3jvd2pim7tz4bz4y3qgunuk2/app.bsky.feed.post/3mw4nl6jd4i2u,"14,155+ verified Hospital CFOs contacts. Start with verified baseline email & phone data, then layer optional buyer intent topics and facility technology intelligence to target in-market healthcare decision-makers with total precision.

Get Your Free Quote: medicalprospects.com/health-execu...",2026-09-22T16:30:25.435Z,2026-09-22T16:30:26.063Z,2026-09-22T16:43:30Z,medicalprospects.bsky.social,did:plc:3jvd2pim7tz4bz4y3qgunuk2,0,0,0,0,https://bsky.app/profile/medicalprospects.bsky.social/post/3mw4nl6jd4i2u,technology
at://did:plc:kkek4biru4gxj4v6cgppz2nr/app.bsky.feed.post/3mw4nl6wxf227,"1,134,759+ verified Registered Nurses (RN) contacts. Start with verified baseline email & phone data, then layer optional buyer intent topics and facility technology intelligence to target in-market healthcare decision-makers with total precision.

Let's Build Your Growth Strategy:",2026-09-22T16:30:25.844Z,2026-09-22T16:30:26.269Z,2026-09-22T16:43:30Z,emily-foster.bsky.social,did:plc:kkek4biru4gxj4v6cgppz2nr,0,0,0,0,https://bsky.app/profile/emily-foster.bsky.social/post/3mw4nl6wxf227,technology
at://did:plc:jajnyiri7cozd4f2luqty5ow/app.bsky.feed.post/3mw4nlljeg22d,"Martial Cottle Park reminds us that while we are very proud of our technology and innovation in Silicon Valley, our Santa Clara Valley roots are based in hard work and agriculture. That’s why I’m proud to have secured $250,000 in federal funding to help restore and improve…",2026-09-22T16:30:39.342Z,2026-09-22T16:30:43.969Z,2026-09-22T16:43:30Z,usrepjimmypanetta.bsky.social,did:plc:jajnyiri7cozd4f2luqty5ow,0,0,1,0,https://bsky.app/profile/usrepjimmypanetta.bsky.social/post/3mw4nlljeg22d,technology
at://did:plc:jajnyiri7cozd4f2luqty5ow/app.bsky.feed.post/3mw4nlljgek2d,…our beloved park in South San Jose to help carry forward the low-technology vision of the Cottle family for generations to come.,2026-09-22T16:30:39.343Z,2026-09-22T16:30:43.995Z,2026-09-22T16:43:30Z,usrepjimmypanetta.bsky.social,did:plc:jajnyiri7cozd4f2luqty5ow,0,0,0,0,https://bsky.app/profile/usrepjimmypanetta.bsky.social/post/3mw4nlljgek2d,technology
at://did:plc:dtxwxb2zy2pgzenlm4ljhyb5/app.bsky.feed.post/3mw4nloa7pk2o,"“Some people might think, wow, this is really, really cool, and the technology is really cool. But people around here, we’re thinking, ‘Ugh, is there anything we can do to stop this?’ We can’t live like this.”",2026-09-22T16:30:42.191Z,2026-09-22T16:30:43.371Z,2026-09-22T16:43:30Z,michaelkruse.bsky.social,did:plc:dtxwxb2zy2pgzenlm4ljhyb5,2,1,0,0,https://bsky.app/profile/michaelkruse.bsky.social/post/3mw4nloa7pk2o,technology
at://did:plc:s35egybwf5xtggeeq5o67a2c/app.bsky.feed.post/3mw4nlt5js22j,,2026-09-22T16:30:47Z,2026-09-22T16:30:48.163Z,2026-09-22T16:43:30Z,capelle-ad.bsky.social,did:plc:s35egybwf5xtggeeq5o67a2c,0,0,0,0,https://bsky.app/profile/capelle-ad.bsky.social/post/3mw4nlt5js22j,iphone
at://did:plc:div23ozjwvv4pqxxun5gpvtu/app.bsky.feed.post/3mw4nlxq4d227,My effort to reframe the narrative behind technology bans from tech determinism to one centered on our collective power to shape technology thereader.mitpress.mit.edu/teen-social-...,2026-09-22T16:30:52.148Z,2026-09-22T16:30:53.661Z,2026-09-22T16:43:30Z,mimiito.bsky.social,did:plc:div23ozjwvv4pqxxun5gpvtu,0,0,0,0,https://bsky.app/profile/mimiito.bsky.social/post/3mw4nlxq4d227,technology
at://did:plc:ucpo22xozj74ikdehhqkhfdz/app.bsky.feed.post/3mw4nm5pfg22s,Will AI really kill us all? The science behind the hype www.nature.com/articles/d41...,2026-09-22T16:30:58.414Z,2026-09-22T16:31:06.359Z,2026-09-22T16:43:30Z,rogerhighfield.bsky.social,did:plc:ucpo22xozj74ikdehhqkhfdz,1,0,0,0,https://bsky.app/profile/rogerhighfield.bsky.social/post/3mw4nm5pfg22s,technology
at://did:plc:wufuavqkdj2ebbipzrh5nru4/app.bsky.feed.post/3mw4nm7szi227,i need to understand 3d butthole technology .,2026-09-22T16:31:00.628Z,2026-09-22T16:31:00.760Z,2026-09-22T16:43:30Z,steelymaiden.bsky.social,did:plc:wufuavqkdj2ebbipzrh5nru4,0,0,0,0,https://bsky.app/profile/steelymaiden.bsky.social/post/3mw4nm7szi227,technology
at://did:plc:b4ecjpvu4bkaneg4ykcebtph/app.bsky.feed.post/3mw4nmpmyv22s,"Learning goes beyond the syllabus! 🎓 At Galgotias University, students can explore new technologies through workshops, projects, hackathons, clubs, and hands-on activities. 💻✨
#GalgotiasUniversity #Technology #StudentLife #CampusLife",2026-09-22T16:31:17.211Z,2026-09-22T16:31:19.459Z,2026-09-22T16:43:30Z,tanvisinghtanya.bsky.social,did:plc:b4ecjpvu4bkaneg4ykcebtph,0,0,0,0,https://bsky.app/profile/tanvisinghtanya.bsky.social/post/3mw4nmpmyv22s,technology
at://did:plc:hmtbe2a5xzwqxhqtfgyfmcwa/app.bsky.feed.post/3mw4nmrcucv2t,"All in One Vlogging Kit for iPhone & Android Phone, Content Creator… → now $34.99, 34% off
https://www.amazon.com/dp/B0GY37WCZB?tag=birdxdeal-20 #all #one",2026-09-22T16:31:18Z,2026-09-22T16:31:19.171Z,2026-09-22T16:43:30Z,birdxdealss.bsky.social,did:plc:hmtbe2a5xzwqxhqtfgyfmcwa,0,0,0,0,https://bsky.app/profile/birdxdealss.bsky.social/post/3mw4nmrcucv2t,iphone
at://did:plc:gnp7fvmywewdqaptwjyq3piv/app.bsky.feed.post/3mw4nmqyy3j2z,,2026-09-22T16:31:18Z,2026-09-22T16:31:19.671Z,2026-09-22T16:43:30Z,krimpen-ad.bsky.social,did:plc:gnp7fvmywewdqaptwjyq3piv,0,0,0,0,https://bsky.app/profile/krimpen-ad.bsky.social/post/3mw4nmqyy3j2z,iphone
at://did:plc:o72qk7hnk7z44bcjnytojr7n/app.bsky.feed.post/3mw4nnr57gk25,"My wife got one a while back, I wanna say pre-COVID, I had no idea how it worked but after we moved last year, I started getting super fascinated by its capabilities. Eventually I saw Technology Connections' video on air fryers and I learned the shocking truth 🤣",2026-09-22T16:31:52.347Z,2026-09-22T16:31:52.557Z,2026-09-22T16:43:30Z,drummerfromfife.bsky.social,did:plc:o72qk7hnk7z44bcjnytojr7n,1,0,1,0,https://bsky.app/profile/drummerfromfife.bsky.social/post/3mw4nnr57gk25,technology
at://did:plc:7a4qbw7neeanelywj7hfypca/app.bsky.feed.post/3mw4no2gacs22,"📷 #iPhone12Pro 

#iPhone #iPhonephotography 
#RockinTuesday
#streetphotography #scape #ECK
#urbangaze #ExploreSTL 
#ratkeydesigns #forestparkpassport #STL #SLAM #arthistory #museum #missouri #WeekendAdventure 
@forestparkforever.bsky.social",2026-09-22T16:32:02.075Z,2026-09-22T16:32:08.468Z,2026-09-22T16:43:30Z,ratkeydesigns.bsky.social,did:plc:7a4qbw7neeanelywj7hfypca,0,0,0,0,https://bsky.app/profile/ratkeydesigns.bsky.social/post/3mw4no2gacs22,iphone
at://did:plc:bk2rsuppft7i6r6voztdlcy2/app.bsky.feed.post/3mw4no6vwql2e,"How iPhone 15 and 16 Owners Can Claim Up to $95 Compensation

Eligibility Overview Apple has opened a reimbursement program for owners of the iPhone 15 and iPhone 16 models. The offer covers devices that

https://bloggersminds.com/post/how-iphone-15-and-16-owners-can-claim-up-to-95-compensation-6391",2026-09-22T16:32:03.000Z,2026-09-22T16:32:07.576Z,2026-09-22T16:43:30Z,bloggersminds.com,did:plc:bk2rsuppft7i6r6voztdlcy2,0,0,0,0,https://bsky.app/profile/bloggersminds.com/post/3mw4no6vwql2e,Apple iPhone
at://did:plc:nqtvf3wbm5krfsk265hfq6zy/app.bsky.feed.post/3mw4noleul22d,For me being born in 06 i feel like technology has just been the same thing but improved noticeably with just a few small branches dying out.,2026-09-22T16:32:19.856Z,2026-09-22T16:32:20.967Z,2026-09-22T16:43:30Z,minusocto.bsky.social,did:plc:nqtvf3wbm5krfsk265hfq6zy,0,0,0,0,https://bsky.app/profile/minusocto.bsky.social/post/3mw4noleul22d,technology
at://did:plc:v4dovqiz42gfzcgx2o4v2t4b/app.bsky.feed.post/3mw4non6t2s22,"I'm not a boomer or accelerationist but I do have a lot of concerns with our current trajectory and do believe in the rapidly evolving capabilities of this technology. I by no means think there is a foregone conclusion on the tech's end state nor its place in our society, but have thoughts on it.",2026-09-22T16:32:21.090Z,2026-09-22T16:32:21.890Z,2026-09-22T16:43:30Z,jmstilb.bsky.social,did:plc:v4dovqiz42gfzcgx2o4v2t4b,0,0,0,0,https://bsky.app/profile/jmstilb.bsky.social/post/3mw4non6t2s22,technology
at://did:plc:uvsb2zkvbrppkuznkj2drwdv/app.bsky.feed.post/3mw4nottxes2w,"Can anyone use uses @alchemyrpg.bsky.social help me out? I got the new Daggerheart hope and fear expansion but its not letting me add the content to my game and when I try to make a new game it ONLY lets me pick the hope and fear content, not the original. Am I doing somethign wrong here???",2026-09-22T16:32:28.744Z,2026-09-22T16:32:29.750Z,2026-09-22T16:43:30Z,redclawdraws.bsky.social,did:plc:uvsb2zkvbrppkuznkj2drwdv,6,4,2,0,https://bsky.app/profile/redclawdraws.bsky.social/post/3mw4nottxes2w,technology
at://did:plc:b736kxrxqaccfwwvmha63up5/app.bsky.feed.post/3mw4npxbgke2a,"The Working Families Party is pivoting to make AI its top issue, backing a pause on advanced AI, a superintelligence ban, and job programs for displaced workers, framed as 'people versus machines.'
Progressives Plan to Capitalize on the AI Backlash",2026-09-22T16:33:05.000Z,2026-09-22T16:33:06.561Z,2026-09-22T16:43:30Z,justsayin18.bsky.social,did:plc:b736kxrxqaccfwwvmha63up5,0,0,0,0,https://bsky.app/profile/justsayin18.bsky.social/post/3mw4npxbgke2a,technology
at://did:plc:qkngjd6e73mlgschga4s5mwv/app.bsky.feed.post/3mw4nqdpfoe2e,,2026-09-22T16:33:18Z,2026-09-22T16:33:20.062Z,2026-09-22T16:43:30Z,barendrecht-ad.bsky.social,did:plc:qkngjd6e73mlgschga4s5mwv,0,0,0,0,https://bsky.app/profile/barendrecht-ad.bsky.social/post/3mw4nqdpfoe2e,iphone
at://did:plc:q7dvojl76xfwipo225qebnad/app.bsky.feed.post/3mw4nqomm222h,"It’s still in progress but would you say the 5.56 hypervelocity project is likely a similar end state to the shift to 9mm as the ammo technology got better and more research was done? Absolutley more nuanced than that, but the general gist of it?",2026-09-22T16:33:30.368Z,2026-09-22T16:33:32.872Z,2026-09-22T16:43:30Z,never-say-die.bsky.social,did:plc:q7dvojl76xfwipo225qebnad,3,0,1,0,https://bsky.app/profile/never-say-die.bsky.social/post/3mw4nqomm222h,technology
at://did:plc:vzx3pr4klx7i3bg2pt2sngif/app.bsky.feed.post/3mw4nrd6sk22l,"Artificial intelligence destroys the enemy while the operator is safe: the head of the AI ​​center ""A1"" at the Ministry of Defense on the future of technology in war

armyinform.com.ua/2026/09/22/s...",2026-09-22T16:33:51.936Z,2026-09-22T16:33:55.764Z,2026-09-22T16:43:30Z,ukbastard.bsky.social,did:plc:vzx3pr4klx7i3bg2pt2sngif,2,0,0,0,https://bsky.app/profile/ukbastard.bsky.social/post/3mw4nrd6sk22l,technology
at://did:plc:y6wiq3dypucnacxdikepidgw/app.bsky.feed.post/3mw4nrfhbk22b,"Recovery without the trip to the spa. 🔥 Relax Saunas @realrelaxsaunas brings FAR infrared technology home for a more accessible way to unwind and support recovery, even with a busy schedule.

IG: @realrelaxsaunas
Website: relaxsaunas.com

#RelaxSaunas #BiohackYourself #Recovery",2026-09-22T16:33:53.755678914Z,2026-09-22T16:33:55.859Z,2026-09-22T16:43:30Z,biohackyourselfmag.bsky.social,did:plc:y6wiq3dypucnacxdikepidgw,0,0,0,0,https://bsky.app/profile/biohackyourselfmag.bsky.social/post/3mw4nrfhbk22b,technology
at://did:plc:dcba2lvrti2zpgl4xjeaekfo/app.bsky.feed.post/3mw4nrkp2222k,,2026-09-22T16:33:59.809Z,2026-09-22T16:34:01.070Z,2026-09-22T16:43:30Z,pseudonic.bsky.social,did:plc:dcba2lvrti2zpgl4xjeaekfo,1,0,0,0,https://bsky.app/profile/pseudonic.bsky.social/post/3mw4nrkp2222k,technology
at://did:plc:7a4qbw7neeanelywj7hfypca/app.bsky.feed.post/3mw4nrmmxic22,"📷 #iPhone12Pro 

#iPhone #iPhonephotography 
#RockinTuesday
#streetphotography #scape #ECK
#urbangaze #ExploreSTL 
#ratkeydesigns
#forestparkpassport #STL #SLAM #arthistory #museum #missouri #WeekendAdventure 
@forestparkforever.bsky.social",2026-09-22T16:34:01.835Z,2026-09-22T16:34:08.660Z,2026-09-22T16:43:30Z,ratkeydesigns.bsky.social,did:plc:7a4qbw7neeanelywj7hfypca,0,0,0,0,https://bsky.app/profile/ratkeydesigns.bsky.social/post/3mw4nrmmxic22,iphone
at://did:plc:gwzc6lrhzxrkxwuu66l7ycr4/app.bsky.feed.post/3mw4nrodxas2q,"iPhone duo買おうと思いよるよぉ🤥
そのお金でスマホとiPad買えるとかいう気持ちもまあ分かるんだけどねぇ🤥
1日の中で最も触ってるものだからねぇ🤥",2026-09-22T16:34:03.637Z,2026-09-22T16:34:05.763Z,2026-09-22T16:43:30Z,youmeemee.bsky.social,did:plc:gwzc6lrhzxrkxwuu66l7ycr4,5,0,3,0,https://bsky.app/profile/youmeemee.bsky.social/post/3mw4nrodxas2q,iphone
at://did:plc:ur22zlgwhucsly6kfqeb5qty/app.bsky.feed.post/3mw4nsfptuk2c,venturebeat.com/technology/g...,2026-09-22T16:34:28.147Z,2026-09-22T16:34:30.765Z,2026-09-22T16:43:30Z,glennthimmes.bsky.social,did:plc:ur22zlgwhucsly6kfqeb5qty,0,0,0,0,https://bsky.app/profile/glennthimmes.bsky.social/post/3mw4nsfptuk2c,technology
at://did:plc:n2wtla6czvo6xdohffxnarld/app.bsky.feed.post/3mw4nshkbea2x,"Discover the thought-provoking insights of ""Humazon."" This article delves into the intersection of humanity and technology, exploring our evolving relationship with AI. Join the conversation and share your thoughts on how innovation shapes our future! #Humazon #AI #F…

https://hughhowey.com/humazon/",2026-09-22T16:34:30.024Z,2026-09-22T16:34:31.257Z,2026-09-22T16:43:30Z,winsontang.com,did:plc:n2wtla6czvo6xdohffxnarld,0,0,0,0,https://bsky.app/profile/winsontang.com/post/3mw4nshkbea2x,technology
at://did:plc:cwueuvau3tw2k5kiphnadl77/app.bsky.feed.post/3mw4nt7d5nc2b,"Technology so why I don’t read for leisure anymore too. 

Another story in and of itself.",2026-09-22T16:34:54.994Z,2026-09-22T16:34:55.259Z,2026-09-22T16:43:30Z,addismama.com,did:plc:cwueuvau3tw2k5kiphnadl77,0,0,0,0,https://bsky.app/profile/addismama.com/post/3mw4nt7d5nc2b,technology
at://did:plc:iawbne4iufnctzudibx6uwmc/app.bsky.feed.post/3mw4nu7lsks2l,"今、Googleフォトに動画以外の写真を全て預けてるから毎日1年分ずつ絶対iPhoneにも残したい写真以外を削除していってるんだけど削除しながらその頃に付き合ってた人の事も引っ張られて思い出されて嫌な気分や悲しい気分になってちょっと辛い…
けど、2020年分までは削除できた！
あと、6年分か。
頑張ろう。",2026-09-22T16:35:28.831Z,2026-09-22T16:35:29.172Z,2026-09-22T16:43:30Z,ichigo24399886.bsky.social,did:plc:iawbne4iufnctzudibx6uwmc,0,0,0,0,https://bsky.app/profile/ichigo24399886.bsky.social/post/3mw4nu7lsks2l,iphone
at://did:plc:rftyyngruchiqwvo7elpsbtc/app.bsky.feed.post/3mw4nuaekkk26,"So? 
Which has become my take on a pretty much any story about the cosmos. In the earlier days of space exploration the crossover in to serving humanity with products and technology took place. Now it just feels like a ""frontier"" that has no practical application to human life.",2026-09-22T16:35:29.643Z,2026-09-22T16:35:32.359Z,2026-09-22T16:43:30Z,hikeitup.bsky.social,did:plc:rftyyngruchiqwvo7elpsbtc,0,0,0,0,https://bsky.app/profile/hikeitup.bsky.social/post/3mw4nuaekkk26,technology
at://did:plc:ot7fa2b52nu24nlv33xyxqhn/app.bsky.feed.post/3mw4nue5vek2c,"And yet they are unable to actually prove any of this exists. (I recognize there is fraud, but I’d like to see actual EVIDENCE of what it is, how much there is, etc.) Technology is a tool. It is not evidence.",2026-09-22T16:35:33.615Z,2026-09-22T16:35:34.261Z,2026-09-22T16:43:30Z,blondejustice.bsky.social,did:plc:ot7fa2b52nu24nlv33xyxqhn,1,0,0,0,https://bsky.app/profile/blondejustice.bsky.social/post/3mw4nue5vek2c,technology
at://did:plc:m2yuqynl2cttvi4k5453yegh/app.bsky.feed.post/3mw4nurzlbsu2,"📰 **How to add extra Ethernet ports if your router doesn't have enough**

Ethernet ports are often in short supply. If you run low, a cheap device lets you add more to your existing router without fuss.

📰 Source: Engadget - Technology News & Expert […] 

[Original post on igeek.gamer-geek-news.com]",2026-09-22T16:35:44.000Z,2026-09-22T16:35:51.890Z,2026-09-22T16:43:30Z,feed.igeek.gamer-geek-news.com.ap.brid.gy,did:plc:m2yuqynl2cttvi4k5453yegh,0,0,0,0,https://bsky.app/profile/feed.igeek.gamer-geek-news.com.ap.brid.gy/post/3mw4nurzlbsu2,technology
at://did:plc:f7mvqhxa46ll6lst7kghmdsr/app.bsky.feed.post/3mw4nuu22a62t,"Palo Alto Launches Continuous Multi-Model AI Defense

#ArtificialIntelligence #Technology",2026-09-22T16:35:50.164Z,2026-09-22T16:35:51.757Z,2026-09-22T16:43:30Z,theamericanquorum.bsky.social,did:plc:f7mvqhxa46ll6lst7kghmdsr,0,0,0,0,https://bsky.app/profile/theamericanquorum.bsky.social/post/3mw4nuu22a62t,technology
at://did:plc:kssigjywwudpbcyd75vd4avk/app.bsky.feed.post/3mw4nvod3en2g,"Gemini out of control in cyber tests: the Google case reopens the issue of AI transparency

https://www.theindex.it/approfondimenti/2026-09-20-gemini-fuori-controllo-nei-test-cyber-il-caso-google-riapre-il-nodo-della-trasparenza-sull-ai.html

#Technology #Google #Gemini #Irregular #Openai",2026-09-22T16:36:17Z,2026-09-22T16:36:18.060Z,2026-09-22T16:43:30Z,the-index.bsky.social,did:plc:kssigjywwudpbcyd75vd4avk,0,0,0,0,https://bsky.app/profile/the-index.bsky.social/post/3mw4nvod3en2g,technology
at://did:plc:2j6dznyckhp42qxhemxrsy5f/app.bsky.feed.post/3mw4nvx7ejk2j,"[Breaking] Rat Brain AI Comes to AWS! Biocomputing Revolutionizes Video Generation

▼Read More
https://tech-matome.com/archives/46317",2026-09-22T16:36:26.594865+00:00,2026-09-22T16:36:27.366Z,2026-09-22T16:43:30Z,aitechmatome-eng.bsky.social,did:plc:2j6dznyckhp42qxhemxrsy5f,0,0,1,0,https://bsky.app/profile/aitechmatome-eng.bsky.social/post/3mw4nvx7ejk2j,technology
at://did:plc:2j6dznyckhp42qxhemxrsy5f/app.bsky.feed.post/3mw4nw4oduo2j,"The Biological Computing Company (TBC), a startup building AI using rat brain cell neural patterns, is receiving major support from Amazon. Soon, select AWS customers will be able to access TBC's ""rat brain"" AI models through a limited preview. This technology aims to improve the perfor...",2026-09-22T16:36:32.766580+00:00,2026-09-22T16:36:33.858Z,2026-09-22T16:43:30Z,aitechmatome-eng.bsky.social,did:plc:2j6dznyckhp42qxhemxrsy5f,0,0,0,0,https://bsky.app/profile/aitechmatome-eng.bsky.social/post/3mw4nw4oduo2j,technology
at://did:plc:xdxc36djm5cnsbuxtk5ydc34/app.bsky.feed.post/3mw4nw6b2js2y,"If you really want to sell it, technology",2026-09-22T16:36:34.535Z,2026-09-22T16:36:32.961Z,2026-09-22T16:43:30Z,wanderingincode.bsky.social,did:plc:xdxc36djm5cnsbuxtk5ydc34,1,0,0,0,https://bsky.app/profile/wanderingincode.bsky.social/post/3mw4nw6b2js2y,technology
at://did:plc:7a4qbw7neeanelywj7hfypca/app.bsky.feed.post/3mw4nws5awk22,"📷 #iPhone12Pro 

#iPhone #iPhonephotography 
#RockinTuesday
#streetphotography #scape #ECK
#urbangaze #ExploreSTL 
#ratkeydesigns #forestparkpassport #STL #SLAM #arthistory #museum #missouri #WeekendAdventure 
@forestparkforever.bsky.social",2026-09-22T16:36:55.383Z,2026-09-22T16:37:02.260Z,2026-09-22T16:43:30Z,ratkeydesigns.bsky.social,did:plc:7a4qbw7neeanelywj7hfypca,0,0,0,0,https://bsky.app/profile/ratkeydesigns.bsky.social/post/3mw4nws5awk22,iphone
at://did:plc:rwyn2e7jpkbhgnmruwj5tqoq/app.bsky.feed.post/3mw4nx45ym22y,"All over the world, regardless of race or religion, human people agree on:

1. Submarine technology

2. Guns and bullets

3. Fighter jets

4. Bombs and traps

All humanity agrees on hate",2026-09-22T16:37:05.897Z,2026-09-22T16:37:06.758Z,2026-09-22T16:43:30Z,roundsparrow.bsky.social,did:plc:rwyn2e7jpkbhgnmruwj5tqoq,0,0,0,0,https://bsky.app/profile/roundsparrow.bsky.social/post/3mw4nx45ym22y,technology
at://did:plc:wkry5uxcnexieegbymjdqnwt/app.bsky.feed.post/3mw4nymsm4s26,"""It’s now increasingly obvious that Trump and his administration view AI technology as something akin to a large, dangerous dog that only a masculine owner can control.""

is everyone just
exhausted by this whole mode or",2026-09-22T16:37:56.903Z,2026-09-22T16:37:57.573Z,2026-09-22T16:43:30Z,theravenof.bsky.social,did:plc:wkry5uxcnexieegbymjdqnwt,1,1,0,0,https://bsky.app/profile/theravenof.bsky.social/post/3mw4nymsm4s26,technology
at://did:plc:bx2one6aaewknjwqo4d56tpe/app.bsky.feed.post/3mw4nzndkoc2q,Here’s how to get your share of Apple’s $250 million iPhone settlement.,2026-09-22T16:38:31.014Z,2026-09-22T16:38:33.360Z,2026-09-22T16:43:30Z,djnoneya.bsky.social,did:plc:bx2one6aaewknjwqo4d56tpe,1,0,0,0,https://bsky.app/profile/djnoneya.bsky.social/post/3mw4nzndkoc2q,iphone
at://did:plc:6lgvutvz3xaeecpkqu7qmrqd/app.bsky.feed.post/3mw4nzrz4xf2i,"🚀 Tech Boss is officially live on Bluesky!

We cover cutting-edge Artificial Intelligence, Cybersecurity, High-Performance Computing, and Next-Gen Tech.

Explore our latest 2026 guides & benchmarks:
https://imtechboss.com

#TechBoss #AI #Technology",2026-09-22T16:38:33.069Z,2026-09-22T16:38:36.660Z,2026-09-22T16:43:30Z,imtechboss.bsky.social,did:plc:6lgvutvz3xaeecpkqu7qmrqd,1,0,0,0,https://bsky.app/profile/imtechboss.bsky.social/post/3mw4nzrz4xf2i,technology
at://did:plc:r4ve5hjtfjubdwrvlxcad62e/app.bsky.feed.post/3mw4nzzjhg32x,"US President Donald Trump firmly rejects calls for international supervision of artificial intelligence, calling them a 'globalist scheme' to control the new technology u.afp.com/S9ZR",2026-09-22T16:38:43.760Z,2026-09-22T16:38:44.565Z,2026-09-22T16:43:30Z,en.afp.com,did:plc:r4ve5hjtfjubdwrvlxcad62e,3,2,3,0,https://bsky.app/profile/en.afp.com/post/3mw4nzzjhg32x,technology
at://did:plc:uf6566ur4zv2h7yl4les2ygh/app.bsky.feed.post/3mw4o2iloch2v,"Have an Apple iPhone 15 or 16? How to file a claim for up to $95.

The claims window is open until Dec. 21, 2026. To file a claim, iPhone users must enter basic personal info and their iPhone's serial number.",2026-09-22T16:38:59Z,2026-09-22T16:39:00.772Z,2026-09-22T16:43:30Z,umlegacypress.com,did:plc:uf6566ur4zv2h7yl4les2ygh,0,0,0,0,https://bsky.app/profile/umlegacypress.com/post/3mw4o2iloch2v,Apple iPhone
at://did:plc:rghsmk5gzlb7s2tv5olsc2jk/app.bsky.feed.post/3mw4o37tx252e,"Shuffling the deck chairs: Xbox continues its ""reset"" with dramatic restructuring #Technology 

https://arstechnica.com/gaming/2026/09/shuffling-the-deck-chairs-xbox-continues-its-reset-with-dramatic-restructuring/",2026-09-22T16:39:23+00:00,2026-09-22T16:39:24.863Z,2026-09-22T16:43:30Z,puretech.news,did:plc:rghsmk5gzlb7s2tv5olsc2jk,0,0,0,0,https://bsky.app/profile/puretech.news/post/3mw4o37tx252e,technology
at://did:plc:rghsmk5gzlb7s2tv5olsc2jk/app.bsky.feed.post/3mw4o3g7i2p2z,"Stolen passwords are exposing America’s water providers to hackers #Technology 

https://techcrunch.com/2026/09/22/stolen-passwords-are-exposing-americas-water-providers-to-hackers/",2026-09-22T16:39:30+00:00,2026-09-22T16:39:31.359Z,2026-09-22T16:43:30Z,puretech.news,did:plc:rghsmk5gzlb7s2tv5olsc2jk,0,0,0,0,https://bsky.app/profile/puretech.news/post/3mw4o3g7i2p2z,technology
at://did:plc:rghsmk5gzlb7s2tv5olsc2jk/app.bsky.feed.post/3mw4o3odrb52z,"WhatsApp Expands Emoji Reactions On Apple Watch  #Technology 

https://www.ubergizmo.com/2026/09/whatsapp-expands-emoji-reactions-on-apple-watch/",2026-09-22T16:39:38+00:00,2026-09-22T16:39:39.877Z,2026-09-22T16:43:30Z,puretech.news,did:plc:rghsmk5gzlb7s2tv5olsc2jk,0,0,0,0,https://bsky.app/profile/puretech.news/post/3mw4o3odrb52z,technology
at://did:plc:mwehoqjsw2n6momyz7s2zrjs/app.bsky.feed.post/3mw4o3thhec26,www.bloomberg.com/news/article...,2026-09-22T16:39:44.539Z,2026-09-22T16:39:45.369Z,2026-09-22T16:43:30Z,keithseibert.bsky.social,did:plc:mwehoqjsw2n6momyz7s2zrjs,0,0,0,0,https://bsky.app/profile/keithseibert.bsky.social/post/3mw4o3thhec26,technology
at://did:plc:tz7qf6mdveu43sunaf7q6i2c/app.bsky.feed.post/3mw4o4kkwh22q,"Die Sterne haben geleuchtet ☺️
Aber das alte iPhone konnte sie nicht abbilden",2026-09-22T16:40:08.773Z,2026-09-22T16:40:09.172Z,2026-09-22T16:43:30Z,jensandmie.bsky.social,did:plc:tz7qf6mdveu43sunaf7q6i2c,0,0,0,0,https://bsky.app/profile/jensandmie.bsky.social/post/3mw4o4kkwh22q,iphone
at://did:plc:metfmtcpbeajktexcobrusgv/app.bsky.feed.post/3mw4o4l5vuk2w,"Notable also that Google search sucked ass long before the integration of AI, and few were moaning then about data centers and disinformation with respect to that technology.",2026-09-22T16:40:09.395Z,2026-09-22T16:40:09.665Z,2026-09-22T16:43:30Z,arhanlon.bsky.social,did:plc:metfmtcpbeajktexcobrusgv,0,0,0,0,https://bsky.app/profile/arhanlon.bsky.social/post/3mw4o4l5vuk2w,technology
at://did:plc:iipowqhztticiguaxkwgtiwt/app.bsky.feed.post/3mw4o4ocdov2k,🇺🇸🤖 Trump says whoever wins the race wins EVERYTHING. The president says America is way ahead of China in superintelligence and has no plans to slow down a technology he believes could be bigger than the Industrial Revolution or the internet.,2026-09-22T16:40:12.662Z,2026-09-22T16:40:13.575Z,2026-09-22T16:43:30Z,ownfeed.bsky.social,did:plc:iipowqhztticiguaxkwgtiwt,0,0,1,0,https://bsky.app/profile/ownfeed.bsky.social/post/3mw4o4ocdov2k,technology
at://did:plc:dr7d5ttuffzav56yispr4bp7/app.bsky.feed.post/3mw4o4qmghz24,"In ThePrint, Ashutosh Varshney writes that AI's rapid rise carries both promise and peril, and that political choices, not just technology, will determine how nations like India manage its benefits and disruptions.

https://ow.ly/6HAX50ZQ7LJ",2026-09-22T16:40:13.729932627Z,2026-09-22T16:40:15.957Z,2026-09-22T16:43:30Z,watsonschoolbrown.bsky.social,did:plc:dr7d5ttuffzav56yispr4bp7,0,0,0,0,https://bsky.app/profile/watsonschoolbrown.bsky.social/post/3mw4o4qmghz24,technology
at://did:plc:bxgndd5cko5zmeyvle2fga2z/app.bsky.feed.post/3mw4o57figm2e,"Kyriakos Mitsotakis: At the headquarters of Nvidia and Sequoia Capital in California, the prime minister

Kyriakos Mitsotakis visited the headquarters of Nvidia and Sequoia Capital, in California. There the prime minister met with top company executives and researchers in the field of technology.…",2026-09-22T16:40:30Z,2026-09-22T16:40:30.767Z,2026-09-22T16:43:30Z,247bulletin-news.bsky.social,did:plc:bxgndd5cko5zmeyvle2fga2z,0,0,0,0,https://bsky.app/profile/247bulletin-news.bsky.social/post/3mw4o57figm2e,technology
at://did:plc:hslirr7h6d7livppaxty435b/app.bsky.feed.post/3mw4o5bdnof2p,Kia Reveals Competitive Pricing for the 2027 K5 Sedan #USA #Irvine #Kia_America #Kia_K5 #Sedan_2027,2026-09-22T16:40:31Z,2026-09-22T16:40:33.860Z,2026-09-22T16:43:30Z,newsen.bsky.social,did:plc:hslirr7h6d7livppaxty435b,0,0,0,0,https://bsky.app/profile/newsen.bsky.social/post/3mw4o5bdnof2p,technology
at://did:plc:vifof4tbn5o34m22o3iqvhyu/app.bsky.feed.post/3mw4o5hwksk27," Bob’s Picture of the Day
#Photography, #Calibrachoa, #Flowers, #BloomScrolling, #PhotoOfTheDay, #PhotographersOnBluesky, #ArtistsOnBluesky, #DailyPhoto, #iPhone",2026-09-22T16:40:39.562Z,2026-09-22T16:40:43.171Z,2026-09-22T16:43:30Z,bobsegel.com,did:plc:vifof4tbn5o34m22o3iqvhyu,15,3,0,0,https://bsky.app/profile/bobsegel.com/post/3mw4o5hwksk27,iphone
at://did:plc:hr2dvukcr6to5t5yu5dtud7u/app.bsky.feed.post/3mw4o5w4sws2c,"Trump says he’s renaming AI to ‘super intelligence’

www.washingtonpost.com/technology/2... Ironically Trump is Super stupid.  #technology #ai",2026-09-22T16:40:54.446Z,2026-09-22T16:40:57.057Z,2026-09-22T16:43:30Z,lorink99.bsky.social,did:plc:hr2dvukcr6to5t5yu5dtud7u,0,0,0,0,https://bsky.app/profile/lorink99.bsky.social/post/3mw4o5w4sws2c,technology
at://did:plc:tn6v3urv7ncmalxzjh7n2lic/app.bsky.feed.post/3mw4o67xfhy2g,"Chief Technology Officer with Clera
💰 €60K to €100K a year
Remote from Germany, Spain
→ https://ku.bz/Bdg0Z1GdD

Machine Learning Engineer with Clera
💰 €80K to €130K a year
Remote from Germany
→ https://ku.bz/3n25KCHqf",2026-09-22T16:41:04.614Z,2026-09-22T16:41:04.891Z,2026-09-22T16:43:30Z,kube.careers,did:plc:tn6v3urv7ncmalxzjh7n2lic,0,0,1,0,https://bsky.app/profile/kube.careers/post/3mw4o67xfhy2g,technology
at://did:plc:uuapzflmtlqfioxofqjld3z2/app.bsky.feed.post/3mw4o6p4xtl2l,"Don't let the AI be responsible for enforcing the security boundary that contains the AI.

We can use this technology AND build it securely. Let's talk about how. 👇

https://twp.ai/IluY7b
4/4",2026-09-22T16:41:20.000Z,2026-09-22T16:41:20.766Z,2026-09-22T16:43:30Z,shehackspurple.bsky.social,did:plc:uuapzflmtlqfioxofqjld3z2,1,0,0,0,https://bsky.app/profile/shehackspurple.bsky.social/post/3mw4o6p4xtl2l,technology
at://did:plc:xi7wlc4r3gudj7iq6c4sp7zx/app.bsky.feed.post/3mw4o6uo4t32r,"
McKinsey Technology Trends Outlook 2026",2026-09-22T16:41:26.437Z,2026-09-22T16:41:27.473Z,2026-09-22T16:43:30Z,japi.bsky.social,did:plc:xi7wlc4r3gudj7iq6c4sp7zx,0,0,0,0,https://bsky.app/profile/japi.bsky.social/post/3mw4o6uo4t32r,technology
at://did:plc:6lgvutvz3xaeecpkqu7qmrqd/app.bsky.feed.post/3mw4o6z6cuc2r,"🔥 Apple iPhone 18 Pro Max Global Launch: A20 Pro 2nm Chip, Variable Aperture & Satellite 5G Tested

Read the full guide on Tech Boss 👇
https://imtechboss.com/post?id=apple-iphone-18-pro-max-official-review-specs-2026

#iPhone18ProMax #AppleA20Pro #Smartphones",2026-09-22T16:41:28.965Z,2026-09-22T16:41:31.674Z,2026-09-22T16:43:30Z,imtechboss.bsky.social,did:plc:6lgvutvz3xaeecpkqu7qmrqd,0,0,0,0,https://bsky.app/profile/imtechboss.bsky.social/post/3mw4o6z6cuc2r,Apple iPhone
at://did:plc:hmtbe2a5xzwqxhqtfgyfmcwa/app.bsky.feed.post/3mw4o6ybibr2y,"Acer Gadget Auto Face Tracking Tripod for iPhone – Magnetic Phone… → now $53.98, 33% off
https://www.amazon.com/dp/B0GWD89DRZ?tag=birdxdeal-20 #acer #gadget",2026-09-22T16:41:29Z,2026-09-22T16:41:30.462Z,2026-09-22T16:43:30Z,birdxdealss.bsky.social,did:plc:hmtbe2a5xzwqxhqtfgyfmcwa,0,0,0,0,https://bsky.app/profile/birdxdealss.bsky.social/post/3mw4o6ybibr2y,iphone
at://did:plc:qpmvodc3mb5wzztzizxvwjvd/app.bsky.feed.post/3mw4o75vki22e,Super Hyper Intelligence Technology,2026-09-22T16:41:36.152Z,2026-09-22T16:41:36.457Z,2026-09-22T16:43:30Z,darrenfewins.bsky.social,did:plc:qpmvodc3mb5wzztzizxvwjvd,0,0,0,0,https://bsky.app/profile/darrenfewins.bsky.social/post/3mw4o75vki22e,technology
at://did:plc:auk4xklydfg2s6o6olr2pyus/app.bsky.feed.post/3mw4o7uwlr22b,"Meet the Roboticist Making Machines that Give Back to Nature

Throughout her career, roboticist Barbara Mazzolai has turned to nature for inspiration. Now she wants to ensure the technology she builds gives back to the environment, too. After starting her career as a biologist, a chance opportunity…",2026-09-22T16:42:00Z,2026-09-22T16:42:01.262Z,2026-09-22T16:43:30Z,bestdealssnews.bsky.social,did:plc:auk4xklydfg2s6o6olr2pyus,0,0,0,0,https://bsky.app/profile/bestdealssnews.bsky.social/post/3mw4o7uwlr22b,technology
at://did:plc:z2gn6i6xo6agbb3vy4qrnixs/app.bsky.feed.post/3mw4oa2r74k2x,"I’m very tempted to transplant my fresh little seedlings into their main pots while I’m gone and put my trust in the technology I’ve put into the grow room. 

Will the “AI” camera be able to identify what my seedlings need?

Will I lose three seedlings over the weekend?

#growyourown #cannabis",2026-09-22T16:42:06.417Z,2026-09-22T16:42:10.760Z,2026-09-22T16:43:30Z,dopedevices.bsky.social,did:plc:z2gn6i6xo6agbb3vy4qrnixs,2,1,0,0,https://bsky.app/profile/dopedevices.bsky.social/post/3mw4oa2r74k2x,technology
at://did:plc:5jjr5huwgfg37bqmjskyzoyr/app.bsky.feed.post/3mw4oaeskd22s," Senate Minority Leader Chuck Schumer is warned President Donald Trump against loosening controls on sales of advanced AI chips to China, calling the president’s approach to the issue counterproductive even as the White House seeks U.S. domination of the technology. Punchbowl News",2026-09-22T16:42:16.941Z,2026-09-22T16:42:17.364Z,2026-09-22T16:43:30Z,mftf.bsky.social,did:plc:5jjr5huwgfg37bqmjskyzoyr,0,0,0,0,https://bsky.app/profile/mftf.bsky.social/post/3mw4oaeskd22s,technology
at://did:plc:nebq3ng4wnb3t23g355e5ai5/app.bsky.feed.post/3mw4oajqlws2p,"""I've worked for vanishingly few companies who support coding the right way. Not even Microsoft or Adobe have a good system in place. (I'll happily admit that the electronics company LG allows for proper time estimates and security coding ... I always buy technology from them!)""

(21/?)",2026-09-22T16:42:22.128Z,2026-09-22T16:42:25.168Z,2026-09-22T16:43:30Z,sylvanscott.bsky.social,did:plc:nebq3ng4wnb3t23g355e5ai5,0,0,1,0,https://bsky.app/profile/sylvanscott.bsky.social/post/3mw4oajqlws2p,technology
at://did:plc:6lml2b73fazegcwy6gbxeyuc/app.bsky.feed.post/3mw4oao2uqk2h,"centuries that children (0-15 traditionally) must be taught learning how to learn and knowing how to know before being given access to technology that interferes with that development. AI is a tool for adults. It must be regulated as such. However, the problems created by the institutional ....",2026-09-22T16:42:26.659Z,2026-09-22T16:42:26.959Z,2026-09-22T16:43:30Z,kltblom.bsky.social,did:plc:6lml2b73fazegcwy6gbxeyuc,0,0,0,0,https://bsky.app/profile/kltblom.bsky.social/post/3mw4oao2uqk2h,technology
at://did:plc:pa3hpjk7ksgrn7mjqaizqfzq/app.bsky.feed.post/3mw4oaokiqk27,"OK… re: me and generative AI… 
My main objection to it is the environmental damage it's doing. The data centres, mainly. The roll out of this technology has undone whatever little progress the world made since 2019 & it is setting us up to blow out any climate target we ever had or will have.",2026-09-22T16:42:27.171Z,2026-09-22T16:42:27.664Z,2026-09-22T16:43:30Z,pauldechene.bsky.social,did:plc:pa3hpjk7ksgrn7mjqaizqfzq,1,0,1,0,https://bsky.app/profile/pauldechene.bsky.social/post/3mw4oaokiqk27,technology
at://did:plc:xbxkpzf6yz5hscyj5epml4v3/app.bsky.feed.post/3mw4oazyybs2i,we don't talk enough about how hard smartphones would be for some characters,2026-09-22T16:42:39.177Z,2026-09-22T16:42:40.167Z,2026-09-22T16:43:30Z,fractalchurn.bsky.social,did:plc:xbxkpzf6yz5hscyj5epml4v3,0,0,0,0,https://bsky.app/profile/fractalchurn.bsky.social/post/3mw4oazyybs2i,iphone
at://did:plc:qobvnkudcv3zlaklxxjduqoi/app.bsky.feed.post/3mw4ob6iyug2x,"It’s now increasingly obvious that Trump and his administration view AI technology as something akin to a large, dangerous dog that only a masculine owner can control.",2026-09-22T16:42:43.048Z,2026-09-22T16:42:44.568Z,2026-09-22T16:43:30Z,motherjones.com,did:plc:qobvnkudcv3zlaklxxjduqoi,29,7,4,0,https://bsky.app/profile/motherjones.com/post/3mw4ob6iyug2x,technology
at://did:plc:ue2lccon7x7eedrx3r6gclg3/app.bsky.feed.post/3mw4ob5twu22b,"na hora que vi aquela cortina pensei na cor do novo iphone, a tradição kkkkkkkkkkkkkk",2026-09-22T16:42:43.208Z,2026-09-22T16:42:44.071Z,2026-09-22T16:43:30Z,whiteflowrs.bsky.social,did:plc:ue2lccon7x7eedrx3r6gclg3,0,0,0,0,https://bsky.app/profile/whiteflowrs.bsky.social/post/3mw4ob5twu22b,iphone
at://did:plc:beyyrcdo4y7kr3czbjds7z5t/app.bsky.feed.post/3mw4obfcois2v,"This is the same technology that took out the school in Iran? What are we doing? For this and many, many other reasons. Not gonna lie, not gonna fly.
Also, look at Duffy, a prime member of the #CabinetTools 
www.politico.com/news/2026/09...",2026-09-22T16:42:51.031Z,2026-09-22T16:42:52.768Z,2026-09-22T16:43:30Z,drplaid.bsky.social,did:plc:beyyrcdo4y7kr3czbjds7z5t,0,0,0,0,https://bsky.app/profile/drplaid.bsky.social/post/3mw4obfcois2v,technology
at://did:plc:fkcbk7igbey6chvnxuw22fqe/app.bsky.feed.post/3mw4obrua4c2k,"RIP Mike Beigel, co-founder of Mu-Tron and a genuine pioneer of audio effects and technology. I had the chance to interview Mike some years ago, which resulted in this video. If you enjoy the tones of Stevie Wonder or Jerry Garcia in the '70s, you can thank Mike.

www.youtube.com/watch?v=RJ4f...",2026-09-22T16:43:04.189Z,2026-09-22T16:43:05.570Z,2026-09-22T16:43:30Z,danorkin.bsky.social,did:plc:fkcbk7igbey6chvnxuw22fqe,0,0,0,0,https://bsky.app/profile/danorkin.bsky.social/post/3mw4obrua4c2k,technology
at://did:plc:vql7r2rrd3jiqo7rf5ljr7y7/app.bsky.feed.post/3mw4obxywzs2f,"Ossoff: ""I think the use of deep fake technology in political ads is meant to deceive voters .....

No shit?

REPUBLICANS LIE CONSTANTLY AND AI IS A TOOL TO INCREASE LYING.",2026-09-22T16:43:10.636Z,2026-09-22T16:43:10.969Z,2026-09-22T16:43:30Z,doczombie.bsky.social,did:plc:vql7r2rrd3jiqo7rf5ljr7y7,0,0,0,0,https://bsky.app/profile/doczombie.bsky.social/post/3mw4obxywzs2f,technology
at://did:plc:7a4qbw7neeanelywj7hfypca/app.bsky.feed.post/3mw4oclbz4s22,"📷 #iPhone12Pro 

#iPhone #iPhonephotography 
#RockinTuesday
#streetphotography #scape #ECK
#urbangaze #ExploreSTL 
#ratkeydesigns #forestparkpassport #STL #SLAM #arthistory #museum #missouri #WeekendAdventure 
@forestparkforever.bsky.social",2026-09-22T16:43:30.853Z,2026-09-22T16:43:37.364Z,2026-09-22T16:43:30Z,ratkeydesigns.bsky.social,did:plc:7a4qbw7neeanelywj7hfypca,0,0,0,0,https://bsky.app/profile/ratkeydesigns.bsky.social/post/3mw4oclbz4s22,iphone
at://did:plc:vxv5tfxszwan5x4j6gnpiuf7/app.bsky.feed.post/3mw4oczofkc2x,Ich glaube ich musste bei der Lohnarbeit die fragile Männlichkeit vor einem violette iPhone retten.,2026-09-22T16:43:45.939Z,2026-09-22T16:43:46.257Z,2026-09-22T16:43:30Z,tortenboden.bsky.social,did:plc:vxv5tfxszwan5x4j6gnpiuf7,1,0,0,0,https://bsky.app/profile/tortenboden.bsky.social/post/3mw4oczofkc2x,iphone
at://did:plc:4ehwev2fj6abwre76wypebp3/app.bsky.feed.post/3mw4odltl7d2x,"Submissions to the CAM Division should focus on media or technologies aimed at, used by, or affecting children and adolescents, generally from birth through the late teenage years. Research addressing parents’ and caregivers’ perspectives on children’s media and technology use is also welcome.",2026-09-22T16:44:03.224Z,2026-09-22T16:44:06.597Z,2026-09-22T16:43:30Z,merylalper.bsky.social,did:plc:4ehwev2fj6abwre76wypebp3,0,0,1,0,https://bsky.app/profile/merylalper.bsky.social/post/3mw4odltl7d2x,technology
at://did:plc:t2twdzx7kiudzcad7qs4pydf/app.bsky.feed.post/3mw4oea7scc2v,"> China seems to be engaging in a different AI race altogether. The Chinese government has already built a more extensive regulatory environment for governing how the technology interacts with users. 

restofworld.org/2026/america...",2026-09-22T16:44:26.356Z,2026-09-22T16:44:31.370Z,2026-09-22T16:43:30Z,pheras.bsky.social,did:plc:t2twdzx7kiudzcad7qs4pydf,0,0,0,0,https://bsky.app/profile/pheras.bsky.social/post/3mw4oea7scc2v,technology
at://did:plc:aogdurvzsxrrj6oxtrqvqkmy/app.bsky.feed.post/3mw4ofyf3pmh2,"Curiosidad: A un conocido, VoiceOver le pone como separador éste carácter:  que yo no consigo reproducir en Mi iPhone:
Alguien sabe qué es? Eventualmente: Como eliminarlo? Gracias!",2026-09-22T16:44:47.000Z,2026-09-22T16:45:30.558Z,2026-09-22T16:43:30Z,tiflonet.mastodon.social.ap.brid.gy,did:plc:aogdurvzsxrrj6oxtrqvqkmy,0,0,0,0,https://bsky.app/profile/tiflonet.mastodon.social.ap.brid.gy/post/3mw4ofyf3pmh2,iphone
at://did:plc:drsnaacuirl7vhuler6uz7hm/app.bsky.feed.post/3mw4ofdx2bs2w,I can foresee absolutely no problem arising from this technology.,2026-09-22T16:45:03.819Z,2026-09-22T16:45:05.064Z,2026-09-22T16:43:30Z,makizdat.bsky.social,did:plc:drsnaacuirl7vhuler6uz7hm,0,0,0,0,https://bsky.app/profile/makizdat.bsky.social/post/3mw4ofdx2bs2w,technology
at://did:plc:4xz7semddxtxso6cduahjkil/app.bsky.feed.post/3mw4ofhfacq75,Mdsss como demora esse update do Apple Watch,2026-09-22T16:45:07.429Z,2026-09-22T16:45:09.959Z,2026-09-22T16:43:30Z,eusoujulia.com.br,did:plc:4xz7semddxtxso6cduahjkil,0,0,0,0,https://bsky.app/profile/eusoujulia.com.br/post/3mw4ofhfacq75,iphone
at://did:plc:hmtbe2a5xzwqxhqtfgyfmcwa/app.bsky.feed.post/3mw4ofqzg7a2n,"MOSNOVO Case for iPhone 15, [Buffertech 6.6ft Military-Grade Drop… → now $19.99, 33% off
https://www.amazon.com/dp/B0CD7PP4L9?tag=birdxdeal-20 #mosnovo #case",2026-09-22T16:45:16Z,2026-09-22T16:45:17.859Z,2026-09-22T16:43:30Z,birdxdealss.bsky.social,did:plc:hmtbe2a5xzwqxhqtfgyfmcwa,0,0,0,0,https://bsky.app/profile/birdxdealss.bsky.social/post/3mw4ofqzg7a2n,iphone
at://did:plc:ofj53qpqcno5lgavemtskg5x/app.bsky.feed.post/3mw4ogeu6i225,"it is hard to avoid entirely when it is built into everything. This was a decision based on the human and environmental impact of this technology.

I don't consider myself an AI hater but I do hate the attitudes of some people who are very into AI and chatbots. Not to mention",2026-09-22T16:45:38.301Z,2026-09-22T16:45:38.809Z,2026-09-22T16:43:30Z,diviningiynx.bsky.social,did:plc:ofj53qpqcno5lgavemtskg5x,0,0,1,0,https://bsky.app/profile/diviningiynx.bsky.social/post/3mw4ogeu6i225,technology
at://did:plc:ofj53qpqcno5lgavemtskg5x/app.bsky.feed.post/3mw4ogeubfs25,"released and distributed in a different manner due to the differences in technology and scale, but I am not sure what that looks like.

Stepping away from AI has been difficult. As someone who lives with DID it is very hard to sustain attention to complete things and if someone leaves the front",2026-09-22T16:45:38.303Z,2026-09-22T16:45:38.860Z,2026-09-22T16:43:30Z,diviningiynx.bsky.social,did:plc:ofj53qpqcno5lgavemtskg5x,0,0,1,0,https://bsky.app/profile/diviningiynx.bsky.social/post/3mw4ogeubfs25,technology
at://did:plc:7iht34ecggshxxbhwawk2bgk/app.bsky.feed.post/3mw4ogevu6s2m,¡XIAOMI SE HA PASADO! 😱 EL 18 Fold puede HUMILLAR al iPhone DUO. Ya en el canal: youtu.be/JW7lzwX2Efs,2026-09-22T16:45:38.382Z,2026-09-22T16:45:41.068Z,2026-09-22T16:43:30Z,elrincondechina.bsky.social,did:plc:7iht34ecggshxxbhwawk2bgk,0,0,0,0,https://bsky.app/profile/elrincondechina.bsky.social/post/3mw4ogevu6s2m,iphone
at://did:plc:t4sc25pzyplsuw2tdeumqz65/app.bsky.feed.post/3mw4ohcf5qc2n,"India is bringing smartphone glass screen protectors under compulsory BIS registration from April 1, 2027.

Here’s what the rule means for users and manufacturers.

itmatterss.in/gadget-world...

#bis #smartphones #technology #india",2026-09-22T16:46:09.293Z,2026-09-22T16:46:11.873Z,2026-09-22T16:43:30Z,itmatterss.bsky.social,did:plc:t4sc25pzyplsuw2tdeumqz65,0,0,0,0,https://bsky.app/profile/itmatterss.bsky.social/post/3mw4ohcf5qc2n,technology
at://did:plc:t6yoa3hgrqrzhu7fxg3fjb5d/app.bsky.feed.post/3mw4ohodypk24,"Jeffries takes a meeting with Kushner: pitchforks

Bernie “unites” with Bannon, Mandani smiles beside Trump: silence",2026-09-22T16:46:21.833Z,2026-09-22T16:46:23.958Z,2026-09-22T16:43:30Z,nemontemi.bsky.social,did:plc:t6yoa3hgrqrzhu7fxg3fjb5d,0,0,0,0,https://bsky.app/profile/nemontemi.bsky.social/post/3mw4ohodypk24,technology
at://did:plc:wody3qxokodnoah6eut3nveo/app.bsky.feed.post/3mw4ohzd24c26,"Trump is a one-track thinker. He thinks calling AI “super intelligence” will end the wide-ranging suspicion of the technology and the people pursuing it in a manner even they acknowledge is reckless. But he thinks it’s a branding issue. Sorry, Donny, but no. #ai

www.reuters.com/legal/govern...",2026-09-22T16:46:33.339Z,2026-09-22T16:46:35.873Z,2026-09-22T16:43:30Z,drgonzo2022.bsky.social,did:plc:wody3qxokodnoah6eut3nveo,0,0,0,0,https://bsky.app/profile/drgonzo2022.bsky.social/post/3mw4ohzd24c26,technology
at://did:plc:3fplnsevjnbsdqono6ungh6w/app.bsky.feed.post/3mw4oi3tajc2e,"Most of the technology industry would understand it to mean Systems Integrator, typically technology service providers like Accenture, IBM, TCS, Wipro etc (accepting that those companies often to other things as well).",2026-09-22T16:46:35.969Z,2026-09-22T16:46:36.464Z,2026-09-22T16:43:30Z,amhoward.bsky.social,did:plc:3fplnsevjnbsdqono6ungh6w,0,0,0,0,https://bsky.app/profile/amhoward.bsky.social/post/3mw4oi3tajc2e,technology
at://did:plc:5uvup5wdsap5kleyhrm4rbl7/app.bsky.feed.post/3mw4oihs4hs2j,"Sure Donny. Way to focus on the war, the economy, and agricultural collapse.

Trump says he’s renaming AI to ‘super intelligence’

www.washingtonpost.com/technology/2...",2026-09-22T16:46:48.511Z,2026-09-22T16:46:51.626Z,2026-09-22T16:43:30Z,ex-rino.bsky.social,did:plc:5uvup5wdsap5kleyhrm4rbl7,0,0,0,0,https://bsky.app/profile/ex-rino.bsky.social/post/3mw4oihs4hs2j,technology
at://did:plc:rh35ferej2e34fgivflmq2fc/app.bsky.feed.post/3mw4oiuqozd2q,"Join JusticeAid for ""Seizing Control: ICE, Mass Surveillance, and the Dismantling of the Fourth Amendment,"" a free, in-person public forum, to unpack the growing tension between immigration enforcement, surveillance technology, and Fourth Amendment rights—and what it means for all of us.",2026-09-22T16:47:01.918Z,2026-09-22T16:47:02.864Z,2026-09-22T16:43:30Z,classacthr73.bsky.social,did:plc:rh35ferej2e34fgivflmq2fc,0,0,0,0,https://bsky.app/profile/classacthr73.bsky.social/post/3mw4oiuqozd2q,technology
at://did:plc:rdmm34z65ll6hftc5bgahykx/app.bsky.feed.post/3mw4ojl2zhs2d,"I have no idea what the hell happened but the tv that I’ve had for LESS THAN A YEAR seems to have died in the beginning of the week when I want nothing more from my lunch break than to veg out in front of a murder. 

I hate technology",2026-09-22T16:47:25.503Z,2026-09-22T16:47:26.077Z,2026-09-22T16:43:30Z,mightybattlecat.bsky.social,did:plc:rdmm34z65ll6hftc5bgahykx,0,0,0,0,https://bsky.app/profile/mightybattlecat.bsky.social/post/3mw4ojl2zhs2d,technology
at://did:plc:7m5jzs5qovltw37mdpehn64r/app.bsky.feed.post/3mw4oju5ld22b,"We have turned away from the path that led to today's functional technology (all based on physics created early 20th century by actual scientists, i.e., thinkers vs p-hacks) and some progress towards a rational society--in favor of rule of the lowest common denominator and self-contented stupidity.",2026-09-22T16:47:35.028Z,2026-09-22T16:47:36.858Z,2026-09-22T16:43:30Z,gdaltonbentley.bsky.social,did:plc:7m5jzs5qovltw37mdpehn64r,0,0,0,0,https://bsky.app/profile/gdaltonbentley.bsky.social/post/3mw4oju5ld22b,technology
at://did:plc:pa3hpjk7ksgrn7mjqaizqfzq/app.bsky.feed.post/3mw4ojuwh7s27,"You've decided that you're going to contribute to the spread of a technology that is cooking the planet just so you can make some trivial fucking bullshit. 

""But all technology cooks the planet..."" 

NOT LIKE THIS, MY DUDE.",2026-09-22T16:47:35.844Z,2026-09-22T16:47:36.358Z,2026-09-22T16:43:30Z,pauldechene.bsky.social,did:plc:pa3hpjk7ksgrn7mjqaizqfzq,0,0,0,0,https://bsky.app/profile/pauldechene.bsky.social/post/3mw4ojuwh7s27,technology
at://did:plc:4y7bypfkgtz6l5utri4fmxjy/app.bsky.feed.post/3mw47ilxdhy2f,"Apple has officially stopped signing iOS 26.6.2, blocking iPhone users on iOS 27 from downgrading back to iOS 26. Read more on the latest update:

https://macbreeze.com/apple-stops-signing-ios-26-6-2-downgrade/

#Apple #iOS27 #iPhone #TechNews",2026-09-22T18:18:25+06:00,2026-09-22T12:18:27.168Z,2026-09-22T16:43:30Z,macbreeze.bsky.social,did:plc:4y7bypfkgtz6l5utri4fmxjy,0,0,0,0,https://bsky.app/profile/macbreeze.bsky.social/post/3mw47ilxdhy2f,Apple iPhone
at://did:plc:pfy6356qs7lj365z5mouungw/app.bsky.feed.post/3mw4ns74piv2l,"La manette Xbox en vente flash à 42€ : le bon plan pour jouer sur iPhone, iPad, Mac et PC !",2026-09-22T18:34:20.783992Z,2026-09-22T16:34:22.062Z,2026-09-22T16:43:30Z,mac4ever.bsky.social,did:plc:pfy6356qs7lj365z5mouungw,0,0,0,0,https://bsky.app/profile/mac4ever.bsky.social/post/3mw4ns74piv2l,iphone
at://did:plc:tnfqyyktoyszfco5lcxnyiax/app.bsky.feed.post/3mw4m3db7ck2l,"Apple has added persistent 'ads' to iOS, and it's driving users crazy https://www.techradar.com/phones/iphone/i-wish-apple-would-just-stop-that-crap-apple-has-added-persistent-ads-to-ios-and-its-driving-users-crazy (http://news.ycombinator.com/item?id=49801939)",2026-09-22T19:03:39+03:00,2026-09-22T16:03:40.263Z,2026-09-22T16:43:30Z,newsyc200.bsky.social,did:plc:tnfqyyktoyszfco5lcxnyiax,0,0,0,0,https://bsky.app/profile/newsyc200.bsky.social/post/3mw4m3db7ck2l,Apple iPhone
at://did:plc:ngq4y7h2tlxtn6qi6zokimms/app.bsky.feed.post/3mw4n6uypyp2g,"Apple has added persistent 'ads' to iOS, and it's driving users crazy https://www.techradar.com/phones/iphone/i-wish-apple-would-just-stop-that-crap-apple-has-added-persistent-ads-to-ios-and-its-driving-users-crazy (http://news.ycombinator.com/item?id=49801939)",2026-09-22T19:23:31+03:00,2026-09-22T16:23:33.264Z,2026-09-22T16:43:30Z,newsyc250.bsky.social,did:plc:ngq4y7h2tlxtn6qi6zokimms,0,0,0,0,https://bsky.app/profile/newsyc250.bsky.social/post/3mw4n6uypyp2g,Apple iPhone
at://did:plc:jrsl4nxyqa3mmlmhwv4gpx6b/app.bsky.feed.post/3mw4es5vu4v2y,"iPhone 18 Proが母艦からミラーリングで繋がらない顛末を書いた。機種変とmacOSバージョンアップを同時にやったので、どっちが悪いのかよくわからんが何とかなった。
--
macOS 27でiPhoneミラーリングが「ペアリングが進行中」のまま接続できない場合の対処 #Mac - Qiita https://qiita.com/ohtsuka/items/e6a103269d1020d24076",2026-09-22T22:53:14+09:00,2026-09-22T13:53:17.066Z,2026-09-22T16:43:30Z,ohtsuka.bsky.social,did:plc:jrsl4nxyqa3mmlmhwv4gpx6b,0,0,0,0,https://bsky.app/profile/ohtsuka.bsky.social/post/3mw4es5vu4v2y,iphone
at://did:plc:3hjj6wzstzbzxkda72mvofcz/app.bsky.feed.post/3mw4f7yp6ge2l,[PGX] 新型iPhone 18および初の折りたたみモデルiPhone Duoに関するアンケートの結果、回答者の6割以上が購入予定なしと回答した。理由は、現行機種への満足感に加え、価格の高騰への懸念が強く、スペックに対するコストパフォーマンスに疑問を持つユーザーが多いことが判明した。 https://news.yahoo.co.jp/articles/23ce4cadc776b4397f72c1fa0febd844e6c02fed,2026-09-22T23:00:59+09:00,2026-09-22T14:01:01.665Z,2026-09-22T16:43:30Z,hanaguro.bsky.social,did:plc:3hjj6wzstzbzxkda72mvofcz,0,0,1,0,https://bsky.app/profile/hanaguro.bsky.social/post/3mw4f7yp6ge2l,Apple iPhone
at://did:plc:3hjj6wzstzbzxkda72mvofcz/app.bsky.feed.post/3mw4gxox5jj2l,[PGX] Appleは折りたたみ式スマートフォンiPhone Duo向けに専用の小型Apple Pencilを開発していましたが、技術的問題により量産前に計画を中止しました。代替策として、既存のApple Pencil（USB-C）を2026年内に対応させる計画です。iPhone Duoは日本で10月23日に発売されますが、発売時点ではペンが利用できず、年内のアップデートを待つ必要があります。 https://www.zaikei.co.jp/article/20260922/870863.html,2026-09-22T23:32:07+09:00,2026-09-22T14:32:10.569Z,2026-09-22T16:43:30Z,hanaguro.bsky.social,did:plc:3hjj6wzstzbzxkda72mvofcz,0,0,1,0,https://bsky.app/profile/hanaguro.bsky.social/post/3mw4gxox5jj2l,Apple iPhone
at://did:plc:3hjj6wzstzbzxkda72mvofcz/app.bsky.feed.post/3mw4lyaesxk2p,[PGX] Appleから初の折りたたみ型スマートフォンiPhone Duoが登場しました。7.6インチのメイン画面と5.4インチのサブ画面を備え、折り目が目立ちにくい設計が特徴です。A20 Proチップを搭載し、AI機能にも対応していますが、価格は36万4800円からと非常に高額です。10月16日に予約が開始され、23日に発売される予定となっています。 https://news.yahoo.co.jp/articles/15bb0deca91d34b0a1a2a8f1f0c639ece188b763?page=2,2026-09-23T01:01:54+09:00,2026-09-22T16:01:57.368Z,2026-09-22T16:43:30Z,hanaguro.bsky.social,did:plc:3hjj6wzstzbzxkda72mvofcz,0,0,1,0,https://bsky.app/profile/hanaguro.bsky.social/post/3mw4lyaesxk2p,Apple iPhone
